quốc gia,mã,nhóm sản phẩm,từ khóa,lượt tìm kiếm/tháng,chi phí đầu trang (USD),chi phí thấp nhất (USD),cạnh tranh
Úc,AU,gia dụng,air fryer,90500,1.35,0.14,Cao
Úc,AU,gia dụng,robot vacuum,49500,1.85,0.36,Cao
Úc,AU,gia dụng,ninja air fryer,49500,1.94,0.12,Cao
Úc,AU,gia dụng,robot vacuum cleaner,49500,1.85,0.36,Cao
Úc,AU,gia dụng,automatic vacuum cleaner,49500,1.85,0.36,Cao
Úc,AU,gia dụng,robot vacuum and mop,40500,1.73,0.41,Cao
Úc,AU,gia dụng,airfryer,27100,1.31,0.14,Cao
Úc,AU,gia dụng,philips air fryer,18100,1.00,0.18,Cao
Úc,AU,gia dụng,ecovac,18100,3.78,0.47,Cao
Úc,AU,gia dụng,best robot vacuum and mop,9900,1.63,0.33,Cao
Úc,AU,gia dụng,robovac,9900,1.68,0.33,Cao
Úc,AU,gia dụng,dyson robot vacuum,9900,1.94,0.28,Cao
Úc,AU,gia dụng,best robot vacuum,8100,1.48,0.36,Cao
Úc,AU,gia dụng,best robot vacuum cleaner,8100,1.48,0.36,Cao
Úc,AU,gia dụng,best automatic vacuum,8100,1.48,0.36,Cao
Úc,AU,gia dụng,roomba,6600,3.70,0.32,Cao
Úc,AU,gia dụng,best air fryer,6600,1.34,0.12,Cao
Úc,AU,gia dụng,ecovacs deebot,6600,2.70,0.46,Cao
Úc,AU,gia dụng,tefal air fryer,5400,0.60,0.15,Cao
Úc,AU,gia dụng,eufy robot vacuum,5400,1.03,0.20,Cao
Úc,AU,gia dụng,dreame vacuum,5400,1.84,0.40,Cao
Úc,AU,gia dụng,ninja foodi,4400,0.75,0.08,Cao
Úc,AU,gia dụng,aldi air fryer,4400,0.42,0.03,Cao
Úc,AU,gia dụng,eufy robovac,3600,1.04,0.21,Cao
Úc,AU,gia dụng,deebot,3600,1.47,0.32,Cao
Úc,AU,gia dụng,vacuum mop,3600,1.51,0.27,Cao
Úc,AU,gia dụng,russell hobbs air fryer,3600,1.08,0.12,Cao
Úc,AU,gia dụng,ninja air fryer dual,2900,1.95,0.19,Cao
Úc,AU,gia dụng,mini air fryer,2900,1.35,0.14,Cao
Úc,AU,gia dụng,roborock vacuum,2900,2.16,0.48,Cao
Úc,AU,gia dụng,roomba vacuum,2400,2.15,0.30,Cao
Úc,AU,gia dụng,breville air fryer,2400,0.42,0.09,Cao
Úc,AU,gia dụng,stainless steel air fryer,2400,1.45,0.27,Cao
Úc,AU,gia dụng,fryer,2400,2.21,0.20,Cao
Úc,AU,gia dụng,large air fryer,2400,1.36,0.20,Cao
Úc,AU,gia dụng,small air fryer,2400,1.34,0.17,Cao
Úc,AU,gia dụng,ninja multi cooker,2400,0.64,0.06,Cao
Úc,AU,gia dụng,ninja foodi dual zone air fryer,2400,1.94,0.21,Thấp
Úc,AU,gia dụng,ninja grill,1900,0.65,0.05,Cao
Úc,AU,gia dụng,air fryer ninja,1900,1.94,0.15,Cao
Úc,AU,gia dụng,robot mop,1900,1.63,0.60,Cao
Úc,AU,gia dụng,air fryer philips,1900,1.00,0.18,Cao
Úc,AU,gia dụng,ninja dual zone air fryer,1900,1.95,0.25,Cao
Úc,AU,gia dụng,vacuum and mop in one,1900,1.20,0.24,Cao
Úc,AU,gia dụng,dual air fryer,1600,1.34,0.21,Cao
Úc,AU,gia dụng,double air fryer,1600,1.32,0.20,Cao
Úc,AU,gia dụng,air fryers on sale,1600,0.63,0.13,Cao
Úc,AU,gia dụng,eufy vacuum,1600,1.02,0.18,Cao
Úc,AU,gia dụng,white air fryer,1600,1.56,0.27,Cao
Úc,AU,gia dụng,best robot vacuum for pet hair,1300,1.80,0.47,Cao
Úc,AU,gia dụng,cuisinart air fryer,1300,1.25,0.13,Cao
Úc,AU,gia dụng,best airfryer,1300,1.33,0.13,Cao
Úc,AU,gia dụng,philips xxl airfryer,1300,0.91,0.22,Cao
Úc,AU,gia dụng,cheap air fryer,1300,1.31,0.10,Cao
Úc,AU,gia dụng,robot cleaner,1300,2.21,0.51,Cao
Úc,AU,gia dụng,xiaomi robot vacuum,1300,0.95,0.18,Cao
Úc,AU,gia dụng,shark robot vacuum,1000,1.07,0.22,Cao
Úc,AU,gia dụng,ninja foodi air fryer,1000,1.94,0.14,Cao
Úc,AU,gia dụng,airfryer philips,1000,0.84,0.17,Cao
Úc,AU,gia dụng,instant pot air fryer,1000,0.70,0.14,Cao
Úc,AU,gia dụng,ninja pressure cooker,1000,0.58,0.06,Cao
Úc,AU,gia dụng,ninja cooker,1000,0.74,0.08,Cao
Úc,AU,gia dụng,samsung robot vacuum,1000,1.54,0.44,Cao
Úc,AU,làm đẹp,dyson hair dryer,40500,2.18,0.45,Cao
Úc,AU,làm đẹp,hair dryer,33100,2.17,0.21,Cao
Úc,AU,làm đẹp,cerave moisturizing cream,33100,0.80,0.14,Cao
Úc,AU,làm đẹp,korean skincare,27100,1.68,0.41,Cao
Úc,AU,làm đẹp,korean skin care,27100,1.68,0.41,Cao
Úc,AU,làm đẹp,skin care,22200,4.20,1.17,Cao
Úc,AU,làm đẹp,cerave cleanser,18100,0.82,0.15,Cao
Úc,AU,làm đẹp,cetaphil moisturizer,18100,1.09,0.15,Cao
Úc,AU,làm đẹp,dove body wash,14800,1.17,0.19,Cao
Úc,AU,làm đẹp,niacinamide serum,12100,2.10,0.62,Cao
Úc,AU,làm đẹp,cetaphil gentle skin cleanser,12100,1.32,0.18,Cao
Úc,AU,làm đẹp,cerave hydrating cleanser,12100,1.11,0.21,Cao
Úc,AU,làm đẹp,bubble skincare,12100,0.96,0.15,Cao
Úc,AU,làm đẹp,moisturizer for dry skin,12100,1.90,0.67,Cao
Úc,AU,làm đẹp,shark hair dryer,9900,2.14,0.09,Cao
Úc,AU,làm đẹp,dyson supersonic hair dryer,9900,2.52,0.57,Cao
Úc,AU,làm đẹp,shark blow dryer,9900,2.14,0.09,Cao
Úc,AU,làm đẹp,hair diffuser,9900,2.89,0.39,Cao
Úc,AU,làm đẹp,cetaphil cleanser,8100,1.28,0.16,Cao
Úc,AU,làm đẹp,face wash,8100,4.36,0.63,Cao
Úc,AU,làm đẹp,garnier vitamin c serum,8100,0.88,0.07,Cao
Úc,AU,làm đẹp,la roche posay cleanser,8100,0.77,0.12,Cao
Úc,AU,làm đẹp,dyson supersonic,6600,2.10,0.62,Cao
Úc,AU,làm đẹp,dyson hairdryer,6600,2.10,0.62,Cao
Úc,AU,làm đẹp,eye cream,6600,2.84,0.41,Cao
Úc,AU,làm đẹp,shark hair styler,6600,2.43,0.07,Cao
Úc,AU,làm đẹp,salicylic acid cleanser,6600,2.55,0.88,Cao
Úc,AU,làm đẹp,eye cream for dark circles,6600,2.00,0.43,Cao
Úc,AU,làm đẹp,blow dryer,6600,2.62,0.23,Cao
Úc,AU,làm đẹp,face moisturizer,6600,3.20,0.77,Cao
Úc,AU,làm đẹp,blow dryer brush,6600,2.77,0.29,Cao
Úc,AU,làm đẹp,bondi boost blowout brush,6600,0.73,0.22,Cao
Úc,AU,làm đẹp,cerave foaming cleanser,6600,1.02,0.21,Cao
Úc,AU,làm đẹp,paula's choice bha,5400,4.26,0.39,Cao
Úc,AU,làm đẹp,retinol cream,5400,2.09,0.60,Cao
Úc,AU,làm đẹp,ghd hair dryer,5400,1.12,1.11,Cao
Úc,AU,làm đẹp,body lotion,5400,3.58,0.39,Cao
Úc,AU,làm đẹp,cleanser,5400,3.58,0.82,Cao
Úc,AU,làm đẹp,parlux hair dryer,5400,1.32,0.43,Cao
Úc,AU,làm đẹp,nivea cream,5400,2.33,0.10,Cao
Úc,AU,làm đẹp,dyson hair,4400,1.83,0.37,Cao
Úc,AU,làm đẹp,oil cleanser,4400,2.24,0.57,Cao
Úc,AU,làm đẹp,face cleanser,4400,3.61,0.86,Cao
Úc,AU,làm đẹp,cerave foaming facial cleanser,4400,0.99,0.20,Trung bình
Úc,AU,làm đẹp,olay moisturizer,4400,0.76,0.11,Cao
Úc,AU,làm đẹp,skin care products,3600,4.02,1.31,Cao
Úc,AU,làm đẹp,olay regenerist,3600,0.97,0.21,Cao
Úc,AU,làm đẹp,laifen hair dryer,3600,2.20,0.14,Cao
Úc,AU,làm đẹp,timeless vitamin c,3600,2.34,0.26,Cao
Úc,AU,làm đẹp,moisturizer with spf,3600,2.46,0.78,Cao
Úc,AU,làm đẹp,best hair dryer,2900,2.26,0.39,Cao
Úc,AU,làm đẹp,best moisturizer for dry skin,2900,2.33,0.80,Cao
Úc,AU,làm đẹp,cetaphil moisturizing cream,2900,1.03,0.14,Trung bình
Úc,AU,làm đẹp,hair dryer brush,2900,2.74,0.26,Cao
Úc,AU,làm đẹp,clinique moisturizer,2900,1.28,0.24,Cao
Úc,AU,làm đẹp,rhode skincare,2900,0.58,0.04,Cao
Úc,AU,làm đẹp,blowout brush,2900,2.76,0.37,Cao
Úc,AU,làm đẹp,best eye cream,2400,2.47,0.56,Cao
Úc,AU,làm đẹp,best skin care products,2400,3.05,1.09,Cao
Úc,AU,làm đẹp,best face moisturizer,2400,2.36,0.75,Cao
Úc,AU,làm đẹp,stretch mark cream,2400,4.19,1.38,Cao
Úc,AU,làm đẹp,best moisturizer,2400,3.07,0.83,Cao
Úc,AU,làm đẹp,best lip balm,2400,1.55,0.17,Cao
Úc,AU,làm đẹp,cerave moisturizer,2400,0.89,0.13,Cao
Úc,AU,làm đẹp,moisturizer for oily skin,2400,2.27,0.66,Cao
Úc,AU,làm đẹp,cetaphil lotion,2400,1.04,0.18,Cao
Úc,AU,làm đẹp,best facial cleanser,2400,2.48,0.83,Cao
Úc,AU,làm đẹp,travel hair dryer,2400,1.72,0.19,Cao
Úc,AU,làm đẹp,foot cream,2400,2.97,0.33,Cao
Úc,AU,làm đẹp,eltamd sunscreen,1900,2.40,0.35,Cao
Úc,AU,làm đẹp,the ordinary skincare,1900,1.13,0.19,Cao
Úc,AU,làm đẹp,best eye cream for dark circles,1900,2.17,0.59,Cao
Úc,AU,làm đẹp,retinol eye cream,1900,2.25,0.35,Cao
Úc,AU,làm đẹp,olay retinol 24,1900,0.89,0.16,Cao
Úc,AU,làm đẹp,tinted lip balm,1900,1.83,0.28,Cao
Úc,AU,làm đẹp,oil free moisturizer,1900,2.44,0.89,Cao
Úc,AU,làm đẹp,the ordinary squalane cleanser,1900,1.05,0.17,Cao
Úc,AU,làm đẹp,shark hair,1900,2.16,0.04,Cao
Úc,AU,làm đẹp,skincare set,1900,2.48,0.84,Cao
Úc,AU,làm đẹp,the ordinary glycolic acid 7 toning solution,1900,1.25,0.16,Thấp
Úc,AU,làm đẹp,diffuser hair dryer,1900,2.80,0.36,Cao
Úc,AU,làm đẹp,neutrogena moisturizer,1900,1.87,0.31,Cao
Úc,AU,làm đẹp,dyson hair dryer sale,1600,2.82,0.50,Cao
Úc,AU,làm đẹp,estee lauder eye cream,1600,1.77,0.27,Cao
Úc,AU,làm đẹp,sunscreen for face,1600,2.29,0.68,Cao
Úc,AU,làm đẹp,kiehl's eye cream,1600,0.96,0.16,Cao
Úc,AU,làm đẹp,peter thomas roth eye cream,1600,0.70,0.19,Cao
Úc,AU,làm đẹp,clinique dramatically different moisturizing lotion,1600,1.57,0.27,Cao
Úc,AU,làm đẹp,the ordinary serum,1600,0.53,0.08,Cao
Úc,AU,làm đẹp,rosacea cream,1600,2.00,0.47,Cao
Úc,AU,làm đẹp,skin bleaching cream,1600,2.04,0.70,Cao
Úc,AU,làm đẹp,cetaphil moisturizing lotion,1600,0.91,0.21,Thấp
Úc,AU,làm đẹp,best eye cream for wrinkles,1300,2.18,0.70,Cao
Úc,AU,làm đẹp,la roche posay moisturizer,1300,0.93,0.13,Cao
Úc,AU,làm đẹp,shiseido eye cream,1300,2.04,0.33,Cao
Úc,AU,làm đẹp,under eye cream,1300,2.10,0.44,Cao
Úc,AU,làm đẹp,lancome eye cream,1300,1.28,0.23,Cao
Úc,AU,làm đẹp,cerave moisturizing lotion,1300,0.77,0.15,Cao
Úc,AU,làm đẹp,eye cream for wrinkles,1300,2.14,0.67,Cao
Úc,AU,làm đẹp,best anti wrinkle cream,1300,2.22,0.84,Cao
Úc,AU,làm đẹp,skincare gift set,1300,1.84,0.28,Cao
Úc,AU,làm đẹp,bubble moisturizer,1300,0.98,0.14,Cao
Úc,AU,làm đẹp,eye cream for bags,1300,1.91,0.43,Cao
Úc,AU,làm đẹp,ghd helios hair dryer,1300,1.12,1.11,Cao
Úc,AU,làm đẹp,face moisturizer for dry skin,1300,2.24,0.66,Cao
Úc,AU,làm đẹp,oil based cleanser,1300,2.21,0.53,Cao
Úc,AU,làm đẹp,dyson blow dryer,1000,1.97,0.09,Cao
Úc,AU,làm đẹp,isdin sunscreen,1000,1.00,0.20,Cao
Úc,AU,làm đẹp,neck cream,1000,2.76,0.69,Cao
Úc,AU,làm đẹp,no 7 skincare,1000,1.06,0.22,Cao
Úc,AU,làm đẹp,dyson dryer,1000,1.96,0.64,Cao
Úc,AU,làm đẹp,anti wrinkle cream,1000,2.54,0.78,Cao
Úc,AU,làm đẹp,eye serum,1000,2.75,0.90,Cao
Úc,AU,làm đẹp,byoma skincare,1000,1.10,0.19,Cao
Úc,AU,làm đẹp,l oreal age perfect,1000,0.70,0.16,Cao
Úc,AU,mẹ và bé,baby monitor,18100,2.01,0.25,Cao
Úc,AU,mẹ và bé,travel stroller,18100,2.25,0.29,Cao
Úc,AU,mẹ và bé,travel pram,18100,2.25,0.29,Cao
Úc,AU,mẹ và bé,travel pushchair,18100,2.25,0.29,Cao
Úc,AU,mẹ và bé,bugaboo butterfly,12100,0.52,0.10,Cao
Úc,AU,mẹ và bé,owlet sock,12100,1.17,0.13,Cao
Úc,AU,mẹ và bé,baby pram,12100,2.04,0.10,Cao
Úc,AU,mẹ và bé,strollers,9900,1.88,0.07,Cao
Úc,AU,mẹ và bé,pram liners,9900,1.58,0.39,Cao
Úc,AU,mẹ và bé,uppababy vista,8100,0.71,0.14,Cao
Úc,AU,mẹ và bé,nuna stroller,8100,0.66,0.08,Cao
Úc,AU,mẹ và bé,vtech baby monitor,8100,0.72,0.08,Cao
Úc,AU,mẹ và bé,nuna pram,8100,0.66,0.08,Cao
Úc,AU,mẹ và bé,double pram,6600,1.72,0.13,Cao
Úc,AU,mẹ và bé,baby stroller,5400,2.08,0.10,Cao
Úc,AU,mẹ và bé,dolls pram,5400,0.74,0.12,Cao
Úc,AU,mẹ và bé,infant stroller,5400,2.08,0.10,Cao
Úc,AU,mẹ và bé,newborn stroller,5400,2.08,0.10,Cao
Úc,AU,mẹ và bé,cuboai,5400,2.30,0.34,Cao
Úc,AU,mẹ và bé,silver cross pram,4400,0.63,0.10,Cao
Úc,AU,mẹ và bé,baby monitor camera,4400,1.84,0.19,Cao
Úc,AU,mẹ và bé,bugaboo pram,4400,0.26,0.09,Cao
Úc,AU,mẹ và bé,uppababy vista v2,3600,0.78,0.12,Cao
Úc,AU,mẹ và bé,uppababy cruz,3600,1.03,0.18,Cao
Úc,AU,mẹ và bé,maxi cosi stroller,3600,0.68,0.04,Cao
Úc,AU,mẹ và bé,icandy pram,3600,0.57,0.10,Cao
Úc,AU,mẹ và bé,cybex priam,2900,0.88,0.12,Cao
Úc,AU,mẹ và bé,baby jogger city tour 2,2900,0.53,0.14,Cao
Úc,AU,mẹ và bé,eufy baby monitor,2900,1.35,0.17,Cao
Úc,AU,mẹ và bé,cybex pram,2900,0.88,0.12,Cao
Úc,AU,mẹ và bé,baby camera,2400,2.20,0.28,Cao
Úc,AU,mẹ và bé,vista stroller,2400,0.62,0.09,Cao
Úc,AU,mẹ và bé,bugaboo cameleon 3,2400,0.33,0.09,Trung bình
Úc,AU,mẹ và bé,yoyo pram,2400,1.21,0.11,Cao
Úc,AU,mẹ và bé,double stroller,1900,1.68,0.13,Cao
Úc,AU,mẹ và bé,best baby monitor,1900,1.97,0.34,Cao
Úc,AU,mẹ và bé,babyzen yoyo,1900,1.53,0.17,Cao
Úc,AU,mẹ và bé,best travel stroller,1900,2.30,0.12,Cao
Úc,AU,mẹ và bé,uppababy cruz v2,1900,1.24,0.28,Cao
Úc,AU,mẹ và bé,toddler stroller,1900,1.89,0.08,Cao
Úc,AU,mẹ và bé,joie pram,1900,0.75,0.07,Cao
Úc,AU,mẹ và bé,jogging stroller,1600,1.79,0.26,Cao
Úc,AU,mẹ và bé,compact stroller,1600,2.11,0.18,Cao
Úc,AU,mẹ và bé,joie stroller,1600,0.84,0.13,Cao
Úc,AU,mẹ và bé,owlet smart sock 3,1600,1.02,0.17,Cao
Úc,AU,mẹ và bé,joie pushchair,1600,0.84,0.13,Cao
Úc,AU,mẹ và bé,twin pram,1600,1.84,0.13,Cao
Úc,AU,mẹ và bé,compact travel stroller,1600,2.08,0.30,Cao
Úc,AU,mẹ và bé,nanit baby monitor,1300,3.30,0.25,Cao
Úc,AU,mẹ và bé,yoyo stroller,1300,0.99,0.16,Cao
Úc,AU,mẹ và bé,bugaboo stroller,1300,0.28,0.09,Cao
Úc,AU,mẹ và bé,uppababy minu,1300,1.10,0.23,Cao
Úc,AU,mẹ và bé,owlet dream sock,1300,1.47,0.19,Cao
Úc,AU,mẹ và bé,bugaboo stardust,1300,0.71,0.09,Cao
Úc,AU,mẹ và bé,bugaboo cameleon,1300,0.33,0.09,Trung bình
Úc,AU,mẹ và bé,britax stroller,1300,0.34,0.06,Cao
Úc,AU,mẹ và bé,babyzen yoyo stroller,1300,0.99,0.16,Cao
Úc,AU,mẹ và bé,prams for sale,1300,1.62,0.10,Cao
Úc,AU,mẹ và bé,owlet smart sock,1000,1.38,0.15,Cao
Úc,AU,mẹ và bé,nuna travel stroller,1000,0.69,0.08,Cao
Úc,AU,mẹ và bé,gb pockit stroller,1000,0.63,0.16,Cao
Úc,AU,mẹ và bé,lightweight stroller,1000,1.94,0.13,Cao
Úc,AU,mẹ và bé,twin stroller,1000,1.80,0.12,Cao
Úc,AU,nhà cửa,coffee machine,90500,1.17,0.10,Cao
Úc,AU,nhà cửa,office chair,60500,2.82,0.30,Cao
Úc,AU,nhà cửa,breville coffee machine,60500,0.44,0.11,Cao
Úc,AU,nhà cửa,delonghi coffee machine,49500,0.79,0.11,Cao
Úc,AU,nhà cửa,nespresso machine,33100,1.64,0.14,Cao
Úc,AU,nhà cửa,breville barista express,33100,0.68,0.15,Cao
Úc,AU,nhà cửa,coffee grinder,27100,1.32,0.21,Cao
Úc,AU,nhà cửa,desk chair,22200,1.95,0.22,Cao
Úc,AU,nhà cửa,ergonomic office chair,18100,2.81,0.69,Cao
Úc,AU,nhà cửa,ergonomic chair,18100,2.72,0.63,Cao
Úc,AU,nhà cửa,smeg coffee machine,18100,0.56,0.17,Cao
Úc,AU,nhà cửa,espresso machine,14800,2.06,0.18,Cao
Úc,AU,nhà cửa,nespresso coffee machine,14800,1.70,0.14,Cao
Úc,AU,nhà cửa,delonghi magnifica,9900,0.95,0.15,Cao
Úc,AU,nhà cửa,breville barista pro,9900,0.60,0.17,Cao
Úc,AU,nhà cửa,automatic coffee machine,9900,1.20,0.16,Cao
Úc,AU,nhà cửa,coffee pod machine,9900,1.59,0.17,Cao
Úc,AU,nhà cửa,breville dual boiler,9900,0.75,0.23,Cao
Úc,AU,nhà cửa,herman miller aeron,8100,3.23,0.55,Cao
Úc,AU,nhà cửa,herman miller chair,8100,2.34,0.33,Cao
Úc,AU,nhà cửa,ikea office chair,8100,1.45,0.56,Cao
Úc,AU,nhà cửa,nespresso vertuo,6600,3.73,0.54,Cao
Úc,AU,nhà cửa,computer chair,6600,2.31,0.29,Cao
Úc,AU,nhà cửa,philips coffee machine,6600,0.93,0.21,Cao
Úc,AU,nhà cửa,delonghi la specialista,6600,0.67,0.17,Cao
Úc,AU,nhà cửa,coffee pots,6600,1.19,0.19,Cao
Úc,AU,nhà cửa,breville oracle,6600,0.73,0.14,Cao
Úc,AU,nhà cửa,drip coffee maker,6600,1.19,0.18,Cao
Úc,AU,nhà cửa,coffee makers,5400,1.22,0.12,Cao
Úc,AU,nhà cửa,breville barista touch,5400,0.77,0.17,Cao
Úc,AU,nhà cửa,cold brew coffee maker,5400,1.06,0.30,Cao
Úc,AU,nhà cửa,delonghi magnifica evo,5400,0.98,0.21,Cao
Úc,AU,nhà cửa,breville barista express espresso machine,5400,1.46,0.17,Thấp
Úc,AU,nhà cửa,percolator,5400,1.32,0.19,Cao
Úc,AU,nhà cửa,breville espresso machine,4400,0.44,0.09,Cao
Úc,AU,nhà cửa,coffee machine with grinder,4400,1.14,0.17,Cao
Úc,AU,nhà cửa,herman miller embody,3600,4.02,0.82,Cao
Úc,AU,nhà cửa,steelcase leap v2,3600,3.50,0.63,Cao
Úc,AU,nhà cửa,best coffee machine,3600,1.17,0.11,Cao
Úc,AU,nhà cửa,rancilio silvia,3600,1.41,0.31,Cao
Úc,AU,nhà cửa,la marzocco linea mini,3600,1.68,0.17,Cao
Úc,AU,nhà cửa,nespresso vertuo machine,3600,1.87,0.19,Cao
Úc,AU,nhà cửa,french press coffee maker,3600,1.16,0.22,Trung bình
Úc,AU,nhà cửa,best office chair,2900,3.33,0.84,Cao
Úc,AU,nhà cửa,aeron chair,2900,2.96,0.63,Cao
Úc,AU,nhà cửa,kneeling chair,2900,1.82,0.42,Cao
Úc,AU,nhà cửa,nespresso essenza mini,2900,0.94,0.15,Cao
Úc,AU,nhà cửa,lavazza coffee machine,2900,1.32,0.26,Cao
Úc,AU,nhà cửa,breville oracle touch,2900,0.83,0.18,Cao
Úc,AU,nhà cửa,study chair,2900,1.40,0.16,Cao
Úc,AU,nhà cửa,office chairs near me,2400,2.38,0.33,Cao
Úc,AU,nhà cửa,white office chair,2400,2.35,0.35,Cao
Úc,AU,nhà cửa,ergonomic desk chair,2400,2.62,0.62,Cao
Úc,AU,nhà cửa,gaggia classic pro,2400,0.81,0.30,Cao
Úc,AU,nhà cửa,dolce gusto pods,2400,1.20,0.17,Cao
Úc,AU,nhà cửa,delonghi dedica,2400,0.48,0.08,Cao
Úc,AU,nhà cửa,gaggia classic,2400,0.88,0.34,Cao
Úc,AU,nhà cửa,espresso coffee machine,2400,2.38,0.25,Cao
Úc,AU,nhà cửa,delonghi espresso machine,1900,0.95,0.11,Cao
Úc,AU,nhà cửa,herman miller aeron chair,1900,2.75,0.55,Trung bình
Úc,AU,nhà cửa,steelcase chairs,1900,3.17,0.63,Cao
Úc,AU,nhà cửa,herman miller office chairs,1900,2.53,0.35,Cao
Úc,AU,nhà cửa,pink office chair,1900,1.37,0.35,Cao
Úc,AU,nhà cửa,espresso machine for home,1900,1.92,0.17,Cao
Úc,AU,nhà cửa,steelcase gesture,1600,3.37,0.72,Cao
Úc,AU,nhà cửa,leather office chair,1600,2.84,0.66,Cao
Úc,AU,nhà cửa,home office chair,1600,1.99,0.43,Cao
Úc,AU,nhà cửa,drafting chair,1600,3.81,0.67,Cao
Úc,AU,nhà cửa,automatic espresso machine,1600,1.62,0.21,Cao
Úc,AU,nhà cửa,comfortable office chair,1600,2.13,0.48,Cao
Úc,AU,nhà cửa,pour over coffee maker,1600,1.17,0.23,Cao
Úc,AU,nhà cửa,lelit bianca,1600,1.33,0.25,Cao
Úc,AU,nhà cửa,cheap office chairs,1600,2.06,0.26,Cao
Úc,AU,nhà cửa,lelit bianca v3,1600,1.39,0.31,Cao
Úc,AU,nhà cửa,nescafe coffee machine,1600,0.51,0.09,Cao
Úc,AU,nhà cửa,massage office chair,1600,2.69,0.59,Cao
Úc,AU,nhà cửa,delonghi eletta,1600,0.98,0.20,Cao
Úc,AU,nhà cửa,delonghi dinamica plus,1300,0.89,0.21,Cao
Úc,AU,nhà cửa,steelcase leap,1300,3.22,0.78,Cao
Úc,AU,nhà cửa,nespresso citiz,1300,0.75,0.17,Cao
Úc,AU,nhà cửa,rocket appartamento,1300,1.68,0.36,Cao
Úc,AU,nhà cửa,branch ergonomic chair,1300,3.24,0.94,Thấp
Úc,AU,nhà cửa,breville barista touch espresso machine,1300,0.56,0.17,Thấp
Úc,AU,nhà cửa,white desk chair,1300,1.52,0.26,Cao
Úc,AU,nhà cửa,nespresso creatista plus,1300,1.61,0.25,Cao
Úc,AU,nhà cửa,breville touch,1300,0.61,0.15,Cao
Úc,AU,nhà cửa,pink desk chair,1300,1.71,0.40,Cao
Úc,AU,nhà cửa,iced coffee maker,1000,1.26,0.13,Cao
Úc,AU,nhà cửa,executive office chair,1000,3.32,0.85,Cao
Úc,AU,nhà cửa,mesh office chair,1000,2.83,0.56,Cao
Úc,AU,nhà cửa,miele coffee machine,1000,0.73,0.23,Cao
Úc,AU,nhà cửa,nespresso lattissima one,1000,1.09,0.20,Cao
Úc,AU,nhà cửa,eames office chair,1000,3.08,0.78,Cao
Úc,AU,nhà cửa,nespresso original machine,1000,1.67,0.17,Cao
Úc,AU,nhà cửa,espresso grinder,1000,1.50,0.19,Cao
Úc,AU,nhà cửa,coffee machine with milk frother,1000,1.46,0.20,Cao
Úc,AU,nhà cửa,saeco coffee machine,1000,1.34,0.27,Cao
Úc,AU,thú cưng,royal canin dog food,9900,2.90,0.81,Cao
Úc,AU,thú cưng,black hawk dog food,9900,2.86,0.64,Cao
Úc,AU,thú cưng,flea treatment for dogs,6600,3.53,0.58,Cao
Úc,AU,thú cưng,dog treats,6600,3.31,0.86,Cao
Úc,AU,thú cưng,dog bowls,5400,1.94,0.18,Cao
Úc,AU,thú cưng,pet camera,4400,2.10,0.52,Cao
Úc,AU,thú cưng,royal canin puppy food,3600,2.53,0.62,Cao
Úc,AU,thú cưng,ziwi peak dog food,3600,2.60,0.62,Cao
Úc,AU,thú cưng,meals for mutts,3600,2.65,0.81,Cao
Úc,AU,thú cưng,dog biscuits,3600,3.83,0.63,Cao
Úc,AU,thú cưng,royal canin gastrointestinal,2900,3.05,0.75,Cao
Úc,AU,thú cưng,purina pro plan dog food,2900,2.49,0.65,Thấp
Úc,AU,thú cưng,taste of the wild dog food,2900,2.29,0.61,Cao
Úc,AU,thú cưng,dry dog food,2900,3.46,0.70,Cao
Úc,AU,thú cưng,black hawk dog food 20kg,2900,2.63,0.79,Cao
Úc,AU,thú cưng,purina pro plan,2400,2.12,0.56,Cao
Úc,AU,thú cưng,hills dog food,2400,2.65,0.47,Cao
Úc,AU,thú cưng,grain free dog food,2400,2.68,0.64,Cao
Úc,AU,thú cưng,automatic dog feeder,2400,1.25,0.28,Cao
Úc,AU,thú cưng,greenies dental treats,2400,1.50,0.47,Cao
Úc,AU,thú cưng,pedigree dog food,1900,1.83,0.17,Cao
Úc,AU,thú cưng,hill's science diet dog food,1900,2.64,0.88,Thấp
Úc,AU,thú cưng,dog camera,1900,2.34,0.58,Cao
Úc,AU,thú cưng,royal canin hypoallergenic dog,1900,3.12,0.94,Cao
Úc,AU,thú cưng,royal canin hypoallergenic,1600,3.04,1.01,Cao
Úc,AU,thú cưng,purina dog food,1600,2.11,0.38,Cao
Úc,AU,thú cưng,elevated dog bowls,1600,1.14,0.29,Cao
Úc,AU,thú cưng,green lipped mussel for dogs,1600,3.50,1.06,Cao
Úc,AU,thú cưng,raised dog bowls,1600,1.15,0.26,Cao
Úc,AU,thú cưng,royal canin urinary so,1300,2.83,0.89,Cao
Úc,AU,thú cưng,hills science diet,1300,3.35,0.75,Cao
Úc,AU,thú cưng,royal canin gastrointestinal low fat,1300,3.63,1.05,Cao
Úc,AU,thú cưng,hill science dog food,1300,3.15,0.98,Cao
Úc,AU,thú cưng,purina pro plan cat food,1300,2.28,0.59,Cao
Úc,AU,thú cưng,calming treats for dogs,1300,1.73,0.39,Cao
Úc,AU,thú cưng,high protein dog food,1300,4.77,1.34,Trung bình
Úc,AU,thú cưng,eukanuba dog food,1000,2.42,0.62,Cao
Úc,AU,thú cưng,royal canin anallergenic,1000,2.75,0.87,Cao
Úc,AU,thú cưng,royal canin digestive care,1000,3.01,0.88,Cao
Úc,AU,thể thao,hoka shoes,60500,0.38,0.11,Cao
Úc,AU,thể thao,asics gel kayano,49500,0.64,0.20,Cao
Úc,AU,thể thao,running shoes,40500,1.17,0.10,Cao
Úc,AU,thể thao,yoga mat,22200,1.61,0.13,Cao
Úc,AU,thể thao,on cloud shoes,18100,0.51,0.15,Cao
Úc,AU,thể thao,brooks shoes,18100,0.53,0.06,Cao
Úc,AU,thể thao,nike running shoes,18100,0.59,0.13,Cao
Úc,AU,thể thao,asics kayano,18100,0.69,0.24,Cao
Úc,AU,thể thao,asics gel kayano 14,18100,0.50,0.22,Cao
Úc,AU,thể thao,nike pegasus,14800,0.64,0.20,Cao
Úc,AU,thể thao,trail running shoes,14800,0.94,0.18,Cao
Úc,AU,thể thao,new balance 1080,14800,0.78,0.22,Cao
Úc,AU,thể thao,asics novablast,14800,0.84,0.24,Cao
Úc,AU,thể thao,on running shoes,12100,0.60,0.18,Cao
Úc,AU,thể thao,asics running shoes,12100,0.49,0.10,Cao
Úc,AU,thể thao,hoka bondi,12100,0.49,0.09,Cao
Úc,AU,thể thao,asics gel nimbus,12100,0.77,0.20,Cao
Úc,AU,thể thao,asics gel 1130,12100,0.54,0.22,Cao
Úc,AU,thể thao,women's sneakers,12100,0.49,0.10,Cao
Úc,AU,thể thao,asics gt 2000,8100,0.69,0.20,Cao
Úc,AU,thể thao,brooks glycerin,8100,0.82,0.22,Cao
Úc,AU,thể thao,men's sneakers,8100,0.65,0.15,Cao
Úc,AU,thể thao,adidas running shoes,8100,0.30,0.06,Cao
Úc,AU,thể thao,new balance running shoes,8100,0.49,0.09,Cao
Úc,AU,thể thao,new balance 880,8100,0.81,0.20,Cao
Úc,AU,thể thao,brooks running shoes,6600,0.86,0.16,Cao
Úc,AU,thể thao,hoka clifton 9,6600,0.55,0.13,Cao
Úc,AU,thể thao,best running shoes,6600,1.67,0.19,Cao
Úc,AU,thể thao,brooks adrenaline,6600,0.69,0.14,Cao
Úc,AU,thể thao,mens running shoes,6600,1.01,0.12,Cao
Úc,AU,thể thao,hoka clifton,6600,0.71,0.14,Cao
Úc,AU,thể thao,womens white sneakers,6600,0.68,0.12,Cao
Úc,AU,thể thao,hoka bondi 8,5400,0.54,0.10,Cao
Úc,AU,thể thao,altra shoes,5400,0.96,0.24,Cao
Úc,AU,thể thao,asics sneakers,5400,0.45,0.14,Cao
Úc,AU,thể thao,sports shoes,5400,1.08,0.16,Cao
Úc,AU,thể thao,new balance 530 womens,5400,0.68,0.18,Cao
Úc,AU,thể thao,brooks adrenaline gts,5400,0.94,0.26,Cao
Úc,AU,thể thao,black sneakers women,5400,0.63,0.12,Cao
Úc,AU,thể thao,asics gt 1000,5400,0.84,0.21,Cao
Úc,AU,thể thao,hoka running shoes,4400,0.46,0.06,Cao
Úc,AU,thể thao,nike vaporfly,4400,1.04,0.29,Cao
Úc,AU,thể thao,best running shoes for women,4400,1.65,0.14,Cao
Úc,AU,thể thao,on cloudmonster,4400,0.53,0.20,Cao
Úc,AU,thể thao,ultraboost,3600,0.62,0.13,Cao
Úc,AU,thể thao,best running shoes for men,3600,1.51,0.14,Cao
Úc,AU,thể thao,lululemon yoga mat,3600,1.00,0.19,Cao
Úc,AU,thể thao,nike running,3600,0.75,0.14,Cao
Úc,AU,thể thao,hoka sale,3600,0.42,0.06,Cao
Úc,AU,thể thao,mizuno wave rider,3600,1.02,0.25,Cao
Úc,AU,thể thao,hoka shoes women,2900,0.30,0.08,Cao
Úc,AU,thể thao,hoka speedgoat,2900,0.70,0.10,Cao
Úc,AU,thể thao,hoka sneakers for women,2900,0.30,0.08,Cao
Úc,AU,thể thao,adidas ultra boost,2400,0.64,0.12,Cao
Úc,AU,thể thao,nike vapormax,2400,0.80,0.31,Cao
Úc,AU,thể thao,nike air zoom,2400,0.79,0.27,Cao
Úc,AU,thể thao,cloudmonster,2400,0.56,0.17,Cao
Úc,AU,thể thao,hoka arahi,2400,0.66,0.11,Cao
Úc,AU,thể thao,saucony shoes,2400,0.52,0.06,Cao
Úc,AU,thể thao,cross training shoes,2400,1.19,0.21,Cao
Úc,AU,thể thao,mens trainers,1900,0.83,0.16,Cao
Úc,AU,thể thao,on sneakers,1900,0.67,0.20,Cao
Úc,AU,thể thao,altra lone peak,1900,0.97,0.32,Cao
Úc,AU,thể thao,altra running shoes,1900,1.01,0.26,Cao
Úc,AU,thể thao,saucony endorphin speed,1900,1.00,0.21,Cao
Úc,AU,thể thao,manduka yoga mat,1900,1.33,0.20,Cao
Úc,AU,thể thao,vaporfly,1900,1.11,0.24,Cao
Úc,AU,thể thao,nike reacts,1900,1.09,0.27,Cao
Úc,AU,thể thao,oc shoes,1600,0.52,0.16,Cao
Úc,AU,thể thao,womens trainers,1600,0.58,0.10,Cao
Úc,AU,thể thao,saucony running shoes,1600,0.60,0.10,Cao
Úc,AU,thể thao,salomon speedcross,1600,0.96,0.25,Cao
Úc,AU,thể thao,salomon speedcross 6,1600,1.18,0.28,Cao
Úc,AU,thể thao,brooks running shoes women,1600,0.73,0.17,Cao
Úc,AU,thể thao,hoka sneakers,1300,0.41,0.06,Cao
Úc,AU,thể thao,on cloud 5,1300,0.76,0.18,Cao
Úc,AU,thể thao,nike pegasus trail,1300,0.76,0.21,Cao
Úc,AU,thể thao,nike invincible run 3,1300,0.82,0.26,Cao
Úc,AU,thể thao,nike air zoom pegasus,1300,0.75,0.23,Cao
Úc,AU,thể thao,nike trail running shoes,1300,0.83,0.23,Cao
Úc,AU,thể thao,brooks cascadia,1300,0.58,0.15,Cao
Úc,AU,thể thao,white trainers,1000,1.14,0.17,Cao
Úc,AU,thể thao,running shoes for women,1000,1.36,0.11,Cao
Úc,AU,thể thao,hoka bondi 8 womens,1000,0.48,0.11,Cao
Úc,AU,thể thao,onrunning,1000,0.71,0.24,Cao
Úc,AU,thể thao,best trail running shoes,1000,1.20,0.15,Cao
Úc,AU,thể thao,asics trainers,1000,0.61,0.20,Cao
Úc,AU,thể thao,new balance trainers womens,1000,0.47,0.15,Cao
Úc,AU,thể thao,hoka shoes men,1000,0.30,0.07,Cao
Úc,AU,thời trang,adidas sambas,74000,0.38,0.10,Cao
Úc,AU,thời trang,nike shoes,60500,0.55,0.17,Cao
Úc,AU,thời trang,backpack,49500,1.56,0.26,Cao
Úc,AU,thời trang,new balance 530,49500,0.50,0.18,Cao
Úc,AU,thời trang,adidas shoes,40500,0.38,0.08,Cao
Úc,AU,thời trang,skechers shoes,40500,0.34,0.03,Cao
Úc,AU,thời trang,sneakers,33100,0.67,0.12,Cao
Úc,AU,thời trang,nike air force 1,27100,0.75,0.28,Cao
Úc,AU,thời trang,on shoes,27100,0.63,0.18,Cao
Úc,AU,thời trang,basketball shoes,27100,0.39,0.07,Cao
Úc,AU,thời trang,air force 1,22200,0.74,0.27,Cao
Úc,AU,thời trang,adidas gazelle,18100,0.34,0.07,Cao
Úc,AU,thời trang,barefoot shoes,18100,2.05,0.67,Cao
Úc,AU,thời trang,new balance sneakers,18100,0.51,0.14,Cao
Úc,AU,thời trang,hiking shoes,18100,0.61,0.12,Cao
Úc,AU,thời trang,nike backpack,18100,0.52,0.09,Cao
Úc,AU,thời trang,shoe stores near me,18100,0.81,0.08,Trung bình
Úc,AU,thời trang,new balance 550,14800,0.70,0.18,Cao
Úc,AU,thời trang,new balance 327,14800,0.72,0.18,Cao
Úc,AU,thời trang,nike dunks,14800,0.63,0.24,Cao
Úc,AU,thời trang,new balance 574,14800,0.74,0.20,Cao
Úc,AU,thời trang,travel backpack,14800,1.76,0.51,Cao
Úc,AU,thời trang,nike metcon,14800,0.76,0.25,Cao
Úc,AU,thời trang,puma shoes,14800,0.84,0.22,Cao
Úc,AU,thời trang,white sneakers,14800,1.20,0.15,Cao
Úc,AU,thời trang,snkrs,14800,3.02,0.78,Cao
Úc,AU,thời trang,air jordans,14800,0.65,0.18,Cao
Úc,AU,thời trang,yeezys,14800,1.25,0.30,Cao
Úc,AU,thời trang,reebok shoes,12100,0.54,0.11,Cao
Úc,AU,thời trang,kids backpacks,12100,1.64,0.32,Cao
Úc,AU,thời trang,adidas campus,12100,0.30,0.08,Cao
Úc,AU,thời trang,kids backpack,12100,1.64,0.32,Cao
Úc,AU,thời trang,new balance 2002r,9900,0.67,0.13,Cao
Úc,AU,thời trang,adidas superstar,9900,0.41,0.07,Cao
Úc,AU,thời trang,toddler shoes,9900,2.98,0.20,Cao
Úc,AU,thời trang,white shoes,9900,0.76,0.12,Cao
Úc,AU,thời trang,gym shoes,9900,1.00,0.11,Cao
Úc,AU,thời trang,north face backpack,8100,0.45,0.11,Cao
Úc,AU,thời trang,golden goose sneakers,8100,0.50,0.07,Cao
Úc,AU,thời trang,adidas sneakers,8100,0.44,0.08,Cao
Úc,AU,thời trang,nike sneakers,8100,0.54,0.16,Cao
Úc,AU,thời trang,jordan shoes,8100,0.55,0.17,Cao
Úc,AU,thời trang,shoes for women,8100,0.84,0.14,Cao
Úc,AU,thời trang,baby shoes,8100,3.51,0.19,Cao
Úc,AU,thời trang,reebok nano,8100,1.07,0.32,Cao
Úc,AU,thời trang,adidas samba og,8100,0.51,0.18,Cao
Úc,AU,thời trang,mens sneakers,8100,0.65,0.15,Cao
Úc,AU,thời trang,reebok club c 85,6600,0.76,0.23,Cao
Úc,AU,thời trang,laptop backpack,6600,1.91,0.36,Cao
Úc,AU,thời trang,white sneakers women,6600,0.99,0.15,Cao
Úc,AU,thời trang,waterproof shoes,6600,1.51,0.32,Cao
Úc,AU,thời trang,under armour shoes,6600,0.32,0.06,Cao
Úc,AU,thời trang,nike shoes for men,6600,0.45,0.13,Cao
Úc,AU,thời trang,new balance womens shoes,6600,0.44,0.11,Cao
Úc,AU,thời trang,backpack for women,6600,1.22,0.17,Cao
Úc,AU,thời trang,adidas gazelle womens,6600,0.28,0.08,Cao
Úc,AU,thời trang,converse high tops,5400,1.40,0.37,Cao
Úc,AU,thời trang,nike jordan,5400,0.56,0.17,Cao
Úc,AU,thời trang,nike air force 1 07,5400,1.01,0.41,Cao
Úc,AU,thời trang,weekender bag,5400,1.16,0.32,Cao
Úc,AU,thời trang,nursing shoes,5400,1.56,0.47,Cao
Úc,AU,thời trang,platform sneakers,5400,1.02,0.19,Cao
Úc,AU,thời trang,adidas ultraboost,5400,0.55,0.10,Cao
Úc,AU,thời trang,sneakers for women,5400,0.72,0.11,Cao
Úc,AU,thời trang,golden goose shoes,5400,0.52,0.07,Cao
Úc,AU,thời trang,nike womens shoes,5400,0.41,0.12,Cao
Úc,AU,thời trang,mens casual shoes,5400,0.76,0.13,Cao
Úc,AU,thời trang,jansport backpack,4400,0.74,0.12,Cao
Úc,AU,thời trang,nike blazers,4400,0.78,0.28,Cao
Úc,AU,thời trang,black air force 1,4400,0.74,0.31,Cao
Úc,AU,thời trang,leather backpack,4400,1.18,0.23,Cao
Úc,AU,thời trang,waterproof backpack,4400,1.20,0.32,Cao
Úc,AU,thời trang,reebok club c,4400,0.68,0.21,Cao
Úc,AU,thời trang,lululemon backpack,4400,0.45,0.11,Cao
Úc,AU,thời trang,fila shoes,4400,0.88,0.15,Cao
Úc,AU,thời trang,patagonia backpack,4400,0.98,0.34,Cao
Úc,AU,thời trang,boys school shoes,4400,0.68,0.18,Cao
Úc,AU,thời trang,nike air force 1 black,4400,1.01,0.36,Cao
Úc,AU,thời trang,travel backpack for women,4400,1.49,0.43,Cao
Úc,AU,thời trang,air jordan 1,3600,0.70,0.20,Cao
Úc,AU,thời trang,nike air jordan,3600,0.61,0.18,Cao
Úc,AU,thời trang,air force 1 white,3600,0.91,0.29,Cao
Úc,AU,thời trang,adidas nmd,3600,0.65,0.13,Cao
Úc,AU,thời trang,rucksack,3600,2.98,0.39,Cao
Úc,AU,thời trang,best walking shoes for women,3600,1.23,0.06,Cao
Úc,AU,thời trang,nike air max plus,3600,0.95,0.30,Cao
Úc,AU,thời trang,puma sneakers,3600,0.76,0.20,Cao
Úc,AU,thời trang,converse chuck taylor,3600,1.38,0.34,Cao
Úc,AU,thời trang,adidas stan smith,3600,0.49,0.07,Cao
Úc,AU,thời trang,slip on shoes,3600,1.53,0.23,Cao
Úc,AU,thời trang,plantar fasciitis shoes,3600,1.48,0.36,Cao
Úc,AU,thời trang,toddler backpack,3600,1.04,0.24,Cao
Úc,AU,thời trang,boys shoes,3600,0.85,0.15,Cao
Úc,AU,thời trang,skechers slip ins,2900,0.59,0.16,Cao
Úc,AU,thời trang,best travel backpack,2900,1.67,0.52,Cao
Úc,AU,thời trang,yeezy shoes,2900,1.04,0.19,Cao
Úc,AU,thời trang,non slip shoes,2900,1.19,0.26,Cao
Úc,AU,thời trang,adidas backpack,2900,0.40,0.04,Cao
Úc,AU,thời trang,lamelo ball shoes,2900,0.87,0.24,Cao
Úc,AU,thời trang,coach backpack,2900,0.62,0.13,Cao
Úc,AU,thời trang,mini backpack,2900,1.15,0.25,Cao
Úc,AU,thời trang,platform converse,2400,0.82,0.24,Cao
Úc,AU,thời trang,skechers slip ons,2400,0.55,0.14,Cao
Úc,AU,thời trang,air max 1,2400,0.69,0.21,Cao
Úc,AU,thời trang,under armour backpack,2400,0.25,0.03,Cao
Úc,AU,thời trang,laptop backpack for women,2400,1.56,0.31,Cao
Úc,AU,thời trang,reebok classic,1900,0.76,0.23,Cao
Úc,AU,thời trang,slip on sneakers,1900,1.33,0.29,Cao
Úc,AU,thời trang,yeezy foam runner,1900,1.82,0.12,Cao
Úc,AU,thời trang,vapormax,1900,0.94,0.29,Cao
Úc,AU,thời trang,white converse,1900,1.14,0.32,Cao
Úc,AU,thời trang,alexander mcqueen shoes,1900,1.14,0.25,Cao
Úc,AU,thời trang,nike air max 1,1900,0.74,0.25,Cao
Úc,AU,thời trang,nike air force one,1900,0.78,0.31,Cao
Úc,AU,thời trang,dior b22,1900,0.25,0.13,Cao
Úc,AU,thời trang,orthopedic shoes for women,1900,1.09,0.24,Cao
Úc,AU,thời trang,rains backpack,1900,0.87,0.03,Cao
Úc,AU,thời trang,white leather sneakers,1900,1.49,0.25,Cao
Úc,AU,thời trang,new balance trainers,1600,0.63,0.18,Cao
Úc,AU,thời trang,nike air force 1 women,1600,0.66,0.30,Cao
Úc,AU,thời trang,adidas yeezy,1600,0.83,0.25,Cao
Úc,AU,thời trang,best shoes for nurses,1600,1.74,0.55,Cao
Úc,AU,thời trang,reebok sneakers,1600,0.70,0.18,Cao
Úc,AU,thời trang,tumi backpack,1300,1.07,0.08,Cao
Úc,AU,thời trang,alexander mcqueen sneakers,1300,1.16,0.29,Cao
Úc,AU,thời trang,adidas trainers,1300,0.41,0.10,Cao
Úc,AU,thời trang,nike air force 1 07 lv8,1300,0.89,0.37,Cao
Úc,AU,thời trang,best shoes for standing all day,1300,1.55,0.35,Cao
Úc,AU,thời trang,fjallraven kanken,1300,0.61,0.08,Cao
Úc,AU,thời trang,waterproof sneakers,1300,1.22,0.24,Cao
Úc,AU,thời trang,nobull shoes,1000,1.68,0.34,Cao
Úc,AU,thời trang,off white shoes,1000,0.57,0.02,Cao
Úc,AU,thời trang,adidas nmd r1,1000,0.52,0.16,Cao
Úc,AU,thời trang,prada sneakers,1000,1.26,0.24,Cao
Úc,AU,thời trang,balenciaga sneakers,1000,0.61,0.10,Cao
Úc,AU,thời trang,loewe sneakers,1000,1.60,0.25,Cao
Úc,AU,điện tử,smart watch,27100,2.42,0.05,Cao
Úc,AU,điện tử,samsung watches,27100,3.63,0.08,Cao
Úc,AU,điện tử,earbuds,22200,2.16,0.05,Cao
Úc,AU,điện tử,wireless earbuds,14800,1.65,0.04,Cao
Úc,AU,điện tử,kids smart watch,12100,1.81,0.45,Cao
Úc,AU,điện tử,noise cancelling earbuds,12100,2.27,0.45,Cao
Úc,AU,điện tử,jbl earbuds,12100,0.41,0.04,Cao
Úc,AU,điện tử,samsung earbuds,9900,1.40,0.13,Cao
Úc,AU,điện tử,earpods,9900,1.55,0.04,Cao
Úc,AU,điện tử,bose ear buds,9900,1.10,0.14,Cao
Úc,AU,điện tử,bose quietcomfort earbuds,8100,1.39,0.34,Cao
Úc,AU,điện tử,samsung smart watch,6600,2.63,0.06,Cao
Úc,AU,điện tử,smart watches for men,6600,2.54,0.10,Cao
Úc,AU,điện tử,sony earbuds,6600,0.90,0.04,Cao
Úc,AU,điện tử,smart watch women,5400,1.43,0.04,Cao
Úc,AU,điện tử,jabra earbuds,5400,1.49,0.19,Cao
Úc,AU,điện tử,smartwatch,4400,1.73,0.03,Cao
Úc,AU,điện tử,bluetooth earbuds,4400,1.63,0.06,Cao
Úc,AU,điện tử,beats fit pro,4400,1.11,0.10,Cao
Úc,AU,điện tử,best earbuds,4400,2.01,0.24,Cao
Úc,AU,điện tử,smart watch for kids,4400,1.61,0.25,Cao
Úc,AU,điện tử,beats earbuds,4400,0.79,0.04,Cao
Úc,AU,điện tử,smart watch ladies,4400,1.67,0.09,Cao
Úc,AU,điện tử,true wireless earbuds,4400,1.55,0.08,Thấp
Úc,AU,điện tử,apple earbuds,3600,1.31,0.06,Cao
Úc,AU,điện tử,best noise cancelling earbuds,3600,2.58,0.38,Cao
Úc,AU,điện tử,wireless earphones,3600,1.53,0.04,Cao
Úc,AU,điện tử,best wireless earbuds,2900,1.88,0.24,Cao
Úc,AU,điện tử,garmin smartwatch,2900,0.46,0.03,Cao
Úc,AU,điện tử,sleep earbuds,2900,2.50,0.72,Cao
Úc,AU,điện tử,air buds,2900,1.91,0.06,Trung bình
Úc,AU,điện tử,jlab earbuds,2400,0.63,0.07,Cao
Úc,AU,điện tử,best headphones for running,2400,1.44,0.38,Cao
Úc,AU,điện tử,garmin smart watch,2400,0.32,0.03,Cao
Úc,AU,điện tử,rugged smartwatch,2400,2.85,0.63,Thấp
Úc,AU,điện tử,raycon earbuds,1900,0.50,0.48,Cao
Úc,AU,điện tử,beats studio buds,1900,1.03,0.15,Cao
Úc,AU,điện tử,powerbeats pro,1900,0.96,0.10,Cao
Úc,AU,điện tử,samsung airpods,1900,1.07,0.09,Cao
Úc,AU,điện tử,apple smart watch,1900,0.74,0.03,Cao
Úc,AU,điện tử,android smartwatch,1900,1.82,0.05,Cao
Úc,AU,điện tử,sony linkbuds s,1900,1.10,0.21,Cao
Úc,AU,điện tử,bluetooth earphones,1900,1.48,0.04,Cao
Úc,AU,điện tử,jlab go air pop,1900,0.80,0.30,Cao
Úc,AU,điện tử,ear buds on sale,1900,1.34,0.05,Cao
Úc,AU,điện tử,sony linkbuds,1900,1.10,0.21,Cao
Úc,AU,điện tử,sennheiser earbuds,1900,0.57,0.17,Cao
Úc,AU,điện tử,huawei smart watch,1600,0.66,0.05,Cao
Úc,AU,điện tử,best airpods,1600,2.09,0.24,Cao
Úc,AU,điện tử,soundcore earbuds,1600,0.86,0.22,Cao
Úc,AU,điện tử,kids gps watch,1600,1.72,0.36,Cao
Úc,AU,điện tử,jabra elite,1600,1.58,0.28,Cao
Úc,AU,điện tử,waterproof earbuds,1600,1.00,0.26,Cao
Úc,AU,điện tử,bose earphones,1600,1.00,0.09,Cao
Úc,AU,điện tử,best earbuds for running,1600,1.62,0.36,Cao
Úc,AU,điện tử,sony earphones,1600,0.34,0.03,Cao
Úc,AU,điện tử,skullcandy earbuds,1300,0.66,0.09,Cao
Úc,AU,điện tử,kids watch phone,1300,1.73,0.40,Cao
Úc,AU,điện tử,g shock smart watch,1300,1.34,0.12,Cao
Úc,AU,điện tử,fitness watches for women,1300,1.65,0.06,Cao
Úc,AU,điện tử,jbl airpods,1300,0.35,0.04,Cao
Úc,AU,điện tử,powerbeats,1300,0.87,0.11,Cao
Úc,AU,điện tử,best smartwatch,1000,2.21,0.47,Cao
Úc,AU,điện tử,jbl wireless earbuds,1000,0.45,0.05,Cao
Úc,AU,điện tử,oppo watch,1000,1.70,0.04,Cao
Úc,AU,điện tử,gaming earbuds,1000,0.96,0.21,Cao
Úc,AU,điện tử,google earbuds,1000,1.33,0.05,Cao
Úc,AU,điện tử,samsung watches for women,1000,2.53,0.08,Cao
Úc,AU,điện tử,best earphones,1000,1.81,0.24,Cao
Úc,AU,điện tử,samsung fitness watch,1000,2.09,0.04,Cao
Úc,AU,điện tử,mifo earbuds,1000,1.76,0.57,Cao
Brazil,BR,gia dụng,air fryer,1220000,0.32,0.09,Cao
Brazil,BR,gia dụng,airfryer,165000,0.37,0.09,Cao
Brazil,BR,gia dụng,air fryer mondial,165000,0.26,0.07,Cao
Brazil,BR,gia dụng,fritadeira eletrica,110000,0.32,0.06,Cao
Brazil,BR,gia dụng,fritadeira elétrica,110000,0.32,0.06,Cao
Brazil,BR,gia dụng,robo aspirador xiaomi,90500,0.26,0.06,Cao
Brazil,BR,gia dụng,robô aspirador xiaomi,90500,0.26,0.06,Cao
Brazil,BR,gia dụng,air fryer philco,60500,0.25,0.07,Cao
Brazil,BR,gia dụng,air fryer philips walita,49500,0.28,0.07,Cao
Brazil,BR,gia dụng,air fryer oster,49500,0.28,0.08,Cao
Brazil,BR,gia dụng,air fryer electrolux,40500,0.29,0.08,Cao
Brazil,BR,gia dụng,fritadeira air fryer,27100,0.31,0.07,Cao
Brazil,BR,gia dụng,air fryer britania,27100,0.35,0.09,Cao
Brazil,BR,gia dụng,fritadeira,27100,0.55,0.08,Cao
Brazil,BR,gia dụng,airfryer mondial,22200,0.26,0.07,Cao
Brazil,BR,gia dụng,air fryer philips,22200,0.31,0.08,Cao
Brazil,BR,gia dụng,air fryer ovens,22200,0.29,0.06,Cao
Brazil,BR,gia dụng,air fryer walita,14800,0.32,0.07,Cao
Brazil,BR,gia dụng,air fryer arno,14800,0.20,0.04,Cao
Brazil,BR,gia dụng,air fryer rita lobo,14800,0.26,0.07,Cao
Brazil,BR,gia dụng,robo xiaomi,14800,0.24,0.06,Cao
Brazil,BR,gia dụng,airfryer philips walita,12100,0.31,0.07,Cao
Brazil,BR,gia dụng,air fryer midea,12100,0.21,0.06,Cao
Brazil,BR,gia dụng,aspirador robo xiaomi,12100,0.27,0.06,Cao
Brazil,BR,gia dụng,air fryer mondial 4 litros,9900,0.20,0.06,Cao
Brazil,BR,gia dụng,air fryer promoção,9900,0.24,0.06,Cao
Brazil,BR,gia dụng,aspirador xiaomi,9900,0.25,0.06,Cao
Brazil,BR,gia dụng,air fryer electrolux rita lobo,9900,0.26,0.07,Cao
Brazil,BR,gia dụng,promoção air fryer,9900,0.24,0.06,Cao
Brazil,BR,gia dụng,robo rock,9900,0.41,0.08,Cao
Brazil,BR,gia dụng,airfryer philips,8100,0.34,0.08,Cao
Brazil,BR,gia dụng,air fryer 5 litros,8100,0.25,0.07,Cao
Brazil,BR,gia dụng,airfryer oster,8100,0.51,0.11,Cao
Brazil,BR,gia dụng,air fryer cadence,8100,0.23,0.06,Cao
Brazil,BR,gia dụng,air fryer grande,8100,0.26,0.06,Cao
Brazil,BR,gia dụng,melhores air fryer,8100,0.17,0.04,Cao
Brazil,BR,gia dụng,fritadeira eletrica mondial,6600,0.24,0.07,Cao
Brazil,BR,gia dụng,air fryer digital,6600,0.28,0.07,Cao
Brazil,BR,gia dụng,fritadeira elétrica mondial,6600,0.24,0.07,Cao
Brazil,BR,gia dụng,air fryer branca,6600,0.30,0.07,Cao
Brazil,BR,gia dụng,mondial air fryer,6600,0.22,0.04,Cao
Brazil,BR,gia dụng,preço air fryer,6600,0.17,0.04,Cao
Brazil,BR,gia dụng,air fryer mondial 5l,5400,0.22,0.07,Cao
Brazil,BR,gia dụng,air fryer 4 litros,5400,0.24,0.07,Cao
Brazil,BR,gia dụng,fritadeira elétrica air fryer,5400,0.29,0.08,Cao
Brazil,BR,gia dụng,air fryer vermelha,5400,0.27,0.08,Cao
Brazil,BR,gia dụng,air fryer 8 litros,5400,0.27,0.08,Cao
Brazil,BR,gia dụng,fritadeira oster,4400,0.46,0.09,Cao
Brazil,BR,gia dụng,air fryer 12l,4400,0.30,0.07,Cao
Brazil,BR,gia dụng,air fryer mondial 8 litros,4400,0.26,0.08,Cao
Brazil,BR,gia dụng,walita airfryer,4400,0.33,0.08,Cao
Brazil,BR,gia dụng,philips walita airfryer,4400,0.32,0.08,Cao
Brazil,BR,gia dụng,air fryer rosa,4400,0.58,0.10,Cao
Brazil,BR,gia dụng,air fryer casas bahia,4400,0.18,0.03,Cao
Brazil,BR,gia dụng,air fryer 220v,4400,0.33,0.09,Cao
Brazil,BR,gia dụng,fritadeira mondial,3600,0.25,0.06,Cao
Brazil,BR,gia dụng,fritadeira philco,3600,0.24,0.06,Cao
Brazil,BR,gia dụng,air fryer 6 litros,3600,0.26,0.08,Cao
Brazil,BR,gia dụng,air fryer oven philco,3600,0.29,0.09,Cao
Brazil,BR,gia dụng,roomba,3600,2.23,0.10,Cao
Brazil,BR,gia dụng,fryer,3600,0.40,0.07,Cao
Brazil,BR,gia dụng,mini air fryer,3600,0.12,0.03,Cao
Brazil,BR,gia dụng,airfryer ninja,2900,0.21,0.05,Cao
Brazil,BR,gia dụng,fritadeira eletrica philco,2900,0.21,0.06,Cao
Brazil,BR,gia dụng,air fryer mondial 3 5 litros,2900,0.17,0.05,Cao
Brazil,BR,gia dụng,air fryer em promoção,2900,0.24,0.06,Cao
Brazil,BR,gia dụng,air fryer mondial 5 litros,2400,0.20,0.06,Cao
Brazil,BR,gia dụng,air fryer 4l,2400,0.26,0.07,Cao
Brazil,BR,gia dụng,xiaomi robot,2400,0.29,0.06,Cao
Brazil,BR,gia dụng,fritadeira air fryer mondial,2400,0.28,0.07,Cao
Brazil,BR,gia dụng,air fryer mondial 4l,2400,0.21,0.06,Cao
Brazil,BR,gia dụng,oven fryer,2400,0.29,0.06,Cao
Brazil,BR,gia dụng,air fryer oster 3 em 1,2400,0.24,0.07,Cao
Brazil,BR,gia dụng,air fryer multilaser,2400,0.17,0.04,Cao
Brazil,BR,gia dụng,fritadeira oven fryer 12l oster 3 em 1,2400,0.49,0.10,Cao
Brazil,BR,gia dụng,air fryer carrefour,2400,0.12,0.02,Cao
Brazil,BR,gia dụng,air fryer philco 12l,2400,0.25,0.07,Cao
Brazil,BR,gia dụng,air fryer nell,2400,0.14,0.04,Cao
Brazil,BR,gia dụng,best robot vacuum,2400,1.29,0.11,Thấp
Brazil,BR,gia dụng,best robot vacuum cleaner,2400,1.29,0.11,Thấp
Brazil,BR,gia dụng,best automatic vacuum,2400,1.29,0.11,Thấp
Brazil,BR,gia dụng,air fryer 5l,1900,0.24,0.07,Cao
Brazil,BR,gia dụng,air fryer philco 4l,1900,0.21,0.06,Cao
Brazil,BR,gia dụng,air fryer britania 12l,1900,0.29,0.07,Cao
Brazil,BR,gia dụng,fritadeira oven,1900,0.28,0.06,Cao
Brazil,BR,gia dụng,airfryer midea,1900,0.24,0.07,Cao
Brazil,BR,gia dụng,xiaomi robot vacuum,1900,0.29,0.06,Cao
Brazil,BR,gia dụng,fritadeira sem oleo,1600,0.46,0.08,Cao
Brazil,BR,gia dụng,fritadeira eletrica oster,1600,0.41,0.09,Cao
Brazil,BR,gia dụng,fritadeira air fryer philco,1600,0.26,0.08,Cao
Brazil,BR,gia dụng,fritadeira philips walita,1600,0.33,0.07,Cao
Brazil,BR,gia dụng,air fryer 8l,1600,0.27,0.07,Cao
Brazil,BR,gia dụng,fritadeira electrolux,1600,0.33,0.08,Cao
Brazil,BR,gia dụng,fritadeira britania,1600,0.32,0.07,Cao
Brazil,BR,gia dụng,aspiradoras shark,1600,0.31,0.06,Cao
Brazil,BR,gia dụng,air fryer 3 litros,1600,0.20,0.05,Cao
Brazil,BR,gia dụng,air fryer black friday,1600,0.00,0.00,Cao
Brazil,BR,gia dụng,ecovac,1600,0.41,0.07,Cao
Brazil,BR,gia dụng,i robot roomba,1600,2.03,0.11,Cao
Brazil,BR,gia dụng,air fryer polishop,1300,1.11,0.08,Cao
Brazil,BR,gia dụng,air fryer 5 litros mondial,1300,0.22,0.06,Cao
Brazil,BR,gia dụng,air fryer philco oven,1300,0.30,0.08,Cao
Brazil,BR,gia dụng,fritadeira sem óleo,1300,0.27,0.06,Cao
Brazil,BR,gia dụng,air fryer 7 litros,1300,0.25,0.07,Cao
Brazil,BR,gia dụng,fritadeira eletrica britania,1300,0.27,0.07,Cao
Brazil,BR,gia dụng,fritadeira elétrica electrolux,1300,0.36,0.09,Cao
Brazil,BR,gia dụng,air fryer 8 litros mondial,1300,0.24,0.08,Cao
Brazil,BR,gia dụng,xiaomi aspirador,1300,0.33,0.07,Cao
Brazil,BR,gia dụng,air fryer midea 4l,1300,0.17,0.05,Cao
Brazil,BR,gia dụng,air fryer britania 4 litros,1300,0.20,0.05,Cao
Brazil,BR,gia dụng,preço de airfryer,1300,0.11,0.02,Cao
Brazil,BR,gia dụng,air fryer xiaomi,1300,0.19,0.05,Cao
Brazil,BR,gia dụng,air fryer 4 litros mondial,1000,0.21,0.06,Cao
Brazil,BR,gia dụng,fritadeira elétrica 5 litros,1000,0.32,0.06,Cao
Brazil,BR,gia dụng,airfryer mondial 5l,1000,0.24,0.06,Cao
Brazil,BR,gia dụng,comprar air fryer,1000,0.42,0.08,Cao
Brazil,BR,gia dụng,fritadeira air fryer oster,1000,0.31,0.08,Cao
Brazil,BR,gia dụng,air fryer walita philips,1000,0.29,0.07,Cao
Brazil,BR,gia dụng,fritadeira philco air fryer oven 12l pfr2200p 127v,1000,0.33,0.10,Cao
Brazil,BR,gia dụng,air fryer 3 5 litros,1000,0.21,0.06,Cao
Brazil,BR,gia dụng,amazon air fryer,1000,0.32,0.05,Cao
Brazil,BR,gia dụng,air fryer amazon,1000,0.26,0.04,Cao
Brazil,BR,gia dụng,xiaomi vacuum,1000,0.34,0.07,Cao
Brazil,BR,làm đẹp,skin care,135000,0.62,0.16,Cao
Brazil,BR,làm đẹp,kit skincare,22200,0.48,0.16,Cao
Brazil,BR,làm đẹp,nivea creme,9900,0.35,0.06,Cao
Brazil,BR,làm đẹp,creamy retinol,9900,0.32,0.08,Cao
Brazil,BR,làm đẹp,skin care coreano,9900,0.26,0.04,Cao
Brazil,BR,làm đẹp,principia skin care,6600,0.51,0.09,Cao
Brazil,BR,làm đẹp,nivea face,5400,0.35,0.06,Cao
Brazil,BR,làm đẹp,serum laroche,5400,0.28,0.09,Cao
Brazil,BR,làm đẹp,moisturizer,4400,0.92,0.22,Trung bình
Brazil,BR,làm đẹp,neutrogena body care,2900,0.38,0.05,Cao
Brazil,BR,làm đẹp,creamy eye cream,2900,0.35,0.11,Cao
Brazil,BR,làm đẹp,serum retinol,2400,0.42,0.15,Cao
Brazil,BR,làm đẹp,cetaphil restoraderm,2400,0.38,0.08,Cao
Brazil,BR,làm đẹp,phyto corrective gel,2400,1.28,0.18,Cao
Brazil,BR,làm đẹp,dermacare,1900,0.79,0.13,Trung bình
Brazil,BR,làm đẹp,eye cream,1900,0.40,0.11,Cao
Brazil,BR,làm đẹp,dyson sonic,1600,0.42,0.06,Cao
Brazil,BR,làm đẹp,eucerin antiredness,1600,0.34,0.09,Cao
Brazil,BR,làm đẹp,dyson supersonic,1600,0.42,0.06,Cao
Brazil,BR,làm đẹp,retinol cream,1600,0.28,0.08,Cao
Brazil,BR,làm đẹp,dyson hairdryer,1600,0.42,0.06,Cao
Brazil,BR,làm đẹp,body lotion,1600,0.42,0.12,Cao
Brazil,BR,làm đẹp,skinceuticals retinol 0.3,1600,1.33,0.17,Cao
Brazil,BR,làm đẹp,hair dryer,1300,0.60,0.04,Cao
Brazil,BR,làm đẹp,retinil serum,1300,0.42,0.14,Cao
Brazil,BR,làm đẹp,niacinamide serum,1300,0.49,0.12,Cao
Brazil,BR,làm đẹp,bubble skincare,1300,0.46,0.06,Cao
Brazil,BR,làm đẹp,cleanser,1300,0.95,0.18,Cao
Brazil,BR,làm đẹp,balm nivea,1000,0.25,0.05,Cao
Brazil,BR,làm đẹp,korean skincare,1000,0.48,0.08,Trung bình
Brazil,BR,làm đẹp,cetaphil gentle skin cleanser,1000,0.39,0.07,Cao
Brazil,BR,làm đẹp,face wash,1000,0.82,0.23,Trung bình
Brazil,BR,làm đẹp,korean skin care,1000,0.48,0.08,Trung bình
Brazil,BR,mẹ và bé,baba eletronica taktark,5400,0.22,0.07,Cao
Brazil,BR,mẹ và bé,baby monitor,3600,0.17,0.03,Cao
Brazil,BR,mẹ và bé,strollers,2900,2.27,0.35,Trung bình
Brazil,BR,mẹ và bé,baba eletronica nanit,1300,0.24,0.07,Cao
Brazil,BR,nhà cửa,drip coffee,22200,0.53,0.09,Cao
Brazil,BR,nhà cửa,nespressovertuo,8100,4.47,0.15,Cao
Brazil,BR,nhà cửa,nespresso vertuo,8100,4.47,0.15,Cao
Brazil,BR,nhà cửa,nespresso essenza mini,6600,1.32,0.11,Cao
Brazil,BR,nhà cửa,best ergonomic office chair,6600,0.00,0.00,Thấp
Brazil,BR,nhà cửa,herman miller aeron,3600,0.76,0.11,Cao
Brazil,BR,nhà cửa,nespresso vertuo pop,3600,1.97,0.11,Cao
Brazil,BR,nhà cửa,best office chair,2900,1.73,0.67,Thấp
Brazil,BR,nhà cửa,gaggia classic,2900,0.28,0.05,Cao
Brazil,BR,nhà cửa,essenza mini,1900,0.51,0.11,Cao
Brazil,BR,nhà cửa,herman miller embody,1900,1.18,0.16,Cao
Brazil,BR,nhà cửa,nespresso citiz,1600,0.58,0.12,Cao
Brazil,BR,nhà cửa,percolator,1600,0.35,0.07,Thấp
Brazil,BR,nhà cửa,nespresso mini,1300,0.50,0.10,Cao
Brazil,BR,nhà cửa,nespresso cappuccino,1300,1.61,0.06,Cao
Brazil,BR,nhà cửa,nespresso inissia,1300,0.44,0.07,Cao
Brazil,BR,nhà cửa,coffee machine,1000,0.66,0.11,Cao
Brazil,BR,nhà cửa,nespresso lattissima,1000,0.47,0.13,Cao
Brazil,BR,nhà cửa,nespresso pixie,1000,1.93,0.13,Cao
Brazil,BR,thú cưng,best dog food brands,8100,0.00,0.00,Thấp
Brazil,BR,thú cưng,good dog food brands,8100,0.00,0.00,Thấp
Brazil,BR,thú cưng,royal canin gastro intestinal,6600,0.59,0.15,Cao
Brazil,BR,thú cưng,royal canin gastrointestinal,6600,0.59,0.15,Cao
Brazil,BR,thú cưng,royal canin hypo,5400,0.58,0.14,Cao
Brazil,BR,thú cưng,royal canin hypoallergenic,5400,0.58,0.14,Cao
Brazil,BR,thú cưng,royal canin satiety,4400,0.58,0.14,Cao
Brazil,BR,thú cưng,dog food,3600,0.57,0.11,Cao
Brazil,BR,thú cưng,food dog,3600,0.57,0.11,Cao
Brazil,BR,thú cưng,royal canin urinary,2900,0.48,0.10,Cao
Brazil,BR,thú cưng,royal canin gastro low fat,2400,0.63,0.16,Cao
Brazil,BR,thú cưng,royal canin gastrointestinal low fat,2400,0.63,0.16,Cao
Brazil,BR,thú cưng,purina pro plan,1900,0.38,0.13,Cao
Brazil,BR,thú cưng,pet camera,1300,0.24,0.06,Cao
Brazil,BR,thú cưng,royal canin shih tzu,1300,0.43,0.10,Cao
Brazil,BR,thú cưng,special dog 15kg,1300,0.30,0.04,Cao
Brazil,BR,thú cưng,farmina n&d,1000,0.68,0.13,Cao
Brazil,BR,thú cưng,dog natural food,1000,1.22,0.23,Cao
Brazil,BR,thú cưng,food dog senior,1000,0.40,0.09,Cao
Brazil,BR,thú cưng,natural dog food,1000,1.22,0.23,Cao
Brazil,BR,thú cưng,royal canin urinary so,1000,0.48,0.11,Cao
Brazil,BR,thú cưng,senior dog food,1000,0.40,0.09,Cao
Brazil,BR,thú cưng,royal canin hepatic,1000,0.48,0.11,Cao
Brazil,BR,thể thao,new balance 1080,33100,0.17,0.03,Cao
Brazil,BR,thể thao,nb 1080,33100,0.17,0.03,Cao
Brazil,BR,thể thao,ultraboost,22200,0.18,0.04,Cao
Brazil,BR,thể thao,nike pegasus,22200,0.19,0.05,Cao
Brazil,BR,thể thao,tapete de yoga,18100,0.28,0.05,Cao
Brazil,BR,thể thao,adidas ultra boost,18100,0.13,0.06,Cao
Brazil,BR,thể thao,nike air zoom,14800,0.21,0.05,Cao
Brazil,BR,thể thao,asics novablast,14800,0.71,0.08,Cao
Brazil,BR,thể thao,asics gel nimbus,14800,0.19,0.05,Cao
Brazil,BR,thể thao,asics gel 1130,12100,0.41,0.06,Cao
Brazil,BR,thể thao,nike running,12100,0.23,0.05,Cao
Brazil,BR,thể thao,tapete yoga,12100,0.38,0.06,Cao
Brazil,BR,thể thao,novablast,12100,0.62,0.08,Cao
Brazil,BR,thể thao,nike revolution,9900,0.21,0.06,Cao
Brazil,BR,thể thao,asics gel kayano,9900,0.21,0.05,Cao
Brazil,BR,thể thao,adidas supernova,8100,0.11,0.08,Cao
Brazil,BR,thể thao,nike vapormax,8100,0.22,0.05,Cao
Brazil,BR,thể thao,asics kayano,8100,0.21,0.05,Cao
Brazil,BR,thể thao,asics gel kayano 14,8100,0.18,0.05,Cao
Brazil,BR,thể thao,nike revolution 6,6600,0.26,0.04,Cao
Brazil,BR,thể thao,on cloudmonster,6600,0.27,0.05,Cao
Brazil,BR,thể thao,cloudmonster,6600,0.31,0.06,Cao
Brazil,BR,thể thao,nike downshifter 12,5400,0.24,0.04,Cao
Brazil,BR,thể thao,alphafly,5400,0.44,0.08,Cao
Brazil,BR,thể thao,gt 2000,5400,0.08,0.01,Cao
Brazil,BR,thể thao,hoka clifton 9,5400,0.21,0.04,Cao
Brazil,BR,thể thao,nike vaporfly,5400,0.34,0.07,Cao
Brazil,BR,thể thao,hoka bondi,5400,0.20,0.02,Cao
Brazil,BR,thể thao,asics gt 2000,5400,0.49,0.07,Cao
Brazil,BR,thể thao,nike invincible run 3,5400,0.23,0.06,Cao
Brazil,BR,thể thao,nike air zoom pegasus,4400,0.18,0.05,Cao
Brazil,BR,thể thao,asics gel cumulus,4400,0.50,0.07,Cao
Brazil,BR,thể thao,asics cumulus,4400,0.51,0.07,Cao
Brazil,BR,thể thao,asics metaspeed,4400,0.75,0.08,Cao
Brazil,BR,thể thao,adizero sl,4400,0.14,0.06,Cao
Brazil,BR,thể thao,adidas adizero sl,4400,0.16,0.06,Cao
Brazil,BR,thể thao,mizuno wave rider,4400,0.55,0.07,Cao
Brazil,BR,thể thao,vaporfly,3600,0.25,0.06,Cao
Brazil,BR,thể thao,asics gel excite,3600,0.47,0.07,Cao
Brazil,BR,thể thao,nike reacts,3600,0.22,0.06,Cao
Brazil,BR,thể thao,new balance 880,3600,0.13,0.03,Cao
Brazil,BR,thể thao,air zoom,2900,0.22,0.05,Cao
Brazil,BR,thể thao,hoka bondi 8,2900,0.22,0.04,Cao
Brazil,BR,thể thao,hoka clifton,2900,0.22,0.04,Cao
Brazil,BR,thể thao,nike trail,2400,0.35,0.08,Cao
Brazil,BR,thể thao,nimbus 25,2400,0.15,0.04,Cao
Brazil,BR,thể thao,nike revolution 5,2400,0.25,0.04,Cao
Brazil,BR,thể thao,asics gt 1000,2400,0.45,0.06,Cao
Brazil,BR,thể thao,nike zoom pegasus,2400,0.15,0.04,Cao
Brazil,BR,thể thao,on cloudsurfer,2400,0.32,0.07,Cao
Brazil,BR,thể thao,new balance hierro,2400,0.20,0.03,Cao
Brazil,BR,thể thao,cloudsurfer,2400,0.28,0.06,Cao
Brazil,BR,thể thao,pegasus nike,2400,0.26,0.06,Cao
Brazil,BR,thể thao,vapormax nike,2400,0.20,0.05,Cao
Brazil,BR,thể thao,asics dynablast,2400,0.49,0.07,Cao
Brazil,BR,thể thao,best running shoes,2400,1.16,0.25,Thấp
Brazil,BR,thể thao,novablast 3,1900,0.41,0.06,Cao
Brazil,BR,thể thao,nike winflo,1900,0.28,0.06,Cao
Brazil,BR,thể thao,nike winflo 10,1900,0.23,0.05,Cao
Brazil,BR,thể thao,asics novablast 3,1600,0.46,0.07,Cao
Brazil,BR,thể thao,asics gel nimbus 25,1600,0.16,0.04,Cao
Brazil,BR,thể thao,ultraboost 21,1600,0.11,0.05,Cao
Brazil,BR,thể thao,gel nimbus,1600,0.23,0.05,Cao
Brazil,BR,thể thao,asics nimbus 9,1600,0.14,0.05,Cao
Brazil,BR,thể thao,asics gel excite 8,1600,0.37,0.05,Cao
Brazil,BR,thể thao,nimbus asics,1600,0.22,0.06,Cao
Brazil,BR,thể thao,sports shoes,1600,0.36,0.05,Cao
Brazil,BR,thể thao,new balance 860,1600,0.14,0.03,Cao
Brazil,BR,thể thao,yoga mat,1300,0.60,0.12,Cao
Brazil,BR,thể thao,nike downshifter 11,1300,0.27,0.05,Cao
Brazil,BR,thể thao,zoom fly 5,1300,0.31,0.06,Cao
Brazil,BR,thể thao,asics running,1300,0.58,0.08,Cao
Brazil,BR,thể thao,brooks glycerin,1300,0.28,0.05,Cao
Brazil,BR,thể thao,asics runners,1300,0.58,0.08,Cao
Brazil,BR,thể thao,running shoes,1000,0.68,0.12,Cao
Brazil,BR,thể thao,new balance 1080 v12,1000,0.14,0.04,Cao
Brazil,BR,thể thao,asics gel nimbus 9,1000,0.13,0.05,Cao
Brazil,BR,thể thao,adidas ultra boost 22,1000,0.13,0.05,Cao
Brazil,BR,thể thao,nike superrep,1000,0.30,0.06,Cao
Brazil,BR,thể thao,adidas runfalcon 3.0,1000,0.14,0.05,Cao
Brazil,BR,thể thao,downshifter 12,1000,0.21,0.04,Cao
Brazil,BR,thể thao,adidas adios,1000,0.16,0.07,Cao
Brazil,BR,thể thao,nike pegasus 39,1000,0.22,0.04,Cao
Brazil,BR,thể thao,on cloud 5,1000,0.48,0.07,Cao
Brazil,BR,thể thao,brooks adrenaline gts,1000,0.29,0.06,Cao
Brazil,BR,thời trang,new balance 530,246000,0.26,0.03,Cao
Brazil,BR,thời trang,adidas sambas,246000,0.20,0.04,Cao
Brazil,BR,thời trang,adidas campus,110000,0.16,0.02,Cao
Brazil,BR,thời trang,nike dunk,90500,0.22,0.05,Cao
Brazil,BR,thời trang,nike dunks,90500,0.22,0.05,Cao
Brazil,BR,thời trang,adidas superstar,74000,0.13,0.08,Cao
Brazil,BR,thời trang,nike airmax,74000,0.21,0.05,Cao
Brazil,BR,thời trang,newbalance 550,60500,0.18,0.02,Cao
Brazil,BR,thời trang,air force 1,60500,0.22,0.05,Cao
Brazil,BR,thời trang,new balance 550,60500,0.18,0.02,Cao
Brazil,BR,thời trang,sneakers,49500,0.47,0.09,Cao
Brazil,BR,thời trang,puma suede,40500,0.15,0.04,Cao
Brazil,BR,thời trang,airjordan,40500,0.21,0.05,Cao
Brazil,BR,thời trang,chuteira futsal nike,40500,0.16,0.03,Cao
Brazil,BR,thời trang,adidas gazelle,40500,0.14,0.06,Cao
Brazil,BR,thời trang,air jordans,40500,0.21,0.05,Cao
Brazil,BR,thời trang,dunk low nike,33100,0.23,0.06,Cao
Brazil,BR,thời trang,nike air force1,33100,0.25,0.06,Cao
Brazil,BR,thời trang,nike air force 1,33100,0.25,0.06,Cao
Brazil,BR,thời trang,vapormax,33100,0.24,0.05,Cao
Brazil,BR,thời trang,nike metcon,27100,0.28,0.07,Cao
Brazil,BR,thời trang,dunks low,27100,0.20,0.05,Cao
Brazil,BR,thời trang,all star converse,27100,0.34,0.06,Cao
Brazil,BR,thời trang,new balance 480,22200,0.12,0.02,Cao
Brazil,BR,thời trang,puma speedcat,22200,0.23,0.06,Cao
Brazil,BR,thời trang,new balance 574,22200,0.18,0.03,Cao
Brazil,BR,thời trang,nike jordan,22200,0.21,0.05,Cao
Brazil,BR,thời trang,yeezys,22200,0.30,0.05,Cao
Brazil,BR,thời trang,new balance 327,18100,0.18,0.03,Cao
Brazil,BR,thời trang,asics japan s,14800,0.34,0.06,Cao
Brazil,BR,thời trang,jordan1,14800,0.22,0.05,Cao
Brazil,BR,thời trang,adidas ultraboost,14800,0.14,0.06,Cao
Brazil,BR,thời trang,reebok nano,12100,0.23,0.05,Cao
Brazil,BR,thời trang,air jordan 1,12100,0.23,0.06,Cao
Brazil,BR,thời trang,backpack,9900,0.80,0.15,Thấp
Brazil,BR,thời trang,nike air max plus,9900,0.27,0.06,Cao
Brazil,BR,thời trang,adidas stan smith,9900,0.14,0.12,Cao
Brazil,BR,thời trang,vans authentic,9900,0.16,0.05,Cao
Brazil,BR,thời trang,nike metcon 9,9900,0.26,0.07,Cao
Brazil,BR,thời trang,new balance 2002r,9900,0.19,0.02,Cao
Brazil,BR,thời trang,nike air jordan,9900,0.23,0.05,Cao
Brazil,BR,thời trang,adidas nmd,9900,0.13,0.08,Cao
Brazil,BR,thời trang,balenciaga track,9900,0.12,0.03,Trung bình
Brazil,BR,thời trang,vapormax plus,8100,0.25,0.06,Cao
Brazil,BR,thời trang,asics 1130,8100,0.46,0.07,Cao
Brazil,BR,thời trang,adidas grand court alpha,8100,0.16,0.07,Cao
Brazil,BR,thời trang,adidas yeezy,8100,0.30,0.05,Cao
Brazil,BR,thời trang,adidas samba og,6600,0.26,0.06,Cao
Brazil,BR,thời trang,puma slipstream,6600,0.16,0.04,Cao
Brazil,BR,thời trang,slipstream puma,6600,0.16,0.04,Cao
Brazil,BR,thời trang,reebok club c 85,6600,0.19,0.04,Cao
Brazil,BR,thời trang,nike air max plus tn,5400,0.20,0.05,Cao
Brazil,BR,thời trang,nike ebernon low,5400,0.20,0.05,Cao
Brazil,BR,thời trang,nike blazers,5400,0.24,0.06,Cao
Brazil,BR,thời trang,snkrs,5400,0.29,0.05,Cao
Brazil,BR,thời trang,nike air force one,5400,0.22,0.05,Cao
Brazil,BR,thời trang,adidas handball spezial,5400,0.14,0.09,Cao
Brazil,BR,thời trang,air max 1,4400,0.22,0.05,Cao
Brazil,BR,thời trang,nike sb dunk low,4400,0.20,0.04,Cao
Brazil,BR,thời trang,nike court royale,4400,0.24,0.05,Cao
Brazil,BR,thời trang,nike rosa,4400,0.25,0.06,Cao
Brazil,BR,thời trang,nike shoes,4400,0.21,0.02,Cao
Brazil,BR,thời trang,converse chuck taylor,4400,0.24,0.06,Cao
Brazil,BR,thời trang,nike sneakers,4400,0.46,0.08,Cao
Brazil,BR,thời trang,reebok club c,4400,0.17,0.03,Cao
Brazil,BR,thời trang,vans era,3600,0.17,0.04,Cao
Brazil,BR,thời trang,snkrs nike,3600,0.57,0.09,Cao
Brazil,BR,thời trang,yeezy foam runner,3600,0.21,0.03,Cao
Brazil,BR,thời trang,adidas nmd r1,3600,0.12,0.05,Cao
Brazil,BR,thời trang,puma suede classic,2900,0.17,0.04,Cao
Brazil,BR,thời trang,metcon nike,2900,0.35,0.07,Cao
Brazil,BR,thời trang,vans ultrarange rapidweld,2900,0.22,0.06,Cao
Brazil,BR,thời trang,new balance rosa,2900,0.22,0.02,Cao
Brazil,BR,thời trang,on shoes,2900,3.82,0.19,Cao
Brazil,BR,thời trang,reebok classic,2900,0.16,0.03,Cao
Brazil,BR,thời trang,nike air force 1 07,2400,0.33,0.07,Cao
Brazil,BR,thời trang,nike blazer mid,2400,0.22,0.05,Cao
Brazil,BR,thời trang,nike sb dunk,2400,0.18,0.04,Cao
Brazil,BR,thời trang,nike dunk sb,2400,0.18,0.04,Cao
Brazil,BR,thời trang,dunk sb,2400,0.21,0.04,Cao
Brazil,BR,thời trang,nike air jordan 1,2400,0.26,0.05,Cao
Brazil,BR,thời trang,fjallraven kanken,2400,0.48,0.09,Cao
Brazil,BR,thời trang,nmd,2400,0.14,0.09,Cao
Brazil,BR,thời trang,nike dunk high,1900,0.21,0.06,Cao
Brazil,BR,thời trang,new balance 5740,1900,0.14,0.02,Cao
Brazil,BR,thời trang,nike dior,1900,0.55,0.11,Cao
Brazil,BR,thời trang,chuck taylor 70,1900,0.34,0.06,Cao
Brazil,BR,thời trang,barefoot shoes,1900,0.35,0.07,Cao
Brazil,BR,thời trang,nike metcon 8,1900,0.27,0.06,Cao
Brazil,BR,thời trang,new balance 237,1900,0.14,0.02,Cao
Brazil,BR,thời trang,nike air max 1,1600,0.23,0.04,Cao
Brazil,BR,thời trang,new balance ct300,1600,0.15,0.02,Cao
Brazil,BR,thời trang,nike court royale 2,1600,0.25,0.06,Cao
Brazil,BR,thời trang,grand court adidas,1600,0.15,0.08,Cao
Brazil,BR,thời trang,nike louis vuitton,1600,0.35,0.07,Trung bình
Brazil,BR,thời trang,adidas shoes,1600,0.19,0.10,Cao
Brazil,BR,thời trang,nike blazer mid 77,1600,0.19,0.05,Cao
Brazil,BR,thời trang,air force 1 07,1300,0.35,0.08,Cao
Brazil,BR,thời trang,nike air max plus 3,1300,0.25,0.06,Cao
Brazil,BR,thời trang,adidas 4d,1300,0.14,0.05,Cao
Brazil,BR,thời trang,puma ultra,1300,0.15,0.03,Cao
Brazil,BR,thời trang,adidas originals superstar,1300,0.14,0.08,Cao
Brazil,BR,thời trang,rucksack,1300,1.11,0.34,Thấp
Brazil,BR,thời trang,nike blazer low,1300,0.24,0.06,Cao
Brazil,BR,thời trang,back pack,1300,0.82,0.11,Thấp
Brazil,BR,thời trang,balenciaga triple s,1300,0.19,0.03,Cao
Brazil,BR,thời trang,reebok club c 85 vintage,1300,0.23,0.05,Cao
Brazil,BR,thời trang,nike air force 1 low,1300,0.25,0.07,Cao
Brazil,BR,thời trang,nike md runner 2,1000,0.19,0.05,Cao
Brazil,BR,thời trang,puma classic,1000,0.20,0.06,Cao
Brazil,BR,thời trang,adidas sneakers,1000,0.14,0.09,Cao
Brazil,BR,thời trang,nike court legacy lift,1000,0.28,0.06,Cao
Brazil,BR,thời trang,adidas ultraboost 22,1000,0.13,0.05,Cao
Brazil,BR,thời trang,adidas astir,1000,0.14,0.11,Cao
Brazil,BR,thời trang,nike metcon 7,1000,0.33,0.09,Cao
Brazil,BR,thời trang,nmd r1,1000,0.14,0.06,Cao
Brazil,BR,điện tử,smartwatch,301000,0.22,0.04,Cao
Brazil,BR,điện tử,smartwatch samsung,60500,0.24,0.04,Cao
Brazil,BR,điện tử,smart watch,49500,0.19,0.04,Cao
Brazil,BR,điện tử,smartwatch xiaomi,40500,0.17,0.04,Cao
Brazil,BR,điện tử,smartwatch apple,22200,0.13,0.03,Cao
Brazil,BR,điện tử,samsung watches,18100,0.30,0.05,Cao
Brazil,BR,điện tử,smartwatch feminino,12100,0.20,0.04,Cao
Brazil,BR,điện tử,xiaomi smartwatch,12100,0.17,0.04,Cao
Brazil,BR,điện tử,samsung smartwatch,9900,0.25,0.04,Cao
Brazil,BR,điện tử,smart band,8100,0.26,0.04,Cao
Brazil,BR,điện tử,buds 2 pro,6600,0.26,0.05,Cao
Brazil,BR,điện tử,smartwatch garmin,6600,0.14,0.03,Cao
Brazil,BR,điện tử,smartwatch motorola,6600,0.14,0.03,Cao
Brazil,BR,điện tử,melhores smartwatch,6600,0.13,0.04,Cao
Brazil,BR,điện tử,melhor smartwatch,6600,0.13,0.04,Cao
Brazil,BR,điện tử,earbuds,6600,0.36,0.07,Cao
Brazil,BR,điện tử,jbl tune flex,4400,0.27,0.07,Cao
Brazil,BR,điện tử,ticwatch pro 5,4400,0.16,0.04,Cao
Brazil,BR,điện tử,smartwatch haylou,4400,0.16,0.04,Cao
Brazil,BR,điện tử,smartwatch masculino,4400,0.18,0.04,Cao
Brazil,BR,điện tử,earpods,4400,0.16,0.06,Cao
Brazil,BR,điện tử,smartwatch ultra,3600,0.19,0.04,Cao
Brazil,BR,điện tử,smart watch ultra,3600,0.19,0.04,Cao
Brazil,BR,điện tử,smartwatch redondo,3600,0.18,0.04,Cao
Brazil,BR,điện tử,apple smartwatch,2900,0.12,0.03,Cao
Brazil,BR,điện tử,smartwatch infantil,2900,0.14,0.03,Cao
Brazil,BR,điện tử,smartwatch mormaii,2900,0.15,0.04,Cao
Brazil,BR,điện tử,haylou solar,2900,0.15,0.04,Cao
Brazil,BR,điện tử,beats fit pro,2900,0.31,0.07,Cao
Brazil,BR,điện tử,ticwatch,2400,0.17,0.05,Cao
Brazil,BR,điện tử,smartwatch d20,2400,0.17,0.03,Cao
Brazil,BR,điện tử,smartwatch samsung feminino,2400,0.23,0.05,Cao
Brazil,BR,điện tử,garmin smartwatch,2400,0.15,0.02,Cao
Brazil,BR,điện tử,air buds,2400,0.22,0.05,Cao
Brazil,BR,điện tử,buds live,2400,0.23,0.04,Cao
Brazil,BR,điện tử,smartwatch iphone,2400,0.14,0.03,Cao
Brazil,BR,điện tử,smartwatches,1900,0.30,0.04,Cao
Brazil,BR,điện tử,jbl endurance race,1900,0.49,0.09,Cao
Brazil,BR,điện tử,ticwatch e3,1900,0.12,0.04,Cao
Brazil,BR,điện tử,carbon smartwatch,1900,0.26,0.06,Cao
Brazil,BR,điện tử,smartwatch casio,1900,0.15,0.03,Cao
Brazil,BR,điện tử,smartwatch redmi,1900,0.14,0.04,Cao
Brazil,BR,điện tử,best wireless earbuds,1900,0.57,0.20,Thấp
Brazil,BR,điện tử,jbl live pro 2,1900,0.37,0.07,Cao
Brazil,BR,điện tử,casio smartwatch,1900,0.15,0.03,Cao
Brazil,BR,điện tử,smartwatch android,1600,0.15,0.04,Cao
Brazil,BR,điện tử,jbl wave,1600,0.50,0.09,Cao
Brazil,BR,điện tử,pixel watch google,1600,0.20,0.06,Cao
Brazil,BR,điện tử,galaxy buds pro 2,1600,0.26,0.05,Cao
Brazil,BR,điện tử,smartwatch samsung galaxy,1300,0.28,0.06,Cao
Brazil,BR,điện tử,smartwatch gps,1300,0.17,0.04,Cao
Brazil,BR,điện tử,smartwatch polar,1300,0.18,0.04,Cao
Brazil,BR,điện tử,smartwatch galaxy,1300,0.25,0.05,Cao
Brazil,BR,điện tử,smartwatch 8,1300,0.28,0.07,Cao
Brazil,BR,điện tử,smartwatch 7,1300,0.20,0.06,Cao
Brazil,BR,điện tử,samsung earbuds,1300,0.34,0.07,Cao
Brazil,BR,điện tử,beats studio buds,1300,0.24,0.06,Cao
Brazil,BR,điện tử,samsung smart watch,1300,0.26,0.05,Cao
Brazil,BR,điện tử,powerbeats pro,1300,0.27,0.07,Cao
Brazil,BR,điện tử,galaxy smartwatch,1300,0.28,0.05,Cao
Brazil,BR,điện tử,apple head phones,1000,0.26,0.08,Cao
Canada,CA,gia dụng,air fryer,90500,0.49,0.10,Cao
Canada,CA,gia dụng,ninja air fryer,49500,0.44,0.14,Cao
Canada,CA,gia dụng,robot vacuum,22200,1.39,0.25,Cao
Canada,CA,gia dụng,airfryer,22200,0.54,0.10,Cao
Canada,CA,gia dụng,robot vacuum cleaner,22200,1.39,0.25,Cao
Canada,CA,gia dụng,automatic vacuum cleaner,22200,1.39,0.25,Cao
Canada,CA,gia dụng,roomba,14800,2.88,0.46,Cao
Canada,CA,gia dụng,gourmia air fryer,12100,0.33,0.10,Cao
Canada,CA,gia dụng,robot vacuum and mop,9900,1.55,0.34,Cao
Canada,CA,gia dụng,air fryer ninja,9900,0.40,0.11,Cao
Canada,CA,gia dụng,ninja foodi,8100,0.48,0.12,Cao
Canada,CA,gia dụng,best air fryer,8100,0.55,0.06,Cao
Canada,CA,gia dụng,best robot vacuum,6600,2.17,0.56,Cao
Canada,CA,gia dụng,cosori air fryer,6600,0.40,0.12,Cao
Canada,CA,gia dụng,best robot vacuum cleaner,6600,2.17,0.56,Cao
Canada,CA,gia dụng,best automatic vacuum,6600,2.17,0.56,Cao
Canada,CA,gia dụng,kalorik air fryer,5400,0.29,0.08,Cao
Canada,CA,gia dụng,roomba vacuum,4400,2.50,0.35,Cao
Canada,CA,gia dụng,best robot vacuum and mop,4400,2.75,0.68,Cao
Canada,CA,gia dụng,chefman air fryer,4400,0.27,0.07,Cao
Canada,CA,gia dụng,ecovac,4400,4.26,0.61,Cao
Canada,CA,gia dụng,dreame vacuum,4400,3.76,0.70,Cao
Canada,CA,gia dụng,shark robot vacuum,3600,1.72,0.27,Cao
Canada,CA,gia dụng,ninja foodi air fryer,3600,0.37,0.12,Cao
Canada,CA,gia dụng,cuisinart air fryer,3600,0.35,0.10,Cao
Canada,CA,gia dụng,dyson robot vacuum,3600,1.24,0.22,Cao
Canada,CA,gia dụng,philips air fryer,2900,0.42,0.10,Cao
Canada,CA,gia dụng,instant pot air fryer,2400,0.70,0.09,Cao
Canada,CA,gia dụng,fryer,2400,1.48,0.12,Cao
Canada,CA,gia dụng,airfryer ninja,2400,0.38,0.12,Cao
Canada,CA,gia dụng,ninja grill,1900,0.57,0.15,Cao
Canada,CA,gia dụng,breville air fryer,1900,0.51,0.06,Cao
Canada,CA,gia dụng,air fryers on sale,1900,0.31,0.09,Cao
Canada,CA,gia dụng,stainless steel air fryer,1900,0.68,0.16,Cao
Canada,CA,gia dụng,eufy robot vacuum,1900,1.22,0.40,Cao
Canada,CA,gia dụng,vacuum mop,1600,1.02,0.21,Cao
Canada,CA,gia dụng,ninja foodi dual zone air fryer,1600,0.32,0.11,Thấp
Canada,CA,gia dụng,narwal vacuum,1600,3.42,0.33,Cao
Canada,CA,gia dụng,ninja dual air fryer,1300,0.37,0.16,Cao
Canada,CA,gia dụng,best robot vacuum for pet hair,1300,2.38,0.60,Cao
Canada,CA,gia dụng,robot mop,1300,1.45,0.40,Cao
Canada,CA,gia dụng,ecovacs deebot,1300,3.04,0.54,Cao
Canada,CA,gia dụng,small air fryer,1300,0.40,0.10,Cao
Canada,CA,gia dụng,roomba vacuum and mop,1300,2.90,0.38,Cao
Canada,CA,gia dụng,ninja pressure cooker,1300,0.31,0.06,Cao
Canada,CA,gia dụng,ninja speedi,1000,0.33,0.10,Cao
Canada,CA,gia dụng,narwal robot,1000,4.24,0.35,Cao
Canada,CA,gia dụng,large air fryer,1000,0.56,0.14,Cao
Canada,CA,gia dụng,ninja dual zone air fryer,1000,0.35,0.13,Cao
Canada,CA,gia dụng,robot cleaner,1000,1.33,0.20,Cao
Canada,CA,gia dụng,ninja foodi xl,1000,0.61,0.16,Cao
Canada,CA,gia dụng,roborock vacuum,1000,1.82,0.37,Cao
Canada,CA,gia dụng,vacuum and mop in one,1000,0.94,0.22,Cao
Canada,CA,làm đẹp,cerave moisturizing cream,33100,0.95,0.14,Cao
Canada,CA,làm đẹp,dyson hair dryer,27100,1.66,0.22,Cao
Canada,CA,làm đẹp,korean skincare,22200,1.34,0.40,Cao
Canada,CA,làm đẹp,korean skin care,22200,1.34,0.40,Cao
Canada,CA,làm đẹp,hair dryer,14800,1.19,0.17,Cao
Canada,CA,làm đẹp,skin care,14800,2.88,0.76,Cao
Canada,CA,làm đẹp,shark hair dryer,12100,3.38,0.31,Cao
Canada,CA,làm đẹp,niacinamide serum,12100,1.05,0.22,Cao
Canada,CA,làm đẹp,cerave cleanser,12100,0.50,0.15,Cao
Canada,CA,làm đẹp,moisturizer,12100,2.14,0.40,Cao
Canada,CA,làm đẹp,shark blow dryer,12100,3.38,0.31,Cao
Canada,CA,làm đẹp,eltamd sunscreen,9900,1.71,0.43,Cao
Canada,CA,làm đẹp,cetaphil gentle skin cleanser,9900,0.37,0.10,Cao
Canada,CA,làm đẹp,moisturizer for dry skin,9900,1.60,0.46,Trung bình
Canada,CA,làm đẹp,dyson supersonic hair dryer,8100,1.52,0.20,Cao
Canada,CA,làm đẹp,eye cream for dark circles,8100,1.60,0.40,Trung bình
Canada,CA,làm đẹp,blow dryer,8100,2.08,0.22,Cao
Canada,CA,làm đẹp,cerave hydrating cleanser,8100,1.10,0.17,Cao
Canada,CA,làm đẹp,bubble skincare,8100,0.52,0.12,Cao
Canada,CA,làm đẹp,cerave foaming facial cleanser,8100,1.04,0.16,Cao
Canada,CA,làm đẹp,cetaphil moisturizer,6600,0.38,0.11,Cao
Canada,CA,làm đẹp,retinol cream,5400,1.63,0.48,Cao
Canada,CA,làm đẹp,cetaphil cleanser,5400,0.42,0.10,Cao
Canada,CA,làm đẹp,salicylic acid cleanser,5400,2.00,0.44,Cao
Canada,CA,làm đẹp,dove body wash,5400,0.32,0.07,Cao
Canada,CA,làm đẹp,laifen hair dryer,5400,1.24,0.49,Cao
Canada,CA,làm đẹp,la roche posay cleanser,5400,0.43,0.15,Cao
Canada,CA,làm đẹp,sunscreen for face,5400,1.11,0.26,Cao
Canada,CA,làm đẹp,la roche posay moisturizer,5400,0.38,0.14,Cao
Canada,CA,làm đẹp,cerave moisturizer,5400,0.53,0.20,Cao
Canada,CA,làm đẹp,revlon blow dryer brush,5400,0.62,0.21,Cao
Canada,CA,làm đẹp,nivea cream,5400,0.43,0.08,Cao
Canada,CA,làm đẹp,face wash,4400,1.65,0.40,Cao
Canada,CA,làm đẹp,timeless vitamin c,4400,0.88,0.24,Cao
Canada,CA,làm đẹp,hair diffuser,4400,0.71,0.11,Cao
Canada,CA,làm đẹp,skin care products,3600,2.16,0.65,Cao
Canada,CA,làm đẹp,dyson supersonic,3600,1.63,0.23,Cao
Canada,CA,làm đẹp,dyson hair,3600,1.07,0.23,Cao
Canada,CA,làm đẹp,dyson hairdryer,3600,1.63,0.23,Cao
Canada,CA,làm đẹp,eye cream,3600,1.90,0.40,Cao
Canada,CA,làm đẹp,cetaphil moisturizing cream,3600,0.43,0.09,Cao
Canada,CA,làm đẹp,shark hair styler,3600,3.81,0.23,Cao
Canada,CA,làm đẹp,garnier vitamin c serum,3600,0.43,0.09,Cao
Canada,CA,làm đẹp,body lotion,3600,1.75,0.25,Cao
Canada,CA,làm đẹp,face moisturizer,3600,1.75,0.38,Cao
Canada,CA,làm đẹp,blow dryer brush,3600,1.62,0.22,Cao
Canada,CA,làm đẹp,cleanser,3600,1.74,0.77,Cao
Canada,CA,làm đẹp,cerave moisturizing lotion,3600,1.59,0.34,Cao
Canada,CA,làm đẹp,cetaphil moisturizing lotion,3600,0.64,0.10,Cao
Canada,CA,làm đẹp,paula's choice bha,2900,1.12,0.32,Cao
Canada,CA,làm đẹp,best hair dryer,2900,1.25,0.33,Cao
Canada,CA,làm đẹp,olay regenerist,2900,0.52,0.13,Cao
Canada,CA,làm đẹp,best face moisturizer,2900,1.42,0.25,Cao
Canada,CA,làm đẹp,best moisturizer for dry skin,2900,1.54,0.40,Cao
Canada,CA,làm đẹp,best lip balm,2900,0.83,0.05,Cao
Canada,CA,làm đẹp,oil cleanser,2900,1.42,0.37,Cao
Canada,CA,làm đẹp,face cleanser,2900,1.75,0.42,Cao
Canada,CA,làm đẹp,moisturizer with spf,2900,1.32,0.27,Cao
Canada,CA,làm đẹp,best eye cream,2400,1.77,0.07,Cao
Canada,CA,làm đẹp,dyson blow dryer,2400,1.44,0.30,Cao
Canada,CA,làm đẹp,best eye cream for dark circles,2400,1.72,0.31,Cao
Canada,CA,làm đẹp,hair dryer brush,2400,1.12,0.19,Cao
Canada,CA,làm đẹp,best facial cleanser,2400,1.30,0.26,Cao
Canada,CA,làm đẹp,cerave foaming cleanser,2400,1.07,0.21,Cao
Canada,CA,làm đẹp,shark hair,2400,4.49,0.24,Cao
Canada,CA,làm đẹp,the ordinary glycolic acid 7 toning solution,2400,0.40,0.24,Thấp
Canada,CA,làm đẹp,best skin care products,1900,1.98,0.58,Cao
Canada,CA,làm đẹp,isdin sunscreen,1900,0.52,0.13,Cao
Canada,CA,làm đẹp,revlon hair dryer brush,1900,0.49,0.12,Cao
Canada,CA,làm đẹp,best vitamin c serum for face,1900,1.62,0.12,Cao
Canada,CA,làm đẹp,retinol eye cream,1900,1.84,0.40,Cao
Canada,CA,làm đẹp,best moisturizer,1900,1.72,0.35,Cao
Canada,CA,làm đẹp,olay retinol 24,1900,0.34,0.06,Cao
Canada,CA,làm đẹp,clinique moisturizer,1900,0.35,0.17,Cao
Canada,CA,làm đẹp,moisturizer for oily skin,1900,1.30,0.40,Cao
Canada,CA,làm đẹp,peter thomas roth eye cream,1900,0.60,0.13,Cao
Canada,CA,làm đẹp,revair hair dryer,1900,1.88,0.21,Cao
Canada,CA,làm đẹp,rhode skincare,1900,0.40,0.06,Cao
Canada,CA,làm đẹp,best body wash for men,1900,1.73,0.02,Cao
Canada,CA,làm đẹp,byoma skincare,1900,0.53,0.30,Cao
Canada,CA,làm đẹp,the ordinary skincare,1600,0.74,0.22,Cao
Canada,CA,làm đẹp,stretch mark cream,1600,0.45,0.02,Cao
Canada,CA,làm đẹp,nivea creme,1600,0.44,0.15,Cao
Canada,CA,làm đẹp,tinted lip balm,1600,1.07,0.21,Cao
Canada,CA,làm đẹp,zo skin care,1600,2.78,0.63,Cao
Canada,CA,làm đẹp,skin bleaching cream,1600,0.94,0.18,Cao
Canada,CA,làm đẹp,best eye cream for wrinkles,1300,1.72,0.12,Cao
Canada,CA,làm đẹp,t3 hair dryer,1300,0.49,0.20,Cao
Canada,CA,làm đẹp,strivectin neck cream,1300,0.45,0.14,Cao
Canada,CA,làm đẹp,under eye cream,1300,1.67,0.40,Cao
Canada,CA,làm đẹp,clinique dramatically different moisturizing lotion,1300,0.45,0.19,Cao
Canada,CA,làm đẹp,cetaphil lotion,1300,0.68,0.09,Cao
Canada,CA,làm đẹp,the ordinary serum,1300,0.33,0.14,Cao
Canada,CA,làm đẹp,eye cream for wrinkles,1300,1.83,0.40,Cao
Canada,CA,làm đẹp,best anti wrinkle cream,1300,2.11,0.42,Cao
Canada,CA,làm đẹp,the ordinary squalane cleanser,1300,0.40,0.23,Trung bình
Canada,CA,làm đẹp,best face moisturizer for dry skin,1300,1.67,0.37,Cao
Canada,CA,làm đẹp,aveeno eczema therapy,1300,1.21,0.21,Trung bình
Canada,CA,làm đẹp,bubble moisturizer,1300,0.42,0.13,Cao
Canada,CA,làm đẹp,diffuser hair dryer,1300,0.69,0.13,Cao
Canada,CA,làm đẹp,best under eye cream,1000,1.52,0.16,Cao
Canada,CA,làm đẹp,shiseido eye cream,1000,0.99,0.19,Cao
Canada,CA,làm đẹp,neck cream,1000,1.13,0.11,Cao
Canada,CA,làm đẹp,best under eye cream for dark circles,1000,1.61,0.37,Cao
Canada,CA,làm đẹp,oil free moisturizer,1000,1.29,0.40,Cao
Canada,CA,làm đẹp,babyliss hair dryer,1000,0.50,0.16,Cao
Canada,CA,làm đẹp,rosacea cream,1000,2.30,0.17,Cao
Canada,CA,làm đẹp,best face wash for men,1000,1.15,0.47,Cao
Canada,CA,làm đẹp,blowout brush,1000,0.70,0.16,Cao
Canada,CA,làm đẹp,eye cream for bags,1000,1.58,0.38,Cao
Canada,CA,mẹ và bé,strollers,14800,0.69,0.09,Cao
Canada,CA,mẹ và bé,baby stroller,9900,0.79,0.09,Cao
Canada,CA,mẹ và bé,nuna stroller,9900,0.32,0.04,Cao
Canada,CA,mẹ và bé,infant stroller,9900,0.79,0.09,Cao
Canada,CA,mẹ và bé,newborn stroller,9900,0.79,0.09,Cao
Canada,CA,mẹ và bé,nuna pram,9900,0.32,0.04,Cao
Canada,CA,mẹ và bé,baby monitor,8100,0.50,0.11,Cao
Canada,CA,mẹ và bé,uppababy vista,8100,0.42,0.09,Cao
Canada,CA,mẹ và bé,car seat stroller,8100,0.74,0.11,Cao
Canada,CA,mẹ và bé,car seat and stroller,8100,0.74,0.11,Cao
Canada,CA,mẹ và bé,travel stroller,6600,0.80,0.13,Cao
Canada,CA,mẹ và bé,travel pram,6600,0.80,0.13,Cao
Canada,CA,mẹ và bé,travel pushchair,6600,0.80,0.13,Cao
Canada,CA,mẹ và bé,bugaboo butterfly,5400,0.44,0.07,Cao
Canada,CA,mẹ và bé,double stroller,5400,0.56,0.09,Cao
Canada,CA,mẹ và bé,owlet sock,5400,0.77,0.14,Cao
Canada,CA,mẹ và bé,doona stroller,4400,1.04,0.25,Trung bình
Canada,CA,mẹ và bé,vtech baby monitor,4400,0.33,0.09,Cao
Canada,CA,mẹ và bé,uppababy stroller,4400,0.39,0.08,Cao
Canada,CA,mẹ và bé,uppababy cruz,4400,0.33,0.08,Cao
Canada,CA,mẹ và bé,maxi cosi stroller,4400,0.25,0.04,Cao
Canada,CA,mẹ và bé,uppababy car seat,4400,0.43,0.11,Cao
Canada,CA,mẹ và bé,doona car seat and stroller,4400,1.04,0.25,Trung bình
Canada,CA,mẹ và bé,doona pram,4400,1.04,0.25,Trung bình
Canada,CA,mẹ và bé,cybex stroller,3600,0.26,0.03,Cao
Canada,CA,mẹ và bé,evenflo stroller,3600,0.42,0.12,Cao
Canada,CA,mẹ và bé,uppababy bassinet,3600,0.34,0.12,Cao
Canada,CA,mẹ và bé,infant car seat and stroller,3600,0.79,0.09,Cao
Canada,CA,mẹ và bé,uppababy vista v2,2900,0.33,0.10,Cao
Canada,CA,mẹ và bé,yoyo stroller,2900,1.11,0.18,Cao
Canada,CA,mẹ và bé,bugaboo stroller,2900,0.27,0.03,Cao
Canada,CA,mẹ và bé,babyzen yoyo stroller,2900,1.11,0.18,Cao
Canada,CA,mẹ và bé,best baby monitor,2400,1.16,0.15,Cao
Canada,CA,mẹ và bé,nanit baby monitor,2400,0.42,0.11,Cao
Canada,CA,mẹ và bé,nuna travel stroller,2400,0.50,0.06,Cao
Canada,CA,mẹ và bé,jogging stroller,2400,0.59,0.13,Cao
Canada,CA,mẹ và bé,uppababy minu,2400,0.42,0.12,Cao
Canada,CA,mẹ và bé,best stroller,2400,1.06,0.12,Cao
Canada,CA,mẹ và bé,bugaboo stardust,2400,0.45,0.11,Cao
Canada,CA,mẹ và bé,silver cross stroller,1900,0.29,0.05,Cao
Canada,CA,mẹ và bé,bob stroller,1900,0.51,0.13,Cao
Canada,CA,mẹ và bé,uppababy cruz v2,1900,0.35,0.10,Cao
Canada,CA,mẹ và bé,toddler stroller,1900,0.67,0.11,Cao
Canada,CA,mẹ và bé,uppababy mesa,1900,0.49,0.12,Cao
Canada,CA,mẹ và bé,evenflo pivot,1900,0.42,0.14,Cao
Canada,CA,mẹ và bé,city select double stroller,1900,0.41,0.14,Cao
Canada,CA,mẹ và bé,uppababy bassinet stand,1900,0.36,0.14,Cao
Canada,CA,mẹ và bé,uppababy vista stroller,1900,0.36,0.08,Trung bình
Canada,CA,mẹ và bé,evenflo car seat and stroller,1900,0.42,0.11,Cao
Canada,CA,mẹ và bé,best travel stroller,1600,0.96,0.08,Cao
Canada,CA,mẹ và bé,baby jogger city tour 2,1600,0.32,0.13,Cao
Canada,CA,mẹ và bé,uppababy mesa car seat,1600,0.42,0.11,Cao
Canada,CA,mẹ và bé,baby monitor camera,1300,1.23,0.11,Cao
Canada,CA,mẹ và bé,compact stroller,1300,0.88,0.14,Cao
Canada,CA,mẹ và bé,vista stroller,1300,0.27,0.07,Cao
Canada,CA,mẹ và bé,nuna mixx,1300,0.47,0.05,Cao
Canada,CA,mẹ và bé,gb pockit stroller,1300,0.42,0.12,Cao
Canada,CA,mẹ và bé,graco double stroller,1300,0.42,0.15,Cao
Canada,CA,mẹ và bé,lightweight stroller,1300,0.87,0.15,Cao
Canada,CA,mẹ và bé,eufy baby monitor,1300,0.73,0.18,Cao
Canada,CA,mẹ và bé,owlet dream sock,1300,0.71,0.14,Cao
Canada,CA,mẹ và bé,bassinet stroller,1300,0.83,0.16,Cao
Canada,CA,mẹ và bé,twin stroller,1300,0.84,0.11,Cao
Canada,CA,mẹ và bé,uppababy rumble seat,1300,0.41,0.16,Cao
Canada,CA,mẹ và bé,ergobaby metro,1300,0.84,0.17,Cao
Canada,CA,mẹ và bé,evenflo pivot xplore,1300,0.42,0.10,Cao
Canada,CA,mẹ và bé,graco stroller and car seat,1300,0.41,0.11,Cao
Canada,CA,mẹ và bé,nuna mixx bassinet,1300,0.60,0.10,Cao
Canada,CA,mẹ và bé,bumbleride indie,1300,0.74,0.06,Cao
Canada,CA,mẹ và bé,peg perego stroller,1300,0.26,0.03,Cao
Canada,CA,mẹ và bé,babyzen yoyo,1000,1.11,0.21,Cao
Canada,CA,mẹ và bé,nuna trvl,1000,0.56,0.06,Cao
Canada,CA,mẹ và bé,baby camera,1000,1.47,0.15,Cao
Canada,CA,mẹ và bé,cybex gazelle s stroller,1000,0.39,0.07,Cao
Canada,CA,mẹ và bé,uppababy ridge,1000,0.81,0.15,Cao
Canada,CA,mẹ và bé,uppababy cozy ganoosh,1000,0.34,0.12,Cao
Canada,CA,mẹ và bé,compact travel stroller,1000,0.90,0.17,Cao
Canada,CA,nhà cửa,office chair,33100,3.97,0.33,Cao
Canada,CA,nhà cửa,keurig coffee machine,33100,0.55,0.18,Cao
Canada,CA,nhà cửa,nespresso vertuo,27100,4.21,0.27,Cao
Canada,CA,nhà cửa,breville espresso machine,22200,0.38,0.06,Cao
Canada,CA,nhà cửa,coffee makers,22200,3.30,0.14,Cao
Canada,CA,nhà cửa,coffee grinder,18100,0.43,0.13,Cao
Canada,CA,nhà cửa,delonghi espresso machine,18100,0.82,0.18,Cao
Canada,CA,nhà cửa,ergonomic chair,14800,2.93,0.61,Cao
Canada,CA,nhà cửa,nespresso vertuo pods,14800,0.92,0.16,Cao
Canada,CA,nhà cửa,breville barista express,14800,0.63,0.08,Cao
Canada,CA,nhà cửa,ergonomic office chair,12100,3.13,0.61,Cao
Canada,CA,nhà cửa,herman miller chair,12100,2.75,0.27,Cao
Canada,CA,nhà cửa,delonghi magnifica evo,12100,1.04,0.24,Cao
Canada,CA,nhà cửa,desk chair,9900,2.52,0.27,Cao
Canada,CA,nhà cửa,herman miller aeron,9900,3.48,0.46,Cao
Canada,CA,nhà cửa,cuisinart coffee maker,9900,0.42,0.11,Cao
Canada,CA,nhà cửa,keurig coffee maker,8100,0.61,0.16,Cao
Canada,CA,nhà cửa,delonghi coffee machine,6600,1.22,0.20,Cao
Canada,CA,nhà cửa,breville coffee machine,6600,0.47,0.06,Cao
Canada,CA,nhà cửa,ikea office chair,6600,1.07,0.08,Cao
Canada,CA,nhà cửa,percolator,6600,0.54,0.15,Cao
Canada,CA,nhà cửa,coffee pots,6600,0.63,0.13,Cao
Canada,CA,nhà cửa,computer chair,5400,2.75,0.30,Cao
Canada,CA,nhà cửa,philips coffee machine,5400,0.83,0.18,Cao
Canada,CA,nhà cửa,nespresso vertuo next,5400,3.47,0.20,Cao
Canada,CA,nhà cửa,keurig pods,5400,1.84,0.23,Cao
Canada,CA,nhà cửa,smeg coffee maker,5400,0.68,0.17,Cao
Canada,CA,nhà cửa,delonghi magnifica,4400,0.82,0.22,Cao
Canada,CA,nhà cửa,keurig machine,4400,1.83,0.18,Cao
Canada,CA,nhà cửa,gaggia classic pro,4400,1.22,0.25,Cao
Canada,CA,nhà cửa,breville barista express espresso machine,4400,0.70,0.09,Thấp
Canada,CA,nhà cửa,nespresso vertuo pop,4400,4.83,0.23,Cao
Canada,CA,nhà cửa,aeron chair,3600,3.64,0.43,Cao
Canada,CA,nhà cửa,nespresso vertuo plus,3600,4.04,0.29,Cao
Canada,CA,nhà cửa,smeg coffee machine,3600,0.94,0.16,Cao
Canada,CA,nhà cửa,coffee machine with grinder,3600,0.71,0.13,Cao
Canada,CA,nhà cửa,pour over coffee maker,3600,1.83,0.20,Cao
Canada,CA,nhà cửa,best home espresso machine,3600,4.14,0.20,Cao
Canada,CA,nhà cửa,smeg espresso machine,3600,0.83,0.17,Cao
Canada,CA,nhà cửa,nespresso vertuo machine,3600,4.37,0.38,Cao
Canada,CA,nhà cửa,best coffee maker,2900,2.96,0.13,Cao
Canada,CA,nhà cửa,bunn coffee maker,2900,1.86,0.29,Cao
Canada,CA,nhà cửa,delonghi dinamica plus,2900,1.99,0.35,Cao
Canada,CA,nhà cửa,breville barista pro,2900,0.55,0.07,Cao
Canada,CA,nhà cửa,kneeling chair,2900,1.24,0.21,Cao
Canada,CA,nhà cửa,philips espresso machine,2900,0.96,0.19,Cao
Canada,CA,nhà cửa,rancilio silvia,2900,1.40,0.28,Cao
Canada,CA,nhà cửa,hamilton beach coffee maker,2900,0.39,0.11,Cao
Canada,CA,nhà cửa,espresso grinder,2900,0.73,0.18,Cao
Canada,CA,nhà cửa,office chairs near me,2400,3.07,0.57,Cao
Canada,CA,nhà cửa,cold brew coffee maker,2400,0.51,0.12,Cao
Canada,CA,nhà cửa,keurig coffee pods,2400,1.84,0.24,Cao
Canada,CA,nhà cửa,coffee maker with grinder,2400,0.71,0.14,Cao
Canada,CA,nhà cửa,vertuo pods,2400,0.92,0.16,Cao
Canada,CA,nhà cửa,delonghi dedica,2400,0.57,0.16,Cao
Canada,CA,nhà cửa,single serve coffee maker,2400,3.14,0.13,Cao
Canada,CA,nhà cửa,miele coffee machine,2400,3.57,0.35,Cao
Canada,CA,nhà cửa,bodum french press,2400,0.47,0.08,Cao
Canada,CA,nhà cửa,best drip coffee maker,2400,0.71,0.03,Cao
Canada,CA,nhà cửa,lazy boy office chairs,2400,3.40,0.42,Cao
Canada,CA,nhà cửa,braun coffee maker,2400,0.46,0.12,Cao
Canada,CA,nhà cửa,tassimo pods,1900,0.29,0.09,Cao
Canada,CA,nhà cửa,breville barista touch,1900,0.68,0.07,Cao
Canada,CA,nhà cửa,nespresso essenza mini,1900,4.11,0.19,Cao
Canada,CA,nhà cửa,rocket appartamento,1900,2.05,0.43,Cao
Canada,CA,nhà cửa,herman miller office chairs,1900,3.37,0.29,Cao
Canada,CA,nhà cửa,vertuo next,1900,3.66,0.26,Cao
Canada,CA,nhà cửa,lelit bianca,1900,2.10,0.39,Cao
Canada,CA,nhà cửa,delonghi la specialista,1900,0.64,0.19,Cao
Canada,CA,nhà cửa,la marzocco linea mini,1900,2.36,0.38,Cao
Canada,CA,nhà cửa,keurig duo,1900,0.46,0.17,Cao
Canada,CA,nhà cửa,keurig k duo,1900,0.57,0.17,Cao
Canada,CA,nhà cửa,best ergonomic office chair,1600,4.36,0.95,Cao
Canada,CA,nhà cửa,keurig coffee,1600,1.83,0.32,Cao
Canada,CA,nhà cửa,tassimo machine,1600,2.04,0.16,Cao
Canada,CA,nhà cửa,keurig mini,1600,0.43,0.14,Cao
Canada,CA,nhà cửa,branch ergonomic chair,1600,3.89,0.03,Cao
Canada,CA,nhà cửa,tassimo coffee machine,1600,0.53,0.14,Cao
Canada,CA,nhà cửa,breville coffee maker,1600,0.42,0.06,Cao
Canada,CA,nhà cửa,gaggia classic,1600,1.20,0.21,Cao
Canada,CA,nhà cửa,espresso machine for home,1600,4.00,0.22,Cao
Canada,CA,nhà cửa,ergonomic desk chair,1300,4.56,0.61,Cao
Canada,CA,nhà cửa,cappuccino machine,1300,2.64,0.19,Cao
Canada,CA,nhà cửa,automatic coffee machine,1300,3.98,0.36,Cao
Canada,CA,nhà cửa,jura espresso machine,1300,1.43,0.21,Cao
Canada,CA,nhà cửa,best automatic espresso machine,1300,3.75,0.38,Cao
Canada,CA,nhà cửa,breville espresso,1300,0.47,0.06,Cao
Canada,CA,nhà cửa,latte machine,1300,3.69,0.18,Cao
Canada,CA,nhà cửa,single cup coffee maker,1300,0.46,0.11,Cao
Canada,CA,nhà cửa,leather office chair,1000,3.53,0.72,Cao
Canada,CA,nhà cửa,white office chair,1000,2.96,0.34,Cao
Canada,CA,nhà cửa,k cup coffee maker,1000,0.71,0.15,Cao
Canada,CA,nhà cửa,comfortable office chair,1000,2.96,0.41,Cao
Canada,CA,nhà cửa,commercial espresso machine,1000,3.75,0.99,Cao
Canada,CA,nhà cửa,coffee pod machine,1000,2.91,0.15,Cao
Canada,CA,nhà cửa,nespresso delonghi,1000,3.35,0.18,Cao
Canada,CA,nhà cửa,espresso machine with grinder,1000,0.71,0.16,Cao
Canada,CA,nhà cửa,oxo coffee maker,1000,0.76,0.15,Cao
Canada,CA,thú cưng,dog food,27100,4.42,0.81,Trung bình
Canada,CA,thú cưng,purina pro plan,12100,1.94,0.29,Cao
Canada,CA,thú cưng,acana dog food,9900,1.77,0.31,Cao
Canada,CA,thú cưng,royal canin dog food,6600,2.78,0.41,Cao
Canada,CA,thú cưng,raw dog food,6600,3.02,1.07,Cao
Canada,CA,thú cưng,open farm dog food,6600,2.54,0.41,Cao
Canada,CA,thú cưng,raw food diet for dogs,6600,3.02,1.07,Cao
Canada,CA,thú cưng,raw diet for dogs,6600,3.02,1.07,Cao
Canada,CA,thú cưng,purina pro plan dog food,5400,2.32,0.30,Trung bình
Canada,CA,thú cưng,inukshuk dog food,5400,3.10,0.88,Cao
Canada,CA,thú cưng,orijen dog food,4400,1.82,0.19,Cao
Canada,CA,thú cưng,dog treats,4400,2.69,0.30,Cao
Canada,CA,thú cưng,blue buffalo dog food,3600,3.94,0.64,Cao
Canada,CA,thú cưng,thefarmersdog,3600,2.94,0.59,Thấp
Canada,CA,thú cưng,flea treatment for dogs,2900,1.97,0.22,Cao
Canada,CA,thú cưng,purina one dog food,2900,1.60,0.20,Cao
Canada,CA,thú cưng,puppy food,2900,1.87,0.72,Cao
Canada,CA,thú cưng,fromm dog food,2400,1.69,0.32,Cao
Canada,CA,thú cưng,royal canin gastrointestinal,2400,2.23,0.35,Cao
Canada,CA,thú cưng,hills dog food,2400,2.60,0.80,Cao
Canada,CA,thú cưng,purina dog food,2400,2.10,0.22,Cao
Canada,CA,thú cưng,hypoallergenic dog food,2400,3.79,0.88,Cao
Canada,CA,thú cưng,dog bowls,2400,1.08,0.21,Cao
Canada,CA,thú cưng,dog food for allergies,2400,3.87,0.86,Trung bình
Canada,CA,thú cưng,purina pro plan cat food,2400,2.78,0.29,Cao
Canada,CA,thú cưng,high protein dog food,2400,2.62,0.96,Trung bình
Canada,CA,thú cưng,pet camera,1900,1.47,0.38,Cao
Canada,CA,thú cưng,purina pro plan puppy,1900,2.30,0.22,Cao
Canada,CA,thú cưng,royal canin urinary so,1900,2.71,0.83,Cao
Canada,CA,thú cưng,best dog food,1600,2.17,0.73,Cao
Canada,CA,thú cưng,pedigree dog food,1600,1.78,0.12,Cao
Canada,CA,thú cưng,dog food brands,1600,2.01,0.34,Cao
Canada,CA,thú cưng,iams dog food,1600,1.69,0.13,Cao
Canada,CA,thú cưng,royal canin puppy food,1600,2.77,0.38,Cao
Canada,CA,thú cưng,hill's science diet dog food,1600,2.61,0.44,Thấp
Canada,CA,thú cưng,unkibble,1600,1.96,0.68,Cao
Canada,CA,thú cưng,gentle giants dog food,1600,1.44,0.19,Cao
Canada,CA,thú cưng,hydrolyzed protein dog food,1600,2.69,0.81,Cao
Canada,CA,thú cưng,senior dog food,1600,2.38,0.71,Cao
Canada,CA,thú cưng,homemade dog food,1300,1.50,0.03,Cao
Canada,CA,thú cưng,grain free dog food,1300,3.99,1.15,Cao
Canada,CA,thú cưng,wet dog food,1300,2.97,1.21,Cao
Canada,CA,thú cưng,natural balance dog food,1300,2.69,0.46,Cao
Canada,CA,thú cưng,hills science diet,1300,2.91,0.52,Cao
Canada,CA,thú cưng,cesar dog food,1300,2.66,0.17,Cao
Canada,CA,thú cưng,dog food for picky eaters,1300,2.60,0.82,Thấp
Canada,CA,thú cưng,calming treats for dogs,1300,1.17,0.21,Cao
Canada,CA,thú cưng,farmina dog food,1300,1.80,0.25,Cao
Canada,CA,thú cưng,green lipped mussel for dogs,1300,1.54,0.20,Cao
Canada,CA,thú cưng,freeze dried dog food,1000,2.33,0.56,Cao
Canada,CA,thú cưng,dog food for sensitive stomach,1000,3.87,1.10,Cao
Canada,CA,thú cưng,dry dog food,1000,2.98,0.45,Cao
Canada,CA,thú cưng,raw dog food near me,1000,2.27,0.90,Cao
Canada,CA,thú cưng,salmon dog food,1000,4.01,1.07,Cao
Canada,CA,thú cưng,simply nourish dog food,1000,2.19,0.75,Cao
Canada,CA,thể thao,hoka shoes,74000,1.24,0.17,Cao
Canada,CA,thể thao,on cloud shoes,49500,0.96,0.16,Cao
Canada,CA,thể thao,running shoes,40500,0.92,0.12,Cao
Canada,CA,thể thao,yoga mat,18100,1.40,0.14,Cao
Canada,CA,thể thao,on running shoes,18100,1.12,0.20,Cao
Canada,CA,thể thao,asics gel kayano,18100,0.36,0.07,Cao
Canada,CA,thể thao,asics gel 1130,18100,0.65,0.15,Cao
Canada,CA,thể thao,nike running shoes,14800,0.70,0.13,Cao
Canada,CA,thể thao,trail running shoes,14800,0.91,0.19,Cao
Canada,CA,thể thao,new balance 1080,14800,0.60,0.10,Cao
Canada,CA,thể thao,nike pegasus,12100,0.77,0.19,Cao
Canada,CA,thể thao,asics gel kayano 14,12100,0.62,0.13,Cao
Canada,CA,thể thao,brooks shoes,9900,2.43,0.17,Cao
Canada,CA,thể thao,hoka bondi,9900,1.24,0.20,Cao
Canada,CA,thể thao,women's sneakers,9900,0.75,0.10,Cao
Canada,CA,thể thao,hoka clifton 9,8100,1.24,0.19,Cao
Canada,CA,thể thao,altra shoes,8100,2.81,0.23,Cao
Canada,CA,thể thao,hoka clifton,8100,1.24,0.23,Cao
Canada,CA,thể thao,asics gel nimbus,8100,0.33,0.07,Cao
Canada,CA,thể thao,new balance running shoes,8100,0.71,0.12,Cao
Canada,CA,thể thao,brooks running shoes,6600,2.65,0.17,Cao
Canada,CA,thể thao,hoka running shoes,6600,1.23,0.16,Cao
Canada,CA,thể thao,best running shoes,6600,1.28,0.10,Cao
Canada,CA,thể thao,asics kayano,6600,0.38,0.06,Cao
Canada,CA,thể thao,adidas running shoes,6600,0.73,0.17,Cao
Canada,CA,thể thao,asics novablast,6600,0.36,0.06,Cao
Canada,CA,thể thao,new balance 880,6600,0.56,0.11,Cao
Canada,CA,thể thao,hoka bondi 8,5400,1.24,0.16,Cao
Canada,CA,thể thao,asics running shoes,5400,0.31,0.03,Cao
Canada,CA,thể thao,mens running shoes,5400,0.80,0.12,Cao
Canada,CA,thể thao,brooks glycerin,5400,0.56,0.15,Cao
Canada,CA,thể thao,men's sneakers,5400,1.01,0.11,Cao
Canada,CA,thể thao,lululemon yoga mat,5400,2.82,0.51,Cao
Canada,CA,thể thao,new balance 530 womens,5400,0.89,0.14,Cao
Canada,CA,thể thao,saucony shoes,5400,1.81,0.19,Cao
Canada,CA,thể thao,adidas ultra boost,4400,0.95,0.22,Cao
Canada,CA,thể thao,best running shoes for women,4400,1.12,0.10,Cao
Canada,CA,thể thao,best running shoes for men,4400,1.02,0.09,Cao
Canada,CA,thể thao,running shoes for women,4400,0.86,0.12,Cao
Canada,CA,thể thao,on cloudmonster,4400,0.73,0.21,Cao
Canada,CA,thể thao,brooks adrenaline gts,4400,0.55,0.14,Cao
Canada,CA,thể thao,ultraboost,3600,1.04,0.28,Cao
Canada,CA,thể thao,brooks adrenaline,3600,0.53,0.14,Cao
Canada,CA,thể thao,saucony running shoes,3600,1.91,0.18,Cao
Canada,CA,thể thao,asics gt 2000,3600,0.38,0.07,Cao
Canada,CA,thể thao,sports shoes,3600,0.92,0.10,Cao
Canada,CA,thể thao,cloudmonster,3600,0.72,0.20,Cao
Canada,CA,thể thao,nike vapormax,2900,1.30,0.29,Cao
Canada,CA,thể thao,nike vaporfly,2900,1.43,0.25,Cao
Canada,CA,thể thao,oc shoes,2900,0.80,0.15,Cao
Canada,CA,thể thao,hoka shoes women,2900,1.23,0.13,Cao
Canada,CA,thể thao,salomon speedcross,2900,0.63,0.20,Cao
Canada,CA,thể thao,manduka yoga mat,2900,1.58,0.24,Cao
Canada,CA,thể thao,nike running,2900,1.02,0.18,Cao
Canada,CA,thể thao,womens white sneakers,2900,1.11,0.16,Cao
Canada,CA,thể thao,hoka speedgoat,2900,1.24,0.25,Cao
Canada,CA,thể thao,waterproof running shoes,2900,1.30,0.23,Cao
Canada,CA,thể thao,hoka sneakers for women,2900,1.23,0.13,Cao
Canada,CA,thể thao,on sneakers,2400,1.19,0.21,Cao
Canada,CA,thể thao,altra lone peak,2400,2.25,0.29,Cao
Canada,CA,thể thao,altra running shoes,2400,1.80,0.21,Cao
Canada,CA,thể thao,nike air zoom,2400,1.02,0.19,Cao
Canada,CA,thể thao,salomon speedcross 6,2400,0.70,0.21,Cao
Canada,CA,thể thao,hoka sale,2400,1.24,0.14,Cao
Canada,CA,thể thao,hoka arahi,2400,1.24,0.25,Cao
Canada,CA,thể thao,black sneakers women,2400,0.89,0.13,Cao
Canada,CA,thể thao,hoka sneakers,1900,1.24,0.15,Cao
Canada,CA,thể thao,on cloud running shoes,1900,0.77,0.16,Cao
Canada,CA,thể thao,on cloud 5,1900,0.73,0.18,Cao
Canada,CA,thể thao,asics sneakers,1900,0.56,0.03,Cao
Canada,CA,thể thao,men's on cloud shoes,1900,0.68,0.15,Cao
Canada,CA,thể thao,cross training shoes,1900,1.37,0.25,Cao
Canada,CA,thể thao,on cloud womens,1600,0.67,0.15,Cao
Canada,CA,thể thao,hoka shoes men,1600,1.24,0.15,Cao
Canada,CA,thể thao,on cloud womens shoes,1300,0.68,0.15,Cao
Canada,CA,thể thao,best yoga mat,1300,1.68,0.32,Cao
Canada,CA,thể thao,saucony endorphin speed,1300,1.69,0.24,Cao
Canada,CA,thể thao,nike pegasus trail,1300,1.06,0.23,Cao
Canada,CA,thể thao,brooks running shoes women,1300,0.53,0.12,Cao
Canada,CA,thể thao,best trail running shoes,1300,1.39,0.08,Cao
Canada,CA,thể thao,alo yoga mat,1300,1.25,0.19,Cao
Canada,CA,thể thao,nike reacts,1300,1.01,0.26,Cao
Canada,CA,thể thao,asics gt 1000,1300,0.32,0.08,Cao
Canada,CA,thể thao,brooks cascadia,1300,0.62,0.17,Cao
Canada,CA,thể thao,on cloud sneakers,1000,0.76,0.16,Cao
Canada,CA,thể thao,on clouds shoes,1000,0.61,0.13,Cao
Canada,CA,thể thao,nike air zoom pegasus,1000,0.73,0.18,Cao
Canada,CA,thể thao,altra escalante,1000,2.29,0.30,Cao
Canada,CA,thể thao,vaporfly,1000,1.45,0.28,Cao
Canada,CA,thể thao,nike trail running shoes,1000,0.89,0.21,Cao
Canada,CA,thể thao,mizuno wave rider,1000,0.68,0.20,Cao
Canada,CA,thời trang,adidas sambas,74000,0.60,0.13,Cao
Canada,CA,thời trang,new balance 530,60500,0.91,0.15,Cao
Canada,CA,thời trang,nike shoes,60500,0.57,0.10,Cao
Canada,CA,thời trang,shoe stores near me,60500,0.73,0.10,Cao
Canada,CA,thời trang,backpack,49500,0.98,0.13,Cao
Canada,CA,thời trang,on shoes,49500,1.40,0.21,Cao
Canada,CA,thời trang,sneakers,40500,1.07,0.14,Cao
Canada,CA,thời trang,air force 1,33100,0.76,0.17,Cao
Canada,CA,thời trang,basketball shoes,33100,0.45,0.08,Cao
Canada,CA,thời trang,yeezys,33100,1.64,0.20,Trung bình
Canada,CA,thời trang,nike air force 1,27100,0.81,0.16,Cao
Canada,CA,thời trang,new balance 550,27100,0.83,0.12,Cao
Canada,CA,thời trang,adidas shoes,27100,0.65,0.15,Cao
Canada,CA,thời trang,new balance 574,22200,0.77,0.13,Cao
Canada,CA,thời trang,jansport backpack,22200,0.31,0.06,Cao
Canada,CA,thời trang,air jordans,22200,0.61,0.12,Cao
Canada,CA,thời trang,adidas gazelle,18100,0.56,0.15,Cao
Canada,CA,thời trang,barefoot shoes,18100,2.73,0.45,Cao
Canada,CA,thời trang,puma shoes,18100,0.57,0.13,Cao
Canada,CA,thời trang,hiking shoes,18100,0.93,0.17,Cao
Canada,CA,thời trang,lululemon backpack,18100,2.61,0.46,Cao
Canada,CA,thời trang,adidas campus,18100,0.56,0.11,Cao
Canada,CA,thời trang,nike dunks,14800,0.57,0.14,Cao
Canada,CA,thời trang,north face backpack,14800,0.44,0.07,Cao
Canada,CA,thời trang,new balance 2002r,14800,0.87,0.13,Cao
Canada,CA,thời trang,skechers slip ons,14800,0.53,0.13,Cao
Canada,CA,thời trang,shoes for women,14800,0.68,0.09,Cao
Canada,CA,thời trang,sprayground backpack,14800,0.91,0.08,Trung bình
Canada,CA,thời trang,new balance 327,12100,0.90,0.22,Cao
Canada,CA,thời trang,skechers shoes,12100,0.61,0.11,Cao
Canada,CA,thời trang,adidas superstar,12100,0.89,0.22,Cao
Canada,CA,thời trang,nike metcon,12100,0.83,0.18,Cao
Canada,CA,thời trang,snkrs,12100,4.59,0.71,Cao
Canada,CA,thời trang,new balance sneakers,12100,0.69,0.13,Trung bình
Canada,CA,thời trang,nike backpack,12100,0.45,0.09,Cao
Canada,CA,thời trang,jordan shoes,12100,0.50,0.10,Cao
Canada,CA,thời trang,nike shoes for men,12100,0.60,0.09,Cao
Canada,CA,thời trang,travel backpack,9900,0.96,0.21,Cao
Canada,CA,thời trang,waterproof shoes,9900,1.25,0.22,Cao
Canada,CA,thời trang,dior b22,9900,1.43,0.02,Trung bình
Canada,CA,thời trang,golden goose shoes,9900,0.66,0.07,Cao
Canada,CA,thời trang,nike jordan,8100,0.68,0.13,Cao
Canada,CA,thời trang,nike blazers,8100,0.93,0.25,Cao
Canada,CA,thời trang,white sneakers,8100,1.61,0.18,Cao
Canada,CA,thời trang,toddler shoes,8100,0.93,0.11,Cao
Canada,CA,thời trang,kids backpacks,8100,0.80,0.18,Cao
Canada,CA,thời trang,new balance womens shoes,8100,0.39,0.05,Cao
Canada,CA,thời trang,kids backpack,8100,0.80,0.18,Cao
Canada,CA,thời trang,backpack for women,8100,0.82,0.14,Cao
Canada,CA,thời trang,air jordan 1,6600,0.64,0.15,Cao
Canada,CA,thời trang,skechers slip ins,6600,0.68,0.15,Cao
Canada,CA,thời trang,cole haan shoes,6600,0.65,0.15,Cao
Canada,CA,thời trang,nike air jordan,6600,0.61,0.14,Cao
Canada,CA,thời trang,steel toe shoes,6600,0.79,0.14,Cao
Canada,CA,thời trang,nike sneakers,6600,0.57,0.11,Cao
Canada,CA,thời trang,non slip shoes,6600,1.28,0.22,Cao
Canada,CA,thời trang,reebok shoes,6600,0.35,0.03,Cao
Canada,CA,thời trang,sneakers for women,6600,0.73,0.10,Cao
Canada,CA,thời trang,lamelo ball shoes,6600,0.74,0.16,Cao
Canada,CA,thời trang,nike womens shoes,6600,0.49,0.09,Cao
Canada,CA,thời trang,best walking shoes for women,5400,1.21,0.05,Cao
Canada,CA,thời trang,nike air max plus,5400,1.44,0.29,Cao
Canada,CA,thời trang,white sneakers women,5400,1.05,0.14,Cao
Canada,CA,thời trang,baby shoes,5400,0.78,0.17,Cao
Canada,CA,thời trang,under armour shoes,5400,1.24,0.19,Cao
Canada,CA,thời trang,white shoes,5400,1.21,0.16,Cao
Canada,CA,thời trang,gym shoes,5400,1.23,0.17,Cao
Canada,CA,thời trang,patagonia backpack,5400,0.41,0.02,Cao
Canada,CA,thời trang,adidas samba og,5400,0.85,0.21,Cao
Canada,CA,thời trang,mens sneakers,5400,1.01,0.11,Cao
Canada,CA,thời trang,adidas gazelle womens,5400,0.56,0.16,Cao
Canada,CA,thời trang,reebok club c 85,4400,0.51,0.11,Cao
Canada,CA,thời trang,rucksack,4400,0.92,0.20,Cao
Canada,CA,thời trang,weekender bag,4400,1.18,0.28,Cao
Canada,CA,thời trang,laptop backpack,4400,1.01,0.22,Cao
Canada,CA,thời trang,adidas sneakers,4400,0.62,0.16,Cao
Canada,CA,thời trang,converse chuck taylor,4400,0.79,0.18,Cao
Canada,CA,thời trang,adidas stan smith,4400,0.62,0.19,Cao
Canada,CA,thời trang,slip on shoes,4400,1.14,0.19,Cao
Canada,CA,thời trang,best travel backpack,4400,1.20,0.24,Cao
Canada,CA,thời trang,adidas backpack,4400,0.34,0.09,Cao
Canada,CA,thời trang,coach backpack,4400,0.98,0.27,Cao
Canada,CA,thời trang,nike air force 1 07,3600,1.15,0.24,Cao
Canada,CA,thời trang,black air force 1,3600,0.74,0.16,Cao
Canada,CA,thời trang,tumi backpack,3600,0.75,0.05,Cao
Canada,CA,thời trang,leather backpack,3600,1.20,0.35,Cao
Canada,CA,thời trang,yeezy shoes,3600,0.54,0.09,Cao
Canada,CA,thời trang,nursing shoes,3600,1.36,0.35,Cao
Canada,CA,thời trang,waterproof backpack,3600,0.70,0.21,Cao
Canada,CA,thời trang,platform sneakers,3600,0.96,0.21,Cao
Canada,CA,thời trang,adidas ultraboost,3600,1.08,0.26,Cao
Canada,CA,thời trang,fila shoes,3600,0.75,0.12,Cao
Canada,CA,thời trang,under armour backpack,3600,0.86,0.24,Cao
Canada,CA,thời trang,toddler backpack,3600,0.60,0.21,Cao
Canada,CA,thời trang,mens casual shoes,3600,1.15,0.15,Cao
Canada,CA,thời trang,converse high tops,2900,1.04,0.22,Cao
Canada,CA,thời trang,golden goose sneakers,2900,0.58,0.06,Cao
Canada,CA,thời trang,adidas nmd,2900,0.63,0.18,Cao
Canada,CA,thời trang,nobull shoes,2900,1.45,0.37,Cao
Canada,CA,thời trang,puma sneakers,2900,0.46,0.11,Cao
Canada,CA,thời trang,yeezy foam runner,2900,0.41,0.04,Cao
Canada,CA,thời trang,vapormax,2900,1.51,0.38,Cao
Canada,CA,thời trang,alexander mcqueen shoes,2900,0.66,0.15,Cao
Canada,CA,thời trang,plantar fasciitis shoes,2900,1.04,0.15,Cao
Canada,CA,thời trang,adidas yeezy,2900,0.70,0.08,Cao
Canada,CA,thời trang,reebok nano,2900,0.31,0.05,Cao
Canada,CA,thời trang,travel backpack for women,2900,1.07,0.23,Cao
Canada,CA,thời trang,air force 1 white,2400,0.79,0.19,Cao
Canada,CA,thời trang,reebok club c,2400,0.65,0.06,Cao
Canada,CA,thời trang,best shoes for standing all day,2400,1.36,0.25,Cao
Canada,CA,thời trang,air max 1,2400,0.88,0.14,Cao
Canada,CA,thời trang,rains backpack,2400,0.56,0.10,Cao
Canada,CA,thời trang,waterproof sneakers,2400,3.03,0.32,Cao
Canada,CA,thời trang,mini backpack,2400,0.89,0.23,Cao
Canada,CA,thời trang,boys shoes,2400,0.71,0.10,Cao
Canada,CA,thời trang,nike air force 1 black,2400,0.88,0.21,Cao
Canada,CA,thời trang,platform converse,1900,0.78,0.16,Cao
Canada,CA,thời trang,off white shoes,1900,0.38,0.02,Cao
Canada,CA,thời trang,white converse,1900,0.99,0.19,Cao
Canada,CA,thời trang,nike air force 1 women,1900,0.61,0.12,Cao
Canada,CA,thời trang,nike air max 1,1900,1.00,0.19,Cao
Canada,CA,thời trang,nike air force one,1900,0.89,0.17,Cao
Canada,CA,thời trang,best shoes for nurses,1900,1.41,0.38,Cao
Canada,CA,thời trang,nike blazer mid 77,1600,0.85,0.25,Cao
Canada,CA,thời trang,reebok classic,1600,0.34,0.03,Cao
Canada,CA,thời trang,alexander mcqueen sneakers,1600,0.84,0.19,Cao
Canada,CA,thời trang,backpacks for school,1600,0.91,0.14,Cao
Canada,CA,thời trang,fjallraven kanken,1600,0.35,0.04,Cao
Canada,CA,thời trang,new balance 237,1600,0.61,0.06,Cao
Canada,CA,thời trang,laptop backpack for women,1600,1.10,0.30,Cao
Canada,CA,thời trang,slip on sneakers,1300,1.33,0.21,Cao
Canada,CA,thời trang,nike air jordan 1,1300,0.92,0.17,Cao
Canada,CA,thời trang,slip resistant shoes,1300,1.38,0.25,Cao
Canada,CA,thời trang,dunks low,1300,0.87,0.18,Cao
Canada,CA,thời trang,white leather sneakers,1300,1.61,0.27,Cao
Canada,CA,thời trang,nike blazers women,1000,0.56,0.15,Cao
Canada,CA,thời trang,prada sneakers,1000,1.38,0.26,Cao
Canada,CA,thời trang,nike air force 1 07 lv8,1000,1.46,0.25,Cao
Canada,CA,thời trang,balenciaga sneakers,1000,0.50,0.07,Cao
Canada,CA,thời trang,orthopedic shoes for women,1000,0.96,0.21,Cao
Canada,CA,thời trang,nike blazer low,1000,0.95,0.22,Cao
Canada,CA,thời trang,vejas,1000,0.64,0.19,Cao
Canada,CA,điện tử,earbuds,22200,1.55,0.11,Cao
Canada,CA,điện tử,samsung watches,22200,0.47,0.07,Cao
Canada,CA,điện tử,smart watch,18100,1.20,0.08,Cao
Canada,CA,điện tử,wireless earbuds,14800,1.47,0.10,Cao
Canada,CA,điện tử,samsung earbuds,8100,0.43,0.07,Cao
Canada,CA,điện tử,jbl earbuds,8100,0.38,0.07,Cao
Canada,CA,điện tử,bose ear buds,8100,1.97,0.21,Cao
Canada,CA,điện tử,air buds,8100,1.14,0.11,Thấp
Canada,CA,điện tử,smartwatch,6600,1.22,0.08,Cao
Canada,CA,điện tử,noise cancelling earbuds,6600,1.83,0.22,Cao
Canada,CA,điện tử,earpods,6600,0.89,0.11,Cao
Canada,CA,điện tử,samsung smart watch,6600,0.49,0.07,Cao
Canada,CA,điện tử,beats earbuds,6600,0.45,0.09,Cao
Canada,CA,điện tử,beats fit pro,5400,0.47,0.11,Cao
Canada,CA,điện tử,best earbuds,5400,1.79,0.18,Cao
Canada,CA,điện tử,apple earbuds,5400,0.71,0.11,Cao
Canada,CA,điện tử,smart watches for men,5400,1.14,0.08,Cao
Canada,CA,điện tử,sony earbuds,5400,0.50,0.09,Cao
Canada,CA,điện tử,skullcandy earbuds,5400,0.36,0.08,Cao
Canada,CA,điện tử,best wireless earbuds,4400,1.76,0.19,Cao
Canada,CA,điện tử,soundcore earbuds,4400,0.50,0.13,Cao
Canada,CA,điện tử,true wireless earbuds,4400,0.86,0.12,Thấp
Canada,CA,điện tử,raycon earbuds,3600,0.40,0.19,Cao
Canada,CA,điện tử,bluetooth earbuds,3600,1.45,0.11,Cao
Canada,CA,điện tử,bose quietcomfort earbuds,3600,2.03,0.23,Cao
Canada,CA,điện tử,beats studio buds,3600,0.32,0.08,Cao
Canada,CA,điện tử,garmin smartwatch,3600,0.44,0.07,Cao
Canada,CA,điện tử,jlab earbuds,3600,0.48,0.11,Cao
Canada,CA,điện tử,smart watch ladies,3600,1.07,0.09,Cao
Canada,CA,điện tử,kids smart watch,2900,0.43,0.09,Cao
Canada,CA,điện tử,best noise cancelling earbuds,2900,1.46,0.21,Cao
Canada,CA,điện tử,ear buds on sale,2900,0.75,0.07,Cao
Canada,CA,điện tử,smart watch women,2400,1.10,0.08,Cao
Canada,CA,điện tử,android smartwatch,2400,0.74,0.11,Cao
Canada,CA,điện tử,jabra earbuds,2400,0.73,0.10,Cao
Canada,CA,điện tử,sleep earbuds,2400,1.74,0.31,Cao
Canada,CA,điện tử,jlab go air pop,2400,0.45,0.13,Cao
Canada,CA,điện tử,smart watch for kids,1900,0.41,0.08,Cao
Canada,CA,điện tử,powerbeats pro,1900,0.60,0.14,Cao
Canada,CA,điện tử,garmin smart watch,1900,0.41,0.06,Cao
Canada,CA,điện tử,best smartwatch,1600,1.07,0.16,Cao
Canada,CA,điện tử,samsung airpods,1600,0.31,0.05,Cao
Canada,CA,điện tử,apple smart watch,1600,0.71,0.05,Cao
Canada,CA,điện tử,best airpods,1600,1.38,0.22,Cao
Canada,CA,điện tử,rugged smartwatch,1600,1.28,0.31,Thấp
Canada,CA,điện tử,fossil smartwatch,1300,0.84,0.27,Cao
Canada,CA,điện tử,wireless earphones,1300,1.26,0.09,Cao
Canada,CA,điện tử,best headphones for running,1300,1.63,0.03,Cao
Canada,CA,điện tử,google earbuds,1300,0.55,0.12,Cao
Canada,CA,điện tử,sennheiser earbuds,1300,0.69,0.13,Cao
Canada,CA,điện tử,powerbeats,1300,0.55,0.15,Cao
Canada,CA,điện tử,samsung smartwatch,1000,0.43,0.07,Cao
Canada,CA,điện tử,best bluetooth earbuds,1000,1.63,0.25,Cao
Canada,CA,điện tử,jbl live pro 2,1000,0.34,0.11,Cao
Canada,CA,điện tử,best smartwatch for android,1000,1.06,0.27,Cao
Canada,CA,điện tử,best smart watches,1000,1.17,0.12,Cao
Canada,CA,điện tử,jabra elite,1000,0.53,0.10,Cao
Canada,CA,điện tử,best earbuds for running,1000,1.22,0.03,Cao
Canada,CA,điện tử,gaming earbuds,1000,0.43,0.12,Cao
Đức,DE,gia dụng,airfryer,301000,1.05,0.29,Cao
Đức,DE,gia dụng,roborocks,165000,0.85,0.40,Cao
Đức,DE,gia dụng,air fryer,49500,1.07,0.29,Cao
Đức,DE,gia dụng,cosori airfryer,49500,0.68,0.17,Cao
Đức,DE,gia dụng,ecovac,49500,3.19,0.44,Cao
Đức,DE,gia dụng,airfryer ninja,27100,0.57,0.10,Cao
Đức,DE,gia dụng,ninja air fryer,22200,0.35,0.08,Cao
Đức,DE,gia dụng,airfryer philips,18100,0.57,0.29,Cao
Đức,DE,gia dụng,ninja foodi,18100,1.05,0.12,Cao
Đức,DE,gia dụng,ecovacs deebot,9900,1.98,0.34,Cao
Đức,DE,gia dụng,ninja grill,9900,0.53,0.08,Cao
Đức,DE,gia dụng,air fryer ninja,9900,0.34,0.08,Cao
Đức,DE,gia dụng,airfryer cosori,8100,1.05,0.22,Cao
Đức,DE,gia dụng,airfryer testsieger,8100,0.56,0.17,Cao
Đức,DE,gia dụng,roomba,6600,1.33,0.36,Cao
Đức,DE,gia dụng,cosori air fryer,6600,1.08,0.24,Cao
Đức,DE,gia dụng,ninja speedi,5400,0.73,0.09,Cao
Đức,DE,gia dụng,cosori dual blaze,4400,0.79,0.18,Cao
Đức,DE,gia dụng,ninja foodi max,4400,1.02,0.11,Cao
Đức,DE,gia dụng,deebot,3600,1.59,0.29,Cao
Đức,DE,gia dụng,airfryer tefal,3600,0.37,0.09,Cao
Đức,DE,gia dụng,lidl airfryer,3600,0.15,0.15,Cao
Đức,DE,gia dụng,philips air fryer,3600,0.63,0.35,Cao
Đức,DE,gia dụng,robot vacuum,2900,1.22,0.26,Cao
Đức,DE,gia dụng,tefal actifry,2900,0.62,0.07,Cao
Đức,DE,gia dụng,tefal easy fry and grill,2900,0.41,0.06,Cao
Đức,DE,gia dụng,ecovacs robot,2900,1.25,0.22,Cao
Đức,DE,gia dụng,robot vacuum cleaner,2900,1.22,0.26,Cao
Đức,DE,gia dụng,tefal air fryer,2900,0.43,0.09,Cao
Đức,DE,gia dụng,automatic vacuum cleaner,2900,1.22,0.26,Cao
Đức,DE,gia dụng,tefal easy fry,2400,0.37,0.08,Cao
Đức,DE,gia dụng,dyson robot,2400,1.40,0.29,Cao
Đức,DE,gia dụng,airfryer lidl,2400,0.14,0.14,Cao
Đức,DE,gia dụng,roborock s5,1900,0.68,0.36,Cao
Đức,DE,gia dụng,tefal actifry 2 in 1,1900,0.71,0.10,Cao
Đức,DE,gia dụng,xiaomi staubsauger roboter,1900,0.63,0.13,Cao
Đức,DE,gia dụng,ninja af400,1900,1.14,0.17,Cao
Đức,DE,gia dụng,airfryer xxl,1600,0.63,0.14,Cao
Đức,DE,gia dụng,roborock s6,1600,0.60,0.36,Cao
Đức,DE,gia dụng,ninja foodi dual zone,1600,1.37,0.14,Cao
Đức,DE,gia dụng,xxl airfryer,1600,0.63,0.14,Cao
Đức,DE,gia dụng,ninja af160eu,1600,0.72,0.15,Cao
Đức,DE,gia dụng,xiaomi air fryer,1600,0.26,0.09,Cao
Đức,DE,gia dụng,roborock s6 maxv,1300,0.88,0.40,Cao
Đức,DE,gia dụng,philips airfryer xl,1300,0.65,0.26,Cao
Đức,DE,gia dụng,roborock s7maxv,1300,0.68,0.37,Cao
Đức,DE,gia dụng,air fryer philips,1300,0.62,0.31,Cao
Đức,DE,gia dụng,robot roomba,1300,1.05,0.21,Cao
Đức,DE,gia dụng,xiaomi robot vacuum,1300,0.75,0.14,Cao
Đức,DE,gia dụng,airfryer philips xxl,1000,0.58,0.20,Cao
Đức,DE,gia dụng,princess airfryer,1000,0.93,0.05,Cao
Đức,DE,gia dụng,xiaomi robot,1000,0.94,0.11,Cao
Đức,DE,gia dụng,dreame l10,1000,1.81,0.31,Cao
Đức,DE,gia dụng,airfryer amazon,1000,0.32,0.05,Cao
Đức,DE,gia dụng,roborock q5,1000,0.64,0.32,Cao
Đức,DE,làm đẹp,koreanische skincare,49500,1.95,0.74,Cao
Đức,DE,làm đẹp,korean skincare,49500,1.95,0.74,Cao
Đức,DE,làm đẹp,korean skin care,49500,1.95,0.74,Cao
Đức,DE,làm đẹp,nivea creme,14800,1.22,0.31,Cao
Đức,DE,làm đẹp,dyson sonic,14800,0.98,0.20,Cao
Đức,DE,làm đẹp,dyson supersonic,14800,0.98,0.20,Cao
Đức,DE,làm đẹp,niacinamide serum,14800,1.95,0.56,Cao
Đức,DE,làm đẹp,dyson hairdryer,14800,0.98,0.20,Cao
Đức,DE,làm đẹp,cerave hydrating cleanser,12100,0.72,0.27,Cao
Đức,DE,làm đẹp,cerave moisturizing cream,9900,0.81,0.25,Cao
Đức,DE,làm đẹp,moisturizer,9900,2.14,0.69,Cao
Đức,DE,làm đẹp,paula's choice bha,6600,1.81,0.42,Cao
Đức,DE,làm đẹp,skincare produkte,5400,4.93,0.89,Cao
Đức,DE,làm đẹp,cerave cleanser,5400,0.77,0.30,Cao
Đức,DE,làm đẹp,garnier vitamin c serum,5400,0.93,0.16,Cao
Đức,DE,làm đẹp,body lotion,5400,1.51,0.34,Cao
Đức,DE,làm đẹp,cerave foaming cleanser,5400,0.84,0.32,Cao
Đức,DE,làm đẹp,xskincare,4400,2.42,0.34,Thấp
Đức,DE,làm đẹp,dyson hair dryer,4400,0.74,0.09,Cao
Đức,DE,làm đẹp,retinol cream,4400,1.72,0.52,Cao
Đức,DE,làm đẹp,cleanser,4400,2.35,0.79,Cao
Đức,DE,làm đẹp,hair dryer,3600,2.03,0.11,Cao
Đức,DE,làm đẹp,wrinkle cream,3600,1.32,0.57,Thấp
Đức,DE,làm đẹp,the ordinary glycolic acid 7 toning solution,3600,0.46,0.20,Cao
Đức,DE,làm đẹp,l oreal age perfect,2900,1.58,0.32,Cao
Đức,DE,làm đẹp,blow dryer,2400,1.56,0.13,Cao
Đức,DE,làm đẹp,bubble skincare,2400,2.35,0.30,Cao
Đức,DE,làm đẹp,the ordinary serum,2400,0.48,0.18,Cao
Đức,DE,làm đẹp,microneedling serum,1900,1.84,0.76,Cao
Đức,DE,làm đẹp,nivea men creme,1900,1.19,0.09,Cao
Đức,DE,làm đẹp,dysonhair,1900,1.50,0.27,Cao
Đức,DE,làm đẹp,dyson hair,1900,1.50,0.27,Cao
Đức,DE,làm đẹp,ghd hair dryer,1900,2.05,0.43,Cao
Đức,DE,làm đẹp,la roche posay cleanser,1900,0.69,0.28,Cao
Đức,DE,làm đẹp,cerave moisturizing lotion,1900,0.74,0.24,Cao
Đức,DE,làm đẹp,ghd helios,1600,3.44,0.40,Cao
Đức,DE,làm đẹp,eucerin serum,1600,0.97,0.28,Cao
Đức,DE,làm đẹp,nivea serum,1600,1.51,0.34,Cao
Đức,DE,làm đẹp,laifen swift,1600,0.62,0.31,Cao
Đức,DE,làm đẹp,eye cream,1600,2.06,0.67,Cao
Đức,DE,làm đẹp,shark hair styler,1600,1.06,0.22,Cao
Đức,DE,làm đẹp,rhode skincare,1600,2.05,0.02,Cao
Đức,DE,làm đẹp,dyson haarföhn,1300,1.40,0.19,Cao
Đức,DE,làm đẹp,cetaphil moisturizer,1300,0.75,0.08,Cao
Đức,DE,làm đẹp,face wash,1300,3.50,0.81,Cao
Đức,DE,làm đẹp,cerave foaming facial cleanser,1300,0.95,0.32,Trung bình
Đức,DE,làm đẹp,avene serum,1000,0.95,0.25,Cao
Đức,DE,làm đẹp,eucerin anti age,1000,0.99,0.25,Cao
Đức,DE,làm đẹp,eucerin ph5 lotion,1000,0.74,0.19,Cao
Đức,DE,làm đẹp,nivea body milk,1000,1.08,0.18,Cao
Đức,DE,làm đẹp,isdin sunscreen,1000,0.76,0.15,Cao
Đức,DE,làm đẹp,cetaphil cleanser,1000,0.87,0.19,Cao
Đức,DE,làm đẹp,cetaphil gentle skin cleanser,1000,0.83,0.19,Trung bình
Đức,DE,làm đẹp,cerave moisturizer,1000,0.87,0.28,Cao
Đức,DE,làm đẹp,oil cleanser,1000,1.59,0.60,Cao
Đức,DE,mẹ và bé,kinderwagen,74000,1.17,0.51,Cao
Đức,DE,mẹ và bé,babyphone mit kamera,14800,1.10,0.19,Cao
Đức,DE,mẹ và bé,philips avent babyphone,12100,0.67,0.14,Cao
Đức,DE,mẹ và bé,cybex priam,12100,0.67,0.17,Cao
Đức,DE,mẹ và bé,cybex pram,12100,0.67,0.17,Cao
Đức,DE,mẹ và bé,owlet socke,9900,0.33,0.08,Cao
Đức,DE,mẹ và bé,bugaboo butterfly,9900,0.62,0.16,Cao
Đức,DE,mẹ và bé,cybex buggy,6600,0.64,0.12,Cao
Đức,DE,mẹ và bé,cybex gazelle s,4400,0.67,0.23,Cao
Đức,DE,mẹ và bé,cybex priam kinderwagen,3600,0.65,0.17,Cao
Đức,DE,mẹ và bé,philips babyphone,2900,0.70,0.17,Cao
Đức,DE,mẹ và bé,strollers,2900,1.33,0.40,Cao
Đức,DE,mẹ và bé,cybex beezy,2900,0.49,0.13,Cao
Đức,DE,mẹ và bé,owlet dream sock,2900,0.42,0.10,Cao
Đức,DE,mẹ và bé,kinderwagen bugaboo,2400,0.42,0.03,Cao
Đức,DE,mẹ và bé,ghb babyphone,2400,0.26,0.06,Cao
Đức,DE,mẹ và bé,bugaboo cameleon 3,2400,0.83,0.23,Cao
Đức,DE,mẹ và bé,baby monitor,1900,0.89,0.09,Cao
Đức,DE,mẹ và bé,avent babyphone,1900,0.53,0.11,Cao
Đức,DE,mẹ và bé,bugaboo buggy,1900,0.44,0.04,Cao
Đức,DE,mẹ và bé,römer fahrradsitz,1900,0.47,0.09,Cao
Đức,DE,mẹ và bé,eufy babyphone,1600,0.58,0.10,Cao
Đức,DE,mẹ và bé,quinny zapp,1600,0.99,0.35,Cao
Đức,DE,mẹ và bé,boifun babyphone,1600,0.50,0.09,Cao
Đức,DE,mẹ và bé,cybex eezy s twist,1600,0.48,0.17,Cao
Đức,DE,mẹ và bé,baby stroller,1300,1.14,0.22,Cao
Đức,DE,mẹ và bé,nuna buggy,1300,0.62,0.09,Cao
Đức,DE,mẹ và bé,regenschutz kinderwagen,1300,0.36,0.07,Cao
Đức,DE,mẹ và bé,kinderwagen joggen,1300,1.26,0.15,Cao
Đức,DE,mẹ và bé,babyzen yoyo,1300,0.86,0.42,Cao
Đức,DE,mẹ và bé,owlet sock,1300,0.37,0.07,Cao
Đức,DE,mẹ và bé,bugaboo cameleon,1300,0.73,0.24,Cao
Đức,DE,mẹ và bé,infant stroller,1300,1.14,0.22,Cao
Đức,DE,mẹ và bé,newborn stroller,1300,1.14,0.22,Cao
Đức,DE,mẹ và bé,angelcare babyphone,1000,0.40,0.09,Cao
Đức,DE,mẹ và bé,vtech babyphone,1000,0.34,0.06,Cao
Đức,DE,mẹ và bé,baby camera,1000,0.89,0.10,Cao
Đức,DE,mẹ và bé,cybex mios,1000,0.80,0.21,Cao
Đức,DE,nhà cửa,espresso maschine,33100,0.98,0.23,Cao
Đức,DE,nhà cửa,delonghi magnifica,33100,1.18,0.26,Cao
Đức,DE,nhà cửa,sage barista express,27100,0.80,0.23,Cao
Đức,DE,nhà cửa,delonghi dedica,22200,0.64,0.22,Cao
Đức,DE,nhà cửa,delonghi magnifica evo,18100,1.31,0.24,Cao
Đức,DE,nhà cửa,de longhi magnifica evo,18100,1.31,0.24,Cao
Đức,DE,nhà cửa,rocket appartamento,18100,1.33,0.35,Cao
Đức,DE,nhà cửa,delonghi la specialista,12100,1.20,0.25,Cao
Đức,DE,nhà cửa,sage barista pro,12100,1.18,0.32,Cao
Đức,DE,nhà cửa,la marzocco linea mini,9900,0.89,0.03,Cao
Đức,DE,nhà cửa,herman miller aeron,9900,2.21,0.53,Cao
Đức,DE,nhà cửa,rancilio silvia,9900,1.05,0.27,Cao
Đức,DE,nhà cửa,gaggia classic,9900,0.66,0.22,Cao
Đức,DE,nhà cửa,coffee machine,6600,1.93,0.52,Cao
Đức,DE,nhà cửa,espresso machine,6600,1.08,0.33,Cao
Đức,DE,nhà cửa,herman miller embody,6600,2.49,0.69,Cao
Đức,DE,nhà cửa,delonghi dinamica plus,5400,1.40,0.24,Cao
Đức,DE,nhà cửa,lelit bianca,5400,1.29,0.29,Cao
Đức,DE,nhà cửa,bezzera bz10,5400,1.09,0.26,Cao
Đức,DE,nhà cửa,delonghi la specialista arte,5400,1.88,0.30,Cao
Đức,DE,nhà cửa,de longhi primadonna,5400,1.87,0.28,Cao
Đức,DE,nhà cửa,nespresso vertuo,5400,2.04,0.28,Cao
Đức,DE,nhà cửa,delonghi espresso,5400,0.74,0.16,Cao
Đức,DE,nhà cửa,sage barista touch,5400,0.66,0.21,Cao
Đức,DE,nhà cửa,lelit bianca v3,4400,1.58,0.32,Cao
Đức,DE,nhà cửa,coffee b maschine,4400,0.99,0.10,Cao
Đức,DE,nhà cửa,nespresso machine,4400,0.88,0.12,Cao
Đức,DE,nhà cửa,steelcase gesture,4400,2.97,0.64,Cao
Đức,DE,nhà cửa,office chair,3600,2.38,0.66,Cao
Đức,DE,nhà cửa,nespresso delonghi,3600,1.81,0.15,Cao
Đức,DE,nhà cửa,ecm synchronika,3600,1.14,0.34,Cao
Đức,DE,nhà cửa,profitec pro 400,3600,1.25,0.43,Cao
Đức,DE,nhà cửa,gaggia classic pro,3600,0.81,0.26,Cao
Đức,DE,nhà cửa,bodum french press,3600,0.51,0.11,Cao
Đức,DE,nhà cửa,nespresso essenza mini,2900,0.56,0.17,Cao
Đức,DE,nhà cửa,delonghi specialista,2900,1.23,0.26,Cao
Đức,DE,nhà cửa,moccamaster kbg select,2900,1.11,0.25,Cao
Đức,DE,nhà cửa,cafissimo maschine,2900,0.98,0.14,Cao
Đức,DE,nhà cửa,delonghi coffee machine,2900,1.23,0.17,Cao
Đức,DE,nhà cửa,nespresso citiz,2900,1.04,0.17,Cao
Đức,DE,nhà cửa,percolator,2900,2.05,0.20,Thấp
Đức,DE,nhà cửa,delonghi eletta,2400,1.59,0.24,Cao
Đức,DE,nhà cửa,lavazza bohnen,2400,1.35,0.24,Cao
Đức,DE,nhà cửa,delonghi dedica ec685,2400,0.57,0.21,Cao
Đức,DE,nhà cửa,krups ea8100,2400,0.57,0.10,Cao
Đức,DE,nhà cửa,ergonomic chair,2400,2.43,0.94,Cao
Đức,DE,nhà cửa,coffee grinder,2400,0.95,0.08,Cao
Đức,DE,nhà cửa,steelcase leap v2,2400,3.42,0.89,Cao
Đức,DE,nhà cửa,coffee makers,2400,2.15,0.53,Cao
Đức,DE,nhà cửa,nespresso pixie,2400,1.16,0.22,Cao
Đức,DE,nhà cửa,nespresso lattissima,1900,0.80,0.18,Cao
Đức,DE,nhà cửa,jura ena 4,1900,0.99,0.17,Cao
Đức,DE,nhà cửa,nespresso lattissima one,1900,0.54,0.18,Cao
Đức,DE,nhà cửa,delonghi ecodecalk,1900,1.28,0.21,Cao
Đức,DE,nhà cửa,delonghi la specialista maestro,1900,1.76,0.35,Cao
Đức,DE,nhà cửa,delonghi ecam,1900,1.16,0.24,Cao
Đức,DE,nhà cửa,philips serie 5400,1900,0.82,0.37,Cao
Đức,DE,nhà cửa,breville barista express,1900,0.39,0.06,Cao
Đức,DE,nhà cửa,sage oracle touch,1900,0.98,0.22,Cao
Đức,DE,nhà cửa,rocket mozzafiato,1600,1.44,0.32,Cao
Đức,DE,nhà cửa,delonghi ec685,1600,0.49,0.21,Cao
Đức,DE,nhà cửa,delonghi specialista arte,1600,1.98,0.30,Cao
Đức,DE,nhà cửa,krups ea8108,1600,0.74,0.14,Cao
Đức,DE,nhà cửa,cappuccino maschine,1600,1.26,0.45,Cao
Đức,DE,nhà cửa,herman miller chair,1600,1.41,0.28,Cao
Đức,DE,nhà cửa,sage coffee machine,1600,0.60,0.08,Cao
Đức,DE,nhà cửa,nespresso inissia,1600,1.20,0.18,Cao
Đức,DE,nhà cửa,nespresso gran lattissima,1300,0.92,0.20,Cao
Đức,DE,nhà cửa,delonghi primadonna elite,1300,2.11,0.27,Cao
Đức,DE,nhà cửa,de longhi primadonna soul,1300,2.10,0.28,Cao
Đức,DE,nhà cửa,primadonna elite,1300,2.11,0.27,Cao
Đức,DE,nhà cửa,delonghi espresso machine,1300,1.06,0.18,Cao
Đức,DE,nhà cửa,philips coffee machine,1300,0.74,0.43,Cao
Đức,DE,nhà cửa,essenza mini,1000,0.81,0.22,Cao
Đức,DE,nhà cửa,nespresso vertuo pop,1000,1.01,0.20,Cao
Đức,DE,nhà cửa,nespresso krups,1000,1.67,0.13,Cao
Đức,DE,nhà cửa,rocket r58,1000,1.19,0.27,Cao
Đức,DE,nhà cửa,la specialista delonghi,1000,1.30,0.25,Cao
Đức,DE,nhà cửa,la marzocco linea,1000,1.99,0.19,Cao
Đức,DE,nhà cửa,la specialista arte,1000,3.10,0.35,Cao
Đức,DE,nhà cửa,espresso delonghi,1000,0.68,0.13,Cao
Đức,DE,nhà cửa,smeg coffee machine,1000,0.58,0.15,Cao
Đức,DE,thú cưng,royal canin gastro intestinal,8100,1.04,0.40,Cao
Đức,DE,thú cưng,royal canin hypo,8100,1.41,0.52,Cao
Đức,DE,thú cưng,royal canin gastrointestinal,8100,1.04,0.40,Cao
Đức,DE,thú cưng,royal canin hypoallergenic,8100,1.41,0.52,Cao
Đức,DE,thú cưng,royal canin anallergenic,3600,1.58,0.52,Cao
Đức,DE,thú cưng,royal canin gastro intestinal low fat,2400,1.15,0.47,Cao
Đức,DE,thú cưng,purina pro plan,2400,3.25,0.71,Cao
Đức,DE,thú cưng,royal canin urinary so,1900,1.37,0.56,Cao
Đức,DE,thú cưng,royal canin urinary,1900,1.18,0.52,Cao
Đức,DE,thú cưng,hills zd,1300,2.13,0.69,Cao
Đức,DE,thú cưng,puppy royal canin,1300,1.26,0.39,Cao
Đức,DE,thú cưng,royal canin gastro low fat,1000,1.24,0.44,Cao
Đức,DE,thú cưng,royal canin gastrointestinal low fat,1000,1.24,0.44,Cao
Đức,DE,thể thao,asics gel kayano 14,74000,0.46,0.14,Cao
Đức,DE,thể thao,asics gel 1130,33100,0.36,0.12,Cao
Đức,DE,thể thao,nike pegasus,22200,0.55,0.20,Cao
Đức,DE,thể thao,asics gel kayano,22200,0.87,0.20,Cao
Đức,DE,thể thao,nike reacts,14800,0.70,0.19,Cao
Đức,DE,thể thao,nike running,12100,0.73,0.26,Cao
Đức,DE,thể thao,yoga matten,12100,1.52,0.41,Cao
Đức,DE,thể thao,adidas ultra boost,12100,0.54,0.20,Cao
Đức,DE,thể thao,asics sneakers,12100,0.39,0.12,Cao
Đức,DE,thể thao,on sneaker,9900,1.43,0.33,Cao
Đức,DE,thể thao,on sneakers,9900,1.43,0.33,Cao
Đức,DE,thể thao,asics gel nimbus,9900,1.02,0.25,Cao
Đức,DE,thể thao,brooks glycerin,9900,1.15,0.43,Cao
Đức,DE,thể thao,asics kayano,9900,0.80,0.18,Cao
Đức,DE,thể thao,nike vapormax,8100,0.74,0.23,Cao
Đức,DE,thể thao,asics gt 2000,8100,0.87,0.23,Cao
Đức,DE,thể thao,running shoes,6600,1.04,0.35,Cao
Đức,DE,thể thao,nike air zoom,6600,0.70,0.24,Cao
Đức,DE,thể thao,hoka clifton 9,6600,0.66,0.41,Cao
Đức,DE,thể thao,new balance 1080,6600,0.61,0.16,Cao
Đức,DE,thể thao,brooks adrenaline gts,6600,1.24,0.42,Cao
Đức,DE,thể thao,salomon speedcross,5400,1.04,0.34,Cao
Đức,DE,thể thao,asics novablast,5400,0.62,0.18,Cao
Đức,DE,thể thao,adidas supernova,5400,0.60,0.22,Cao
Đức,DE,thể thao,hoka shoes,5400,0.66,0.26,Cao
Đức,DE,thể thao,nike running shoes,5400,0.63,0.17,Cao
Đức,DE,thể thao,ultraboost,5400,0.55,0.21,Cao
Đức,DE,thể thao,nike vaporfly,5400,0.90,0.35,Cao
Đức,DE,thể thao,asics gel cumulus,4400,0.98,0.25,Cao
Đức,DE,thể thao,on cloud shoes,4400,1.08,0.22,Cao
Đức,DE,thể thao,hoka bondi,4400,0.75,0.47,Cao
Đức,DE,thể thao,brooks adrenaline,4400,1.35,0.50,Cao
Đức,DE,thể thao,hoka clifton,4400,0.78,0.48,Cao
Đức,DE,thể thao,on cloudmonster,4400,0.93,0.33,Cao
Đức,DE,thể thao,salomon speedcross 6,3600,1.38,0.39,Cao
Đức,DE,thể thao,hoka bondi 8,3600,0.66,0.37,Cao
Đức,DE,thể thao,on cloud 5,3600,1.03,0.26,Cao
Đức,DE,thể thao,new balance 880,3600,0.69,0.16,Cao
Đức,DE,thể thao,new balance 860,3600,0.70,0.27,Cao
Đức,DE,thể thao,nike air zoom pegasus,2900,0.61,0.24,Cao
Đức,DE,thể thao,asics cumulus,2900,0.91,0.22,Cao
Đức,DE,thể thao,on cloudsurfer,2900,1.15,0.42,Cao
Đức,DE,thể thao,altra lone peak,2900,0.87,0.30,Cao
Đức,DE,thể thao,adidas running shoes,2900,0.58,0.21,Cao
Đức,DE,thể thao,hoka speedgoat,2900,0.84,0.52,Cao
Đức,DE,thể thao,mizuno wave rider,2900,0.78,0.27,Cao
Đức,DE,thể thao,yoga mat,2400,1.80,0.33,Cao
Đức,DE,thể thao,asics gt 1000,2400,0.73,0.19,Cao
Đức,DE,thể thao,salomon speedcross 6 gtx,2400,1.35,0.36,Cao
Đức,DE,thể thao,brooks hyperion,2400,0.95,0.37,Cao
Đức,DE,thể thao,sports shoes,2400,1.29,0.54,Cao
Đức,DE,thể thao,karhu sneakers,2400,0.59,0.21,Cao
Đức,DE,thể thao,nike revolution,2400,0.63,0.23,Cao
Đức,DE,thể thao,brooks cascadia,2400,1.04,0.40,Cao
Đức,DE,thể thao,nike trail,1900,0.81,0.29,Cao
Đức,DE,thể thao,asics metaspeed,1900,0.70,0.17,Cao
Đức,DE,thể thao,gt 2000,1900,1.04,0.24,Trung bình
Đức,DE,thể thao,on running shoes,1900,1.19,0.22,Cao
Đức,DE,thể thao,asics running shoes,1900,0.57,0.12,Cao
Đức,DE,thể thao,new balance running shoes,1900,0.56,0.14,Cao
Đức,DE,thể thao,cloudmonster,1900,0.94,0.31,Cao
Đức,DE,thể thao,nike pegasus trail,1900,0.65,0.29,Cao
Đức,DE,thể thao,nike revolution 6,1600,0.57,0.19,Cao
Đức,DE,thể thao,salomon speedcross 4,1600,0.61,0.20,Cao
Đức,DE,thể thao,salomon supercross 4,1600,0.61,0.20,Cao
Đức,DE,thể thao,trail running shoes,1600,0.90,0.30,Cao
Đức,DE,thể thao,saucony sneakers,1600,0.50,0.17,Cao
Đức,DE,thể thao,salomon sense ride 5,1300,0.60,0.24,Cao
Đức,DE,thể thao,salomon speedcross 3,1300,0.80,0.28,Cao
Đức,DE,thể thao,manduka yogamatte,1300,1.11,0.48,Cao
Đức,DE,thể thao,adidas adizero sl,1300,0.64,0.25,Cao
Đức,DE,thể thao,hoka sneakers,1300,0.66,0.32,Cao
Đức,DE,thể thao,saucony endorphin speed,1300,0.92,0.32,Cao
Đức,DE,thể thao,hoka arahi,1300,0.77,0.48,Cao
Đức,DE,thể thao,asics gel nimbus 25,1000,0.85,0.28,Cao
Đức,DE,thể thao,vaporfly,1000,0.88,0.33,Cao
Đức,DE,thể thao,on cloudvista,1000,0.86,0.37,Cao
Đức,DE,thể thao,cloudsurfer,1000,1.01,0.38,Cao
Đức,DE,thể thao,adizero sl,1000,0.46,0.22,Cao
Đức,DE,thể thao,novablast,1000,0.61,0.18,Cao
Đức,DE,thể thao,la sportiva bushido,1000,0.76,0.35,Cao
Đức,DE,thể thao,jade yogamatte,1000,0.94,0.22,Cao
Đức,DE,thể thao,nike roshe run,1000,0.71,0.14,Cao
Đức,DE,thể thao,hoka running shoes,1000,0.66,0.39,Cao
Đức,DE,thể thao,best running shoes,1000,1.08,0.33,Cao
Đức,DE,thể thao,hoka speedgoat 5,1000,0.67,0.40,Cao
Đức,DE,thể thao,on cloud sneakers,1000,1.03,0.31,Cao
Đức,DE,thể thao,on cloudnova,1000,1.10,0.33,Cao
Đức,DE,thể thao,nike air vapormax,1000,0.81,0.23,Cao
Đức,DE,thể thao,altra escalante,1000,0.91,0.32,Cao
Đức,DE,thể thao,on running sale,1000,1.74,0.29,Cao
Đức,DE,thể thao,saucony tempus,1000,0.68,0.27,Cao
Đức,DE,thời trang,nike schuhe,201000,0.67,0.19,Cao
Đức,DE,thời trang,adidas sambas,201000,0.44,0.17,Cao
Đức,DE,thời trang,new balance 530,165000,0.48,0.18,Cao
Đức,DE,thời trang,sneakers,135000,1.13,0.26,Cao
Đức,DE,thời trang,on schuhe,110000,2.14,0.47,Cao
Đức,DE,thời trang,adidas campus,110000,0.48,0.18,Cao
Đức,DE,thời trang,nike air force 1,110000,0.76,0.27,Cao
Đức,DE,thời trang,rucksack,90500,1.46,0.43,Cao
Đức,DE,thời trang,sneaker damen,74000,0.73,0.16,Cao
Đức,DE,thời trang,air force 1,74000,0.67,0.28,Cao
Đức,DE,thời trang,nike rucksack,60500,0.32,0.07,Cao
Đức,DE,thời trang,on schuhe damen,49500,1.29,0.33,Cao
Đức,DE,thời trang,new balance damen,49500,0.38,0.12,Cao
Đức,DE,thời trang,adidas samba damen,49500,0.47,0.17,Cao
Đức,DE,thời trang,new balance 574,49500,0.51,0.19,Cao
Đức,DE,thời trang,adidas superstar,49500,0.46,0.16,Cao
Đức,DE,thời trang,sneaker herren,40500,1.03,0.27,Cao
Đức,DE,thời trang,nike schuhe herren,40500,0.63,0.19,Cao
Đức,DE,thời trang,adidas sneaker,40500,0.59,0.22,Cao
Đức,DE,thời trang,adidas gazelle,40500,0.41,0.15,Cao
Đức,DE,thời trang,adidas sneakers,40500,0.59,0.22,Cao
Đức,DE,thời trang,nike schuhe damen,33100,0.47,0.15,Cao
Đức,DE,thời trang,adidas sneaker damen,33100,0.43,0.15,Cao
Đức,DE,thời trang,eastpak rucksack,33100,0.86,0.16,Cao
Đức,DE,thời trang,reebok classic,33100,1.56,0.32,Cao
Đức,DE,thời trang,yeezys,33100,1.38,0.39,Cao
Đức,DE,thời trang,dior b22,33100,0.93,0.23,Cao
Đức,DE,thời trang,autry sneaker damen,27100,0.63,0.39,Cao
Đức,DE,thời trang,adidas handball spezial,27100,0.57,0.25,Cao
Đức,DE,thời trang,puma schuhe,27100,1.30,0.24,Cao
Đức,DE,thời trang,fjällräven rucksack,27100,0.41,0.19,Cao
Đức,DE,thời trang,satch rucksack,27100,0.46,0.32,Cao
Đức,DE,thời trang,adidas schuhe damen,27100,0.44,0.15,Cao
Đức,DE,thời trang,new balance sneaker,27100,0.46,0.13,Cao
Đức,DE,thời trang,deuter rucksack,27100,1.29,0.24,Cao
Đức,DE,thời trang,nike dunks,27100,0.51,0.15,Cao
Đức,DE,thời trang,new balance sneakers,27100,0.46,0.13,Cao
Đức,DE,thời trang,autry sneaker,27100,0.69,0.47,Cao
Đức,DE,thời trang,nike air force 1 herren,22200,0.78,0.27,Cao
Đức,DE,thời trang,tamaris sandalen,22200,0.42,0.13,Cao
Đức,DE,thời trang,skechers herren,22200,0.39,0.11,Cao
Đức,DE,thời trang,new balance 530 damen,22200,0.52,0.19,Cao
Đức,DE,thời trang,herren sneaker,22200,0.92,0.23,Cao
Đức,DE,thời trang,damen sneaker,22200,0.60,0.12,Cao
Đức,DE,thời trang,nike sneaker,22200,0.51,0.17,Cao
Đức,DE,thời trang,sportschuhe,22200,1.26,0.31,Cao
Đức,DE,thời trang,adidas schuhe herren,22200,0.59,0.20,Cao
Đức,DE,thời trang,adidas sneaker herren,22200,0.62,0.20,Cao
Đức,DE,thời trang,dunk low nike,22200,0.54,0.18,Cao
Đức,DE,thời trang,newbalance 550,22200,0.56,0.15,Cao
Đức,DE,thời trang,new balance 550,22200,0.56,0.15,Cao
Đức,DE,thời trang,nike jordan,22200,0.57,0.16,Cao
Đức,DE,thời trang,nike sneakers,22200,0.51,0.17,Cao
Đức,DE,thời trang,nike air max plus,18100,0.81,0.23,Cao
Đức,DE,thời trang,weiße sneaker damen,18100,0.61,0.15,Cao
Đức,DE,thời trang,autry sneaker herren,18100,0.86,0.53,Cao
Đức,DE,thời trang,puma sneaker,18100,1.20,0.22,Cao
Đức,DE,thời trang,nike sneaker damen,18100,0.42,0.13,Cao
Đức,DE,thời trang,weiße sneaker,18100,1.04,0.21,Cao
Đức,DE,thời trang,new balance herren,18100,0.47,0.14,Cao
Đức,DE,thời trang,adidas gazelle damen,18100,0.43,0.15,Cao
Đức,DE,thời trang,tamaris sneaker,18100,0.47,0.13,Cao
Đức,DE,thời trang,puma sneakers,18100,1.20,0.22,Cao
Đức,DE,thời trang,adidas zx 750,14800,0.60,0.23,Cao
Đức,DE,thời trang,sportschuhe damen,14800,0.94,0.17,Cao
Đức,DE,thời trang,new balance 574 herren,14800,0.51,0.20,Cao
Đức,DE,thời trang,nike sneaker herren,14800,0.59,0.18,Cao
Đức,DE,thời trang,turnschuhe,14800,1.43,0.26,Cao
Đức,DE,thời trang,new balance 327,14800,0.50,0.15,Cao
Đức,DE,thời trang,nike shoes,14800,0.43,0.09,Cao
Đức,DE,thời trang,new balance 2002r,14800,0.43,0.15,Cao
Đức,DE,thời trang,reebok club c 85,14800,1.44,0.33,Cao
Đức,DE,thời trang,air jordans,14800,0.51,0.15,Cao
Đức,DE,thời trang,backpack,12100,1.47,0.26,Cao
Đức,DE,thời trang,nike air force 1 damen,12100,0.57,0.22,Cao
Đức,DE,thời trang,air force 1 herren,12100,0.74,0.30,Cao
Đức,DE,thời trang,weiße sneaker herren,12100,1.03,0.26,Cao
Đức,DE,thời trang,turnschuhe damen,12100,1.02,0.18,Cao
Đức,DE,thời trang,sportschuhe herren,12100,1.07,0.26,Cao
Đức,DE,thời trang,puma sneaker damen,12100,0.76,0.16,Cao
Đức,DE,thời trang,schwarze sneaker damen,12100,0.70,0.15,Cao
Đức,DE,thời trang,adidas superstar damen,12100,0.52,0.18,Cao
Đức,DE,thời trang,asics sneaker,12100,0.39,0.12,Cao
Đức,DE,thời trang,on shoes,12100,1.81,0.28,Cao
Đức,DE,thời trang,nike air jordan,12100,0.59,0.18,Cao
Đức,DE,thời trang,adidas nmd,12100,0.65,0.17,Cao
Đức,DE,thời trang,adidas la trainer,9900,0.53,0.20,Cao
Đức,DE,thời trang,reebok sneaker,9900,1.81,0.26,Cao
Đức,DE,thời trang,reiserucksack,9900,0.89,0.16,Cao
Đức,DE,thời trang,rucksäcke,9900,1.25,0.34,Cao
Đức,DE,thời trang,jordan schuhe,9900,0.48,0.15,Cao
Đức,DE,thời trang,damen sandalen,9900,0.51,0.09,Cao
Đức,DE,thời trang,nike herren schuhe,9900,0.62,0.18,Cao
Đức,DE,thời trang,adidas shoes,9900,0.46,0.15,Cao
Đức,DE,thời trang,nike blazers,9900,0.59,0.19,Cao
Đức,DE,thời trang,adidas stan smith,9900,0.47,0.19,Cao
Đức,DE,thời trang,reebok sneakers,9900,1.81,0.26,Cao
Đức,DE,thời trang,nike air force 1 07,8100,0.76,0.25,Cao
Đức,DE,thời trang,adidas samba og,8100,0.54,0.22,Cao
Đức,DE,thời trang,new balance 480,8100,0.44,0.20,Cao
Đức,DE,thời trang,adidas gazelle bold,8100,0.46,0.20,Cao
Đức,DE,thời trang,veja sneaker damen,8100,0.44,0.16,Cao
Đức,DE,thời trang,sneaker damen weiß,8100,0.63,0.16,Cao
Đức,DE,thời trang,chucks converse,8100,0.63,0.19,Cao
Đức,DE,thời trang,adidas zx,8100,0.50,0.19,Cao
Đức,DE,thời trang,nike air max 90 herren,8100,0.67,0.21,Cao
Đức,DE,thời trang,veja schuhe,8100,0.62,0.19,Cao
Đức,DE,thời trang,asics 1130,8100,0.29,0.11,Cao
Đức,DE,thời trang,plateau sneaker,8100,1.64,0.16,Cao
Đức,DE,thời trang,adidas samba weiß,8100,0.56,0.23,Cao
Đức,DE,thời trang,nike air max damen,8100,0.47,0.15,Cao
Đức,DE,thời trang,nike damen schuhe,8100,0.45,0.14,Cao
Đức,DE,thời trang,adidas superstar herren,8100,0.61,0.23,Cao
Đức,DE,thời trang,fila schuhe,8100,0.44,0.15,Cao
Đức,DE,thời trang,wasserdichter rucksack,8100,0.78,0.13,Cao
Đức,DE,thời trang,nike metcon,8100,0.69,0.18,Cao
Đức,DE,thời trang,vapormax,8100,0.88,0.29,Cao
Đức,DE,thời trang,fjallraven kanken,8100,0.44,0.10,Cao
Đức,DE,thời trang,nike air max 1,6600,0.64,0.19,Cao
Đức,DE,thời trang,air max 1,6600,0.70,0.19,Cao
Đức,DE,thời trang,air force 1 damen,6600,0.53,0.22,Cao
Đức,DE,thời trang,converse plateau,6600,0.44,0.14,Cao
Đức,DE,thời trang,new balance 530 beige,6600,0.51,0.21,Cao
Đức,DE,thời trang,laptop rucksack,6600,1.06,0.33,Cao
Đức,DE,thời trang,new balance 327 damen,6600,0.49,0.17,Cao
Đức,DE,thời trang,gola sneakers,6600,0.71,0.20,Cao
Đức,DE,thời trang,puma schuhe damen,6600,0.82,0.17,Cao
Đức,DE,thời trang,johnny urban rucksack,6600,1.34,0.23,Cao
Đức,DE,thời trang,herschel rucksack,6600,0.44,0.10,Cao
Đức,DE,thời trang,turnschuhe herren,6600,1.04,0.20,Cao
Đức,DE,thời trang,salomon xt 6 gore tex,6600,0.91,0.27,Cao
Đức,DE,thời trang,kindergarten rucksack,6600,0.63,0.17,Cao
Đức,DE,thời trang,adidas ultraboost,6600,0.56,0.22,Cao
Đức,DE,thời trang,adidas yeezy,6600,0.93,0.18,Cao
Đức,DE,thời trang,copenhagen sneaker,5400,2.44,0.38,Cao
Đức,DE,thời trang,kennel und schmenger sneaker,5400,0.92,0.19,Cao
Đức,DE,thời trang,laptop rucksack damen,5400,0.91,0.29,Cao
Đức,DE,thời trang,fahrradtasche rucksack,5400,1.63,0.39,Cao
Đức,DE,thời trang,axel arigato sneaker,5400,0.74,0.26,Cao
Đức,DE,thời trang,reebok classic herren,5400,1.24,0.29,Cao
Đức,DE,thời trang,sneaker damen schwarz,5400,0.68,0.15,Cao
Đức,DE,thời trang,on sneaker damen,5400,0.94,0.27,Cao
Đức,DE,thời trang,sneaker weiß herren,5400,1.06,0.26,Cao
Đức,DE,thời trang,nike air max plus tn,5400,0.70,0.22,Cao
Đức,DE,thời trang,sneaker herren weiß,5400,1.02,0.24,Cao
Đức,DE,thời trang,air jordan 1,5400,0.55,0.17,Cao
Đức,DE,thời trang,barefoot shoes,5400,1.76,0.74,Cao
Đức,DE,thời trang,puma shoes,5400,0.80,0.17,Cao
Đức,DE,thời trang,birkenstock gizeh,5400,2.19,0.28,Cao
Đức,DE,thời trang,nike air force 1 07 lv8,4400,0.92,0.28,Cao
Đức,DE,thời trang,nike air max plus 3,4400,0.86,0.26,Cao
Đức,DE,thời trang,hogan sneaker,4400,2.30,0.41,Cao
Đức,DE,thời trang,business rucksack herren,4400,1.45,0.50,Cao
Đức,DE,thời trang,steve madden sneaker,4400,0.44,0.16,Cao
Đức,DE,thời trang,chucks damen,4400,0.54,0.14,Cao
Đức,DE,thời trang,basketball shoes,4400,0.74,0.15,Cao
Đức,DE,thời trang,converse chuck taylor,4400,0.61,0.18,Cao
Đức,DE,thời trang,adidas nmd r1,4400,0.58,0.13,Cao
Đức,DE,thời trang,steve madden sneakers,4400,0.44,0.16,Cao
Đức,DE,thời trang,nike air force one,4400,0.77,0.28,Cao
Đức,DE,thời trang,back pack,4400,2.59,0.37,Cao
Đức,DE,thời trang,new balance 2002,3600,0.42,0.16,Cao
Đức,DE,thời trang,nike sb dunk low,3600,0.59,0.19,Cao
Đức,DE,thời trang,puma ultra,3600,0.73,0.31,Cao
Đức,DE,thời trang,nike dunk low damen,3600,0.48,0.15,Cao
Đức,DE,thời trang,nike internationalist damen,3600,0.57,0.20,Cao
Đức,DE,thời trang,geox schuhe herren,3600,3.00,0.22,Cao
Đức,DE,thời trang,lloyd schuhe damen,3600,1.04,0.26,Cao
Đức,DE,thời trang,skechers shoes,3600,0.26,0.16,Cao
Đức,DE,thời trang,travel backpack,3600,1.08,0.22,Cao
Đức,DE,thời trang,nike blazer mid 77,3600,0.66,0.16,Cao
Đức,DE,thời trang,prada sneakers,3600,1.79,0.33,Cao
Đức,DE,thời trang,reebok club c,3600,1.33,0.32,Cao
Đức,DE,thời trang,reebok classic leather,2900,1.02,0.28,Cao
Đức,DE,thời trang,nike air max 270 damen,2900,0.55,0.17,Cao
Đức,DE,thời trang,nike air force 1 schwarz,2900,0.69,0.24,Cao
Đức,DE,thời trang,rains rucksack,2900,0.62,0.10,Cao
Đức,DE,thời trang,kapten & son rucksack,2900,2.91,0.30,Cao
Đức,DE,thời trang,nike air max 270 herren,2900,0.61,0.23,Cao
Đức,DE,thời trang,alexander mcqueen sneakers,2900,1.23,0.33,Cao
Đức,DE,thời trang,nike air force 1 shadow,2900,0.57,0.21,Cao
Đức,DE,thời trang,off white sneakers,2900,0.54,0.10,Cao
Đức,DE,thời trang,nike air jordan 1,2900,0.61,0.19,Cao
Đức,DE,thời trang,dunks low,2900,0.51,0.16,Cao
Đức,DE,thời trang,schuhe online,2400,1.31,0.32,Cao
Đức,DE,thời trang,north face backpack,2400,0.48,0.06,Cao
Đức,DE,thời trang,white sneakers,2400,1.15,0.17,Cao
Đức,DE,thời trang,weekender bag,2400,1.18,0.16,Cao
Đức,DE,thời trang,snkrs,2400,1.11,0.25,Trung bình
Đức,DE,thời trang,slip on sneakers,2400,1.25,0.19,Cao
Đức,DE,thời trang,hiking shoes,2400,1.04,0.24,Cao
Đức,DE,thời trang,yeezy foam runner,2400,0.93,0.11,Cao
Đức,DE,thời trang,nike backpack,2400,0.22,0.05,Cao
Đức,DE,thời trang,tumi backpack,2400,1.51,0.35,Cao
Đức,DE,thời trang,lanvin sneakers,2400,0.74,0.29,Cao
Đức,DE,thời trang,jordan shoes,2400,0.37,0.08,Cao
Đức,DE,thời trang,balenciaga sneakers,2400,1.47,0.39,Cao
Đức,DE,thời trang,reebok nano,2400,1.90,0.29,Cao
Đức,DE,thời trang,patagonia backpack,2400,0.42,0.13,Cao
Đức,DE,thời trang,nike blazer low,2400,0.68,0.19,Cao
Đức,DE,thời trang,nike dunk high,1900,0.57,0.18,Cao
Đức,DE,thời trang,air force 1 07,1900,0.70,0.26,Cao
Đức,DE,thời trang,nike air force shadow,1900,0.52,0.20,Cao
Đức,DE,thời trang,asics japan s,1900,0.49,0.14,Cao
Đức,DE,thời trang,nike sb dunk,1900,0.48,0.18,Cao
Đức,DE,thời trang,gazelle bold,1900,0.54,0.22,Cao
Đức,DE,thời trang,chucks plateau,1900,0.52,0.16,Cao
Đức,DE,thời trang,under armour shoes,1900,0.94,0.20,Cao
Đức,DE,thời trang,adidas astir,1900,0.72,0.25,Cao
Đức,DE,thời trang,nike air force 1 07 herren,1600,0.77,0.26,Cao
Đức,DE,thời trang,jansport backpack,1600,0.59,0.04,Cao
Đức,DE,thời trang,reebok shoes,1600,1.29,0.25,Cao
Đức,DE,thời trang,golden goose shoes,1600,4.01,0.26,Cao
Đức,DE,thời trang,coach backpack,1600,0.83,0.25,Cao
Đức,DE,thời trang,nike air force 1 black,1600,0.73,0.25,Cao
Đức,DE,thời trang,skechers sneakers,1600,0.36,0.10,Cao
Đức,DE,thời trang,vapormax plus,1300,0.77,0.26,Cao
Đức,DE,thời trang,nike jordan low,1300,0.64,0.18,Cao
Đức,DE,thời trang,ecco soft 7,1300,2.20,0.30,Cao
Đức,DE,thời trang,new balance 550 damen,1300,0.49,0.15,Cao
Đức,DE,thời trang,nike air force 1 luxe,1300,0.71,0.26,Cao
Đức,DE,thời trang,nike jordan damen,1300,0.46,0.15,Cao
Đức,DE,thời trang,on the roger advantage,1300,1.27,0.31,Cao
Đức,DE,thời trang,skechers slip ons,1300,0.31,0.12,Cao
Đức,DE,thời trang,off white shoes,1300,0.57,0.03,Cao
Đức,DE,thời trang,under armour backpack,1300,0.77,0.10,Cao
Đức,DE,thời trang,gym shoes,1300,1.08,0.31,Cao
Đức,DE,thời trang,p448 sneakers,1300,1.25,0.30,Cao
Đức,DE,thời trang,nike basketball shoes,1300,0.42,0.10,Cao
Đức,DE,thời trang,all star converse,1300,0.53,0.15,Cao
Đức,DE,thời trang,gym backpack,1300,1.17,0.34,Cao
Đức,DE,thời trang,air force 1 shadow,1000,0.56,0.20,Cao
Đức,DE,thời trang,nike blazer mid,1000,0.81,0.21,Cao
Đức,DE,thời trang,adidas 4d,1000,0.83,0.17,Cao
Đức,DE,thời trang,the roger advantage,1000,1.27,0.33,Cao
Đức,DE,thời trang,nike air force 1 herren weiß,1000,0.80,0.29,Cao
Đức,DE,thời trang,air force 1 white,1000,0.64,0.25,Cao
Đức,DE,thời trang,adidas trainers,1000,0.64,0.22,Cao
Đức,DE,thời trang,platform sneakers,1000,0.99,0.18,Cao
Đức,DE,thời trang,adidas backpack,1000,0.27,0.09,Cao
Đức,DE,thời trang,white shoes,1000,0.85,0.13,Cao
Đức,DE,thời trang,fila shoes,1000,0.46,0.09,Cao
Đức,DE,thời trang,new balance 237,1000,0.48,0.17,Cao
Đức,DE,thời trang,vejas,1000,0.75,0.12,Cao
Đức,DE,điện tử,smartwatch,135000,1.25,0.33,Cao
Đức,DE,điện tử,smartwatch damen,40500,1.20,0.22,Cao
Đức,DE,điện tử,damen smartwatch,40500,1.20,0.22,Cao
Đức,DE,điện tử,samsung smartwatch,33100,0.69,0.10,Cao
Đức,DE,điện tử,garmin smartwatch,27100,0.58,0.09,Cao
Đức,DE,điện tử,garmin vivoactive 5,27100,0.44,0.16,Cao
Đức,DE,điện tử,samsung watches,27100,0.67,0.11,Cao
Đức,DE,điện tử,smart watch,18100,1.26,0.23,Cao
Đức,DE,điện tử,smartwatch samsung,14800,0.69,0.09,Cao
Đức,DE,điện tử,xiaomi smartwatch,14800,0.23,0.07,Cao
Đức,DE,điện tử,earpods,12100,1.35,0.16,Cao
Đức,DE,điện tử,huawei smartwatch,8100,0.90,0.21,Cao
Đức,DE,điện tử,earbuds,8100,2.28,0.60,Cao
Đức,DE,điện tử,garmin smartwatch damen,6600,0.64,0.09,Cao
Đức,DE,điện tử,smart watch damen,6600,1.15,0.19,Cao
Đức,DE,điện tử,beste smartwatch,5400,1.03,0.11,Cao
Đức,DE,điện tử,smartwatch apple,4400,0.72,0.26,Cao
Đức,DE,điện tử,sony linkbuds s,4400,0.62,0.16,Cao
Đức,DE,điện tử,samsung smartwatch damen,4400,0.45,0.09,Cao
Đức,DE,điện tử,smartwatch google,4400,0.74,0.09,Cao
Đức,DE,điện tử,samsung in ear buds,4400,1.03,0.12,Cao
Đức,DE,điện tử,samsung earbuds,4400,1.03,0.12,Cao
Đức,DE,điện tử,bose quietcomfort earbuds,4400,0.96,0.22,Cao
Đức,DE,điện tử,google smartwatch,4400,0.74,0.09,Cao
Đức,DE,điện tử,sony linkbuds,4400,0.62,0.16,Cao
Đức,DE,điện tử,smartwatch damen samsung,3600,0.93,0.09,Cao
Đức,DE,điện tử,denver smartwatch,3600,0.34,0.05,Cao
Đức,DE,điện tử,smartwatch samsung damen,3600,0.60,0.09,Cao
Đức,DE,điện tử,beats fit pro,3600,0.49,0.12,Cao
Đức,DE,điện tử,samsung smart watch,3600,0.61,0.10,Cao
Đức,DE,điện tử,jbl tune flex,2900,0.70,0.17,Cao
Đức,DE,điện tử,smartwatch blutdruck,2900,1.12,0.32,Cao
Đức,DE,điện tử,media markt smartwatch,2900,0.58,0.14,Cao
Đức,DE,điện tử,fossil smartwatch,2900,1.21,0.20,Cao
Đức,DE,điện tử,jbl earbuds,2900,1.13,0.17,Cao
Đức,DE,điện tử,jbl live pro 2,2900,0.87,0.24,Cao
Đức,DE,điện tử,bose ear buds,2900,0.86,0.23,Cao
Đức,DE,điện tử,casio smartwatch,2900,0.76,0.07,Cao
Đức,DE,điện tử,smartwatch vergleich,2400,0.94,0.09,Cao
Đức,DE,điện tử,smart watch vergleich,2400,0.94,0.09,Cao
Đức,DE,điện tử,samsung airpods,2400,1.05,0.10,Cao
Đức,DE,điện tử,air buds,2400,1.57,0.19,Trung bình
Đức,DE,điện tử,samsung galaxy smartwatch,2400,0.68,0.11,Cao
Đức,DE,điện tử,jabra elite,1900,0.59,0.09,Cao
Đức,DE,điện tử,smartwatches,1900,1.23,0.25,Cao
Đức,DE,điện tử,smartwatch damen elegant,1900,1.09,0.25,Cao
Đức,DE,điện tử,sony earbuds,1900,0.47,0.12,Cao
Đức,DE,điện tử,jbl airpods,1900,0.94,0.12,Cao
Đức,DE,điện tử,hybrid smartwatch,1600,0.75,0.15,Cao
Đức,DE,điện tử,fossil smartwatch damen,1600,1.14,0.19,Cao
Đức,DE,điện tử,polar smartwatch,1600,0.59,0.06,Cao
Đức,DE,điện tử,huawei smartwatch damen,1600,0.88,0.15,Cao
Đức,DE,điện tử,amazon smartwatch,1600,0.63,0.04,Cao
Đức,DE,điện tử,smartwatch damen android,1600,1.11,0.20,Cao
Đức,DE,điện tử,beste smartwatch android,1600,1.00,0.12,Cao
Đức,DE,điện tử,michael kors smartwatch,1600,0.91,0.23,Cao
Đức,DE,điện tử,bose quietcomfort earbuds 2,1600,0.95,0.19,Cao
Đức,DE,điện tử,fitbit smartwatch,1600,0.84,0.08,Cao
Đức,DE,điện tử,galaxy smartwatch,1600,0.63,0.11,Cao
Đức,DE,điện tử,best android smartwatch,1600,1.00,0.12,Cao
Đức,DE,điện tử,jlab go air pop,1600,0.29,0.06,Cao
Đức,DE,điện tử,bose qc earbuds 2,1600,0.95,0.19,Cao
Đức,DE,điện tử,smart band,1600,1.69,0.49,Cao
Đức,DE,điện tử,buds 2 pro,1300,1.66,0.16,Cao
Đức,DE,điện tử,smart band 7,1300,0.50,0.04,Cao
Đức,DE,điện tử,withings smartwatch,1300,0.68,0.13,Cao
Đức,DE,điện tử,smartwatch ekg,1300,1.21,0.27,Cao
Đức,DE,điện tử,günstige smartwatch,1300,1.06,0.10,Cao
Đức,DE,điện tử,honor smartwatch,1300,1.98,0.18,Cao
Đức,DE,điện tử,noise cancelling earbuds,1300,2.34,0.62,Cao
Đức,DE,điện tử,beats studio buds,1300,0.34,0.10,Cao
Đức,DE,điện tử,powerbeats pro,1300,0.46,0.12,Cao
Đức,DE,điện tử,apple smart watch,1300,0.71,0.33,Cao
Đức,DE,điện tử,android smartwatch,1300,1.02,0.14,Cao
Đức,DE,điện tử,huawei smart watch,1300,0.90,0.29,Cao
Đức,DE,điện tử,android smart watch,1300,1.02,0.14,Cao
Đức,DE,điện tử,google pixel smartwatch,1300,0.75,0.10,Cao
Đức,DE,điện tử,wireless earbuds,1000,1.92,0.32,Cao
Đức,DE,điện tử,smartwatch android,1000,1.09,0.15,Cao
Đức,DE,điện tử,wear os smartwatch,1000,1.07,0.15,Cao
Đức,DE,điện tử,smartwatch gold,1000,1.73,0.28,Cao
Đức,DE,điện tử,smartwatch frauen,1000,1.21,0.30,Cao
Đức,DE,điện tử,smartwatch verkaufen,1000,0.64,0.16,Trung bình
Đức,DE,điện tử,smartwatch für iphone,1000,1.05,0.12,Cao
Đức,DE,điện tử,gute smartwatch,1000,1.01,0.11,Cao
Đức,DE,điện tử,smartwatch sport,1000,1.19,0.23,Cao
Đức,DE,điện tử,bose sport earbuds,1000,0.97,0.19,Cao
Đức,DE,điện tử,tag heuer smartwatch,1000,0.76,0.09,Cao
Đức,DE,điện tử,garmin smart watch,1000,0.97,0.09,Cao
Đức,DE,điện tử,huawei earbuds,1000,1.06,0.44,Cao
Indonesia,ID,gia dụng,air fryer,60500,0.21,0.01,Trung bình
Indonesia,ID,gia dụng,airfryer,12100,0.34,0.01,Trung bình
Indonesia,ID,gia dụng,harga air fryer,5400,0.08,0.01,Trung bình
Indonesia,ID,gia dụng,robot vacuum,3600,0.25,0.01,Cao
Indonesia,ID,gia dụng,robot vacuum cleaner,3600,0.25,0.01,Cao
Indonesia,ID,gia dụng,airfryer philips,3600,0.32,0.04,Cao
Indonesia,ID,gia dụng,automatic vacuum cleaner,3600,0.25,0.01,Cao
Indonesia,ID,gia dụng,air fryer philips,2400,0.33,0.04,Cao
Indonesia,ID,gia dụng,fryer,2400,0.54,0.03,Trung bình
Indonesia,ID,gia dụng,air fryer mito,1900,0.17,0.01,Cao
Indonesia,ID,gia dụng,philips air fryer,1900,0.42,0.08,Cao
Indonesia,ID,gia dụng,roomba,1600,0.26,0.01,Thấp
Indonesia,ID,gia dụng,ecovac,1600,0.99,0.07,Cao
Indonesia,ID,gia dụng,xiaomi robot vacuum,1300,0.19,0.02,Cao
Indonesia,ID,gia dụng,mito air fryer,1000,0.26,0.01,Cao
Indonesia,ID,gia dụng,robo rock,1000,0.54,0.05,Cao
Indonesia,ID,làm đẹp,moisturizer,165000,0.24,0.08,Thấp
Indonesia,ID,làm đẹp,skin care,90500,0.53,0.11,Thấp
Indonesia,ID,làm đẹp,face wash,74000,0.57,0.08,Thấp
Indonesia,ID,làm đẹp,hair dryer,49500,1.58,0.01,Trung bình
Indonesia,ID,làm đẹp,cetaphil gentle skin cleanser,40500,0.23,0.03,Trung bình
Indonesia,ID,làm đẹp,kahf face wash,33100,0.16,0.02,Trung bình
Indonesia,ID,làm đẹp,urutan skincare,33100,0.13,0.01,Thấp
Indonesia,ID,làm đẹp,body lotion,33100,0.28,0.09,Thấp
Indonesia,ID,làm đẹp,face wash hada labo,22200,0.16,0.01,Thấp
Indonesia,ID,làm đẹp,garnier facial wash,18100,0.12,0.01,Trung bình
Indonesia,ID,làm đẹp,basic skincare,14800,0.97,0.20,Thấp
Indonesia,ID,làm đẹp,peeling serum,14800,0.11,0.01,Thấp
Indonesia,ID,làm đẹp,serum peeling,14800,0.11,0.01,Thấp
Indonesia,ID,làm đẹp,body serum nivea,12100,0.12,0.02,Trung bình
Indonesia,ID,làm đẹp,cerave moisturizing cream,9900,0.24,0.02,Cao
Indonesia,ID,làm đẹp,moisturizer hada labo,8100,0.07,0.01,Trung bình
Indonesia,ID,làm đẹp,cetaphil moisturizing cream,8100,0.20,0.02,Cao
Indonesia,ID,làm đẹp,nivea body lotion,8100,0.13,0.02,Trung bình
Indonesia,ID,làm đẹp,pond's men,6600,0.00,0.00,Thấp
Indonesia,ID,làm đẹp,cleanser,6600,0.23,0.08,Thấp
Indonesia,ID,làm đẹp,skincare korea,5400,0.20,0.02,Trung bình
Indonesia,ID,làm đẹp,hairdryer philips,5400,0.15,0.01,Cao
Indonesia,ID,làm đẹp,eye cream,5400,1.90,0.10,Trung bình
Indonesia,ID,làm đẹp,skin care la mer,4400,0.15,0.02,Trung bình
Indonesia,ID,làm đẹp,dyson hair dryer,4400,0.32,0.03,Cao
Indonesia,ID,làm đẹp,cetaphil moisturizer,4400,0.20,0.03,Trung bình
Indonesia,ID,làm đẹp,blow dryer,4400,1.18,0.03,Trung bình
Indonesia,ID,làm đẹp,tinted lip balm,4400,0.23,0.01,Thấp
Indonesia,ID,làm đẹp,hydrating toner,4400,0.08,0.01,Trung bình
Indonesia,ID,làm đẹp,step skincare,3600,0.09,0.01,Thấp
Indonesia,ID,làm đẹp,harga hair dryer,3600,0.15,0.01,Trung bình
Indonesia,ID,làm đẹp,body serum scarlett,3600,0.00,0.00,Thấp
Indonesia,ID,làm đẹp,step by step skincare,3600,0.09,0.01,Thấp
Indonesia,ID,làm đẹp,sunscreen bioaqua,3600,0.04,0.01,Trung bình
Indonesia,ID,làm đẹp,cream ponds,2900,0.35,0.03,Trung bình
Indonesia,ID,làm đẹp,serum niacinamid,2900,0.16,0.01,Trung bình
Indonesia,ID,làm đẹp,ls skincare,2900,0.19,0.02,Trung bình
Indonesia,ID,làm đẹp,niacinamide serum,2900,0.31,0.01,Trung bình
Indonesia,ID,làm đẹp,cetaphil moisturizing lotion,2900,0.22,0.04,Trung bình
Indonesia,ID,làm đẹp,ceramide moisturizer,2900,0.23,0.01,Trung bình
Indonesia,ID,làm đẹp,retinil serum,2400,0.55,0.01,Trung bình
Indonesia,ID,làm đẹp,brand skincare korea,2400,0.35,0.04,Thấp
Indonesia,ID,làm đẹp,cerave hydrating cleanser,2400,0.29,0.04,Trung bình
Indonesia,ID,làm đẹp,moisturizer for dry skin,2400,0.65,0.07,Thấp
Indonesia,ID,làm đẹp,cetaphil daily facial cleanser,2400,0.22,0.04,Trung bình
Indonesia,ID,làm đẹp,serum retinol,2400,0.13,0.01,Trung bình
Indonesia,ID,làm đẹp,nivea creme,1900,0.10,0.01,Cao
Indonesia,ID,làm đẹp,harga dyson hair dryer,1900,0.88,0.03,Cao
Indonesia,ID,làm đẹp,erha skincare,1900,0.16,0.02,Trung bình
Indonesia,ID,làm đẹp,retinol cream,1900,1.04,0.01,Trung bình
Indonesia,ID,làm đẹp,cerave moisturizing lotion,1900,0.26,0.02,Trung bình
Indonesia,ID,làm đẹp,moisturizer with spf,1900,0.16,0.01,Trung bình
Indonesia,ID,làm đẹp,nivea cream,1900,0.07,0.01,Trung bình
Indonesia,ID,làm đẹp,skincare untuk jerawat,1600,0.36,0.07,Cao
Indonesia,ID,làm đẹp,glowing skincare,1600,0.59,0.02,Thấp
Indonesia,ID,làm đẹp,hair dryer yang bagus,1600,0.13,0.01,Cao
Indonesia,ID,làm đẹp,cetaphil cleanser,1600,0.23,0.04,Cao
Indonesia,ID,làm đẹp,stretch mark cream,1600,0.14,0.01,Cao
Indonesia,ID,làm đẹp,oil cleanser,1600,0.32,0.01,Trung bình
Indonesia,ID,làm đẹp,cerave foaming facial cleanser,1600,0.31,0.02,Thấp
Indonesia,ID,làm đẹp,moisturizer cosrx,1300,0.24,0.02,Trung bình
Indonesia,ID,làm đẹp,skincare beauty,1300,0.76,0.16,Thấp
Indonesia,ID,làm đẹp,skincare you,1300,0.49,0.02,Trung bình
Indonesia,ID,làm đẹp,harga catokan remington,1300,0.12,0.01,Trung bình
Indonesia,ID,làm đẹp,hnh skincare,1300,0.45,0.02,Cao
Indonesia,ID,làm đẹp,korean skincare,1300,1.30,0.06,Thấp
Indonesia,ID,làm đẹp,olay regenerist,1300,0.20,0.01,Cao
Indonesia,ID,làm đẹp,korean skin care,1300,1.30,0.06,Thấp
Indonesia,ID,làm đẹp,garnier vitamin c serum,1300,0.00,0.00,Trung bình
Indonesia,ID,làm đẹp,moisturizer for oily skin,1300,0.21,0.01,Trung bình
Indonesia,ID,làm đẹp,face cleanser,1300,1.19,0.08,Thấp
Indonesia,ID,làm đẹp,cetaphil lotion,1300,0.27,0.05,Cao
Indonesia,ID,làm đẹp,eye serum,1300,0.08,0.01,Trung bình
Indonesia,ID,làm đẹp,simple face wash,1300,0.30,0.03,Trung bình
Indonesia,ID,làm đẹp,nivea men creme,1000,0.03,0.01,Trung bình
Indonesia,ID,làm đẹp,skincare garnier,1000,0.00,0.00,Thấp
Indonesia,ID,làm đẹp,skincare scarlett,1000,0.16,0.01,Thấp
Indonesia,ID,làm đẹp,acnecare,1000,3.04,0.04,Trung bình
Indonesia,ID,làm đẹp,serum you,1000,0.00,0.00,Trung bình
Indonesia,ID,làm đẹp,moisturizer la mer,1000,0.13,0.02,Cao
Indonesia,ID,làm đẹp,harga hair dryer philips,1000,0.15,0.01,Cao
Indonesia,ID,làm đẹp,somethinc skincare,1000,0.13,0.02,Thấp
Indonesia,ID,làm đẹp,omg skincare,1000,0.17,0.02,Thấp
Indonesia,ID,làm đẹp,cerave moisturizer,1000,0.27,0.02,Trung bình
Indonesia,ID,làm đẹp,la mer moisturizer,1000,0.13,0.02,Cao
Indonesia,ID,làm đẹp,olay regenerist micro sculpting cream,1000,0.11,0.01,Trung bình
Indonesia,ID,làm đẹp,nivea lotion,1000,0.00,0.00,Trung bình
Indonesia,ID,làm đẹp,cetaphil cream,1000,0.15,0.03,Cao
Indonesia,ID,mẹ và bé,strollers,18100,0.32,0.01,Trung bình
Indonesia,ID,mẹ và bé,stroller joie,5400,0.10,0.01,Cao
Indonesia,ID,mẹ và bé,nuna stroller,5400,0.11,0.02,Cao
Indonesia,ID,mẹ và bé,joie stroller,5400,0.10,0.01,Cao
Indonesia,ID,mẹ và bé,joie pushchair,5400,0.10,0.01,Cao
Indonesia,ID,mẹ và bé,nuna pram,5400,0.11,0.02,Cao
Indonesia,ID,mẹ và bé,stroller pliko,3600,0.09,0.01,Cao
Indonesia,ID,mẹ và bé,stroller cocolatte,2900,0.10,0.02,Cao
Indonesia,ID,mẹ và bé,bugaboo stroller,2900,0.17,0.03,Cao
Indonesia,ID,mẹ và bé,harga stroller joie,1900,0.09,0.02,Cao
Indonesia,ID,mẹ và bé,baby stroller,1600,0.37,0.03,Cao
Indonesia,ID,mẹ và bé,elle stroller,1600,0.17,0.01,Cao
Indonesia,ID,mẹ và bé,infant stroller,1600,0.37,0.03,Cao
Indonesia,ID,mẹ và bé,newborn stroller,1600,0.37,0.03,Cao
Indonesia,ID,mẹ và bé,baby monitor,1300,0.21,0.01,Cao
Indonesia,ID,mẹ và bé,harga stroller pliko,1300,0.07,0.01,Cao
Indonesia,ID,mẹ và bé,yoyo stroller,1300,0.22,0.04,Cao
Indonesia,ID,mẹ và bé,babyzen yoyo stroller,1300,0.22,0.04,Cao
Indonesia,ID,nhà cửa,coffee makers,9900,0.15,0.01,Cao
Indonesia,ID,nhà cửa,coffee machine,3600,0.44,0.03,Cao
Indonesia,ID,nhà cửa,espresso machine,3600,0.27,0.02,Cao
Indonesia,ID,nhà cửa,nuovasimonelli,2900,0.13,0.03,Cao
Indonesia,ID,nhà cửa,ergonomic chair,2900,0.53,0.06,Trung bình
Indonesia,ID,nhà cửa,la marzocco linea mini,2400,0.15,0.03,Cao
Indonesia,ID,nhà cửa,office chair,1900,0.72,0.15,Cao
Indonesia,ID,nhà cửa,simonelli appia 2,1900,0.18,0.04,Cao
Indonesia,ID,nhà cửa,coffee grinder,1900,0.71,0.02,Cao
Indonesia,ID,nhà cửa,herman miller chair,1900,0.24,0.04,Trung bình
Indonesia,ID,nhà cửa,flairespresso,1600,0.12,0.02,Cao
Indonesia,ID,nhà cửa,nespresso machine,1600,0.19,0.03,Cao
Indonesia,ID,nhà cửa,delonghi coffee machine,1600,0.14,0.01,Cao
Indonesia,ID,nhà cửa,breville coffee machine,1300,0.15,0.02,Cao
Indonesia,ID,nhà cửa,best ergonomic office chair,1300,0.00,0.00,Thấp
Indonesia,ID,nhà cửa,coffee pots,1300,1.70,0.21,Trung bình
Indonesia,ID,nhà cửa,mahlkonig ek43,1000,0.17,0.04,Cao
Indonesia,ID,nhà cửa,harga coffee maker,1000,0.14,0.01,Cao
Indonesia,ID,nhà cửa,smeg coffee machine,1000,0.22,0.03,Cao
Indonesia,ID,nhà cửa,drip coffee maker,1000,0.31,0.02,Cao
Indonesia,ID,nhà cửa,french press coffee maker,1000,0.00,0.00,Thấp
Indonesia,ID,thú cưng,royql canin,33100,0.13,0.02,Trung bình
Indonesia,ID,thú cưng,makanan anjing,5400,0.10,0.01,Trung bình
Indonesia,ID,thú cưng,dog food,3600,1.22,0.02,Trung bình
Indonesia,ID,thú cưng,fooddog,3600,1.22,0.02,Trung bình
Indonesia,ID,thú cưng,royal canin gastrointestinal,3600,0.27,0.02,Cao
Indonesia,ID,thú cưng,royal canin urinary so,1900,0.10,0.01,Cao
Indonesia,ID,thú cưng,royal canin urinary,1900,0.68,0.02,Cao
Indonesia,ID,thú cưng,best dog food brands,1600,1.58,0.29,Thấp
Indonesia,ID,thú cưng,good dog food brands,1600,1.58,0.29,Thấp
Indonesia,ID,thú cưng,pro plan adult,1000,1.56,0.28,Cao
Indonesia,ID,thú cưng,proplan adults,1000,1.56,0.28,Cao
Indonesia,ID,thú cưng,dog choize,1000,0.28,0.01,Trung bình
Indonesia,ID,thể thao,asics gel kayano 14,18100,0.11,0.02,Cao
Indonesia,ID,thể thao,asics gel kayano,12100,0.10,0.02,Cao
Indonesia,ID,thể thao,on cloud shoes,9900,0.09,0.02,Cao
Indonesia,ID,thể thao,asics gel 1130,6600,0.10,0.02,Trung bình
Indonesia,ID,thể thao,nike running,6600,0.11,0.01,Trung bình
Indonesia,ID,thể thao,nike pegasus,6600,0.14,0.02,Trung bình
Indonesia,ID,thể thao,running shoes,5400,0.06,0.01,Trung bình
Indonesia,ID,thể thao,nike air zoom,5400,0.15,0.02,Thấp
Indonesia,ID,thể thao,asics novablast,5400,0.13,0.03,Cao
Indonesia,ID,thể thao,asics metaspeed,5400,0.13,0.02,Trung bình
Indonesia,ID,thể thao,trail running shoes,5400,0.08,0.01,Thấp
Indonesia,ID,thể thao,on cloudmonster,5400,0.12,0.02,Cao
Indonesia,ID,thể thao,adidas supernova,4400,0.08,0.01,Trung bình
Indonesia,ID,thể thao,hoka shoes,4400,0.10,0.01,Trung bình
Indonesia,ID,thể thao,hoka clifton 9,4400,0.14,0.03,Trung bình
Indonesia,ID,thể thao,nike running shoes,4400,0.10,0.01,Trung bình
Indonesia,ID,thể thao,yoga mat,3600,0.54,0.02,Cao
Indonesia,ID,thể thao,nb 1080,3600,0.13,0.02,Trung bình
Indonesia,ID,thể thao,asics gel nimbus,3600,0.13,0.02,Cao
Indonesia,ID,thể thao,adidas running shoes,3600,0.08,0.01,Cao
Indonesia,ID,thể thao,new balance 1080,3600,0.13,0.02,Trung bình
Indonesia,ID,thể thao,nike vaporfly,2900,0.18,0.03,Trung bình
Indonesia,ID,thể thao,asics kayano,2900,0.13,0.02,Cao
Indonesia,ID,thể thao,adizero sl,2400,0.16,0.02,Cao
Indonesia,ID,thể thao,adidas adizero sl,2400,0.11,0.02,Trung bình
Indonesia,ID,thể thao,puma running,2400,0.05,0.01,Trung bình
Indonesia,ID,thể thao,adidas ultra boost,2400,0.13,0.02,Trung bình
Indonesia,ID,thể thao,on running shoes,2400,0.11,0.02,Cao
Indonesia,ID,thể thao,asics running shoes,2400,0.07,0.01,Trung bình
Indonesia,ID,thể thao,new balance running shoes,2400,0.05,0.01,Trung bình
Indonesia,ID,thể thao,novablast,1900,0.12,0.02,Trung bình
Indonesia,ID,thể thao,nike vaporfly 4,1900,0.24,0.02,Trung bình
Indonesia,ID,thể thao,hoka bondi 8,1900,0.16,0.03,Thấp
Indonesia,ID,thể thao,ultraboost,1900,0.12,0.02,Trung bình
Indonesia,ID,thể thao,on cloud 5,1900,0.11,0.02,Cao
Indonesia,ID,thể thao,cloudmonster,1900,0.17,0.02,Cao
Indonesia,ID,thể thao,asics novablast 3,1600,0.08,0.01,Trung bình
Indonesia,ID,thể thao,nike air zoom pegasus,1600,0.21,0.04,Thấp
Indonesia,ID,thể thao,hoka running shoes,1600,0.07,0.01,Trung bình
Indonesia,ID,thể thao,hoka speedgoat 5,1600,0.13,0.02,Thấp
Indonesia,ID,thể thao,hoka clifton,1600,0.18,0.04,Trung bình
Indonesia,ID,thể thao,asics gt 2000,1600,0.12,0.02,Cao
Indonesia,ID,thể thao,new balance 860,1600,0.12,0.02,Trung bình
Indonesia,ID,thể thao,asics gel cumulus,1300,0.12,0.03,Cao
Indonesia,ID,thể thao,alphafly,1300,0.30,0.02,Trung bình
Indonesia,ID,thể thao,nike vapormax,1300,0.16,0.03,Thấp
Indonesia,ID,thể thao,hoka bondi,1300,0.17,0.03,Trung bình
Indonesia,ID,thể thao,sports shoes,1300,0.23,0.02,Thấp
Indonesia,ID,thể thao,manduka yoga mat,1300,0.10,0.02,Cao
Indonesia,ID,thể thao,hoka speedgoat,1300,0.18,0.03,Trung bình
Indonesia,ID,thể thao,nike reacts,1300,0.17,0.03,Trung bình
Indonesia,ID,thể thao,hoka mafate speed 4,1300,0.20,0.04,Trung bình
Indonesia,ID,thể thao,metaspeed,1000,0.12,0.02,Trung bình
Indonesia,ID,thể thao,best running shoes,1000,0.44,0.05,Thấp
Indonesia,ID,thể thao,asics sneakers,1000,0.13,0.02,Trung bình
Indonesia,ID,thể thao,salomon speedcross 6,1000,0.18,0.02,Trung bình
Indonesia,ID,thể thao,new balance 880,1000,0.14,0.03,Trung bình
Indonesia,ID,thời trang,adidas sambas,110000,0.08,0.01,Trung bình
Indonesia,ID,thời trang,sneakers,60500,0.09,0.01,Thấp
Indonesia,ID,thời trang,newbalance 530,40500,0.11,0.02,Trung bình
Indonesia,ID,thời trang,new balance 530,40500,0.11,0.02,Trung bình
Indonesia,ID,thời trang,backpack,27100,0.37,0.01,Thấp
Indonesia,ID,thời trang,nike air force1,22200,0.11,0.01,Trung bình
Indonesia,ID,thời trang,nike air force 1,22200,0.11,0.01,Trung bình
Indonesia,ID,thời trang,new balance 574,22200,0.08,0.02,Thấp
Indonesia,ID,thời trang,adidas gazelle,22200,0.14,0.02,Trung bình
Indonesia,ID,thời trang,adidas superstar,22200,0.06,0.01,Trung bình
Indonesia,ID,thời trang,adidas campus,12100,0.09,0.01,Thấp
Indonesia,ID,thời trang,airjordan,12100,0.08,0.01,Thấp
Indonesia,ID,thời trang,sepatu adidas original,12100,0.05,0.01,Thấp
Indonesia,ID,thời trang,air jordans,12100,0.08,0.01,Thấp
Indonesia,ID,thời trang,newbalance 2002r,9900,0.12,0.02,Trung bình
Indonesia,ID,thời trang,nike dunks,9900,0.08,0.01,Trung bình
Indonesia,ID,thời trang,new balance 2002r,9900,0.12,0.02,Trung bình
Indonesia,ID,thời trang,puma suede,8100,0.14,0.02,Trung bình
Indonesia,ID,thời trang,newbalance 550,8100,0.10,0.02,Thấp
Indonesia,ID,thời trang,dunk nike low,8100,0.08,0.01,Trung bình
Indonesia,ID,thời trang,new balance 550,8100,0.10,0.02,Thấp
Indonesia,ID,thời trang,nike jordan,8100,0.11,0.01,Trung bình
Indonesia,ID,thời trang,nike air jordan,8100,0.11,0.01,Trung bình
Indonesia,ID,thời trang,fjallraven kanken,8100,0.05,0.01,Cao
Indonesia,ID,thời trang,air force 1,6600,0.13,0.02,Trung bình
Indonesia,ID,thời trang,converse chuck taylor,6600,0.08,0.01,Trung bình
Indonesia,ID,thời trang,adidas stan smith,6600,0.14,0.02,Thấp
Indonesia,ID,thời trang,yeezys,6600,0.28,0.02,Thấp
Indonesia,ID,thời trang,adidas samba og,5400,0.09,0.01,Trung bình
Indonesia,ID,thời trang,new balance 327,5400,0.09,0.02,Trung bình
Indonesia,ID,thời trang,nike blazers,5400,0.13,0.01,Thấp
Indonesia,ID,thời trang,adidas ultraboost,5400,0.12,0.02,Trung bình
Indonesia,ID,thời trang,back pack,5400,1.17,0.02,Thấp
Indonesia,ID,thời trang,adidas handball spezial,4400,0.10,0.02,Trung bình
Indonesia,ID,thời trang,nb530,4400,0.10,0.02,Trung bình
Indonesia,ID,thời trang,zoomx nike,4400,0.15,0.02,Trung bình
Indonesia,ID,thời trang,nike shoes,4400,0.15,0.01,Trung bình
Indonesia,ID,thời trang,nike backpack,4400,0.08,0.01,Trung bình
Indonesia,ID,thời trang,tumi backpack,4400,0.08,0.01,Cao
Indonesia,ID,thời trang,adidas yeezy,4400,0.12,0.02,Trung bình
Indonesia,ID,thời trang,newbalance 990,3600,0.11,0.02,Thấp
Indonesia,ID,thời trang,adidas shoes,3600,0.09,0.01,Trung bình
Indonesia,ID,thời trang,puma shoes,3600,0.08,0.01,Trung bình
Indonesia,ID,thời trang,nike af,2900,0.06,0.01,Trung bình
Indonesia,ID,thời trang,on shoes,2900,0.13,0.02,Cao
Indonesia,ID,thời trang,skechers slip ons,2900,0.08,0.02,Cao
Indonesia,ID,thời trang,reebok club c 85,2900,0.15,0.02,Trung bình
Indonesia,ID,thời trang,nike metcon,2900,0.19,0.03,Cao
Indonesia,ID,thời trang,puma sneakers,2900,0.08,0.01,Trung bình
Indonesia,ID,thời trang,nike sb dunk low,2400,0.09,0.02,Thấp
Indonesia,ID,thời trang,air jordan 1,2400,0.24,0.03,Thấp
Indonesia,ID,thời trang,adidas nmd,2400,0.27,0.03,Thấp
Indonesia,ID,thời trang,adidas sneakers,2400,0.10,0.01,Thấp
Indonesia,ID,thời trang,nike sneakers,2400,0.13,0.01,Thấp
Indonesia,ID,thời trang,golden goose shoes,2400,0.19,0.02,Thấp
Indonesia,ID,thời trang,skechers d lite,1900,0.10,0.02,Cao
Indonesia,ID,thời trang,skechers shoes,1900,0.07,0.02,Trung bình
Indonesia,ID,thời trang,basketball shoes,1900,0.09,0.01,Thấp
Indonesia,ID,thời trang,reebok classic,1900,0.15,0.02,Trung bình
Indonesia,ID,thời trang,nike air max plus,1900,0.12,0.02,Thấp
Indonesia,ID,thời trang,new balance sneakers,1900,0.13,0.01,Thấp
Indonesia,ID,thời trang,white shoes,1900,1.20,0.02,Thấp
Indonesia,ID,thời trang,mini backpack,1900,0.38,0.03,Thấp
Indonesia,ID,thời trang,nike air force 1 black,1900,0.09,0.01,Trung bình
Indonesia,ID,thời trang,nike basketball shoes,1900,0.07,0.02,Trung bình
Indonesia,ID,thời trang,adidas la trainer,1600,0.20,0.03,Thấp
Indonesia,ID,thời trang,nike sb dunk,1600,0.15,0.02,Thấp
Indonesia,ID,thời trang,jansport backpack,1600,0.08,0.02,Cao
Indonesia,ID,thời trang,barefoot shoes,1600,0.57,0.04,Cao
Indonesia,ID,thời trang,adidas backpack,1600,0.09,0.01,Cao
Indonesia,ID,thời trang,coach backpack,1600,0.22,0.02,Cao
Indonesia,ID,thời trang,nike blazer low,1600,0.15,0.02,Thấp
Indonesia,ID,thời trang,new balance 2002,1300,0.15,0.03,Trung bình
Indonesia,ID,thời trang,sneakers adidas,1300,0.08,0.01,Thấp
Indonesia,ID,thời trang,vans hi sk8,1300,0.07,0.01,Thấp
Indonesia,ID,thời trang,rucksack,1300,0.00,0.00,Thấp
Indonesia,ID,thời trang,hiking shoes,1300,0.15,0.01,Cao
Indonesia,ID,thời trang,slip on shoes,1300,0.12,0.01,Trung bình
Indonesia,ID,thời trang,nike air max 1,1300,0.12,0.02,Thấp
Indonesia,ID,thời trang,new balance 237,1300,0.08,0.02,Trung bình
Indonesia,ID,thời trang,new balance 480,1300,0.13,0.02,Thấp
Indonesia,ID,thời trang,sneaker puma,1000,0.05,0.01,Trung bình
Indonesia,ID,thời trang,nike air force 1 07,1000,0.17,0.03,Thấp
Indonesia,ID,thời trang,nike air jordan 1,1000,0.18,0.01,Thấp
Indonesia,ID,thời trang,lamelo ball shoes,1000,0.21,0.02,Thấp
Indonesia,ID,điện tử,smartwatch,60500,0.31,0.01,Trung bình
Indonesia,ID,điện tử,smart watch,18100,0.26,0.01,Cao
Indonesia,ID,điện tử,earbuds,18100,0.40,0.01,Thấp
Indonesia,ID,điện tử,earpods,12100,0.17,0.05,Thấp
Indonesia,ID,điện tử,samsung watches,9900,0.68,0.05,Cao
Indonesia,ID,điện tử,smart watch xiaomi,5400,0.06,0.01,Cao
Indonesia,ID,điện tử,samsung smartwatch,5400,0.47,0.02,Cao
Indonesia,ID,điện tử,xiaomi smartwatch,5400,0.06,0.01,Cao
Indonesia,ID,điện tử,smart band,4400,0.20,0.01,Cao
Indonesia,ID,điện tử,tws earbuds,3600,0.16,0.01,Trung bình
Indonesia,ID,điện tử,wireless earbuds,2900,0.74,0.07,Thấp
Indonesia,ID,điện tử,smart watch samsung,2900,0.32,0.03,Cao
Indonesia,ID,điện tử,huawei smart watch,2900,0.39,0.03,Cao
Indonesia,ID,điện tử,smartwatch garmin,2400,0.07,0.01,Cao
Indonesia,ID,điện tử,earphone wireless,2400,0.35,0.01,Trung bình
Indonesia,ID,điện tử,garmin smartwatch,2400,0.07,0.01,Cao
Indonesia,ID,điện tử,smartwatch apple,2400,0.22,0.02,Cao
Indonesia,ID,điện tử,samsung earbuds,1900,0.90,0.06,Cao
Indonesia,ID,điện tử,samsung smart watch,1900,0.50,0.05,Cao
Indonesia,ID,điện tử,air buds,1900,0.00,0.00,Thấp
Indonesia,ID,điện tử,wireless earphones,1600,0.38,0.02,Thấp
Indonesia,ID,điện tử,huawei earbuds,1600,0.70,0.08,Cao
Indonesia,ID,điện tử,smartwatch iphone,1300,0.22,0.02,Cao
Indonesia,ID,điện tử,bose ear buds,1300,0.27,0.02,Cao
Indonesia,ID,điện tử,oppo watch,1300,0.20,0.01,Cao
Indonesia,ID,điện tử,true wireless earbuds,1300,0.00,0.00,Thấp
Indonesia,ID,điện tử,casio smartwatch,1300,0.07,0.01,Cao
Indonesia,ID,điện tử,sony earphones,1300,0.18,0.02,Cao
Indonesia,ID,điện tử,gaming earbuds,1000,0.32,0.01,Trung bình
Ấn Độ,IN,gia dụng,air fryer,550000,0.10,0.01,Cao
Ấn Độ,IN,gia dụng,airfryer,110000,0.10,0.01,Cao
Ấn Độ,IN,gia dụng,philips air fryer,110000,0.16,0.02,Cao
Ấn Độ,IN,gia dụng,air fryer price,110000,0.06,0.01,Cao
Ấn Độ,IN,gia dụng,robot vacuum,49500,0.40,0.02,Cao
Ấn Độ,IN,gia dụng,robot vacuum cleaner,49500,0.40,0.02,Cao
Ấn Độ,IN,gia dụng,automatic vacuum cleaner,49500,0.40,0.02,Cao
Ấn Độ,IN,gia dụng,ecovac,22200,0.31,0.04,Cao
Ấn Độ,IN,gia dụng,best air fryer,18100,0.19,0.02,Cao
Ấn Độ,IN,gia dụng,airfryer philips,18100,0.15,0.01,Cao
Ấn Độ,IN,gia dụng,air fryer philips,18100,0.12,0.01,Cao
Ấn Độ,IN,gia dụng,robot cleaner,12100,0.38,0.01,Cao
Ấn Độ,IN,gia dụng,best home vacuum cleaner,12100,0.19,0.01,Cao
Ấn Độ,IN,gia dụng,roomba,9900,0.66,0.02,Cao
Ấn Độ,IN,gia dụng,robot mop,8100,0.36,0.01,Cao
Ấn Độ,IN,gia dụng,ecovacs deebot,8100,0.34,0.03,Cao
Ấn Độ,IN,gia dụng,robot floor cleaner,8100,0.40,0.01,Cao
Ấn Độ,IN,gia dụng,fryer,6600,0.10,0.01,Cao
Ấn Độ,IN,gia dụng,xiaomi robot vacuum,6600,0.57,0.02,Cao
Ấn Độ,IN,gia dụng,robot vacuum and mop,5400,0.46,0.03,Trung bình
Ấn Độ,IN,gia dụng,dyson robot vacuum,5400,0.27,0.01,Cao
Ấn Độ,IN,gia dụng,best robot vacuum,4400,0.48,0.09,Cao
Ấn Độ,IN,gia dụng,deebot,4400,0.28,0.02,Cao
Ấn Độ,IN,gia dụng,best robot vacuum cleaner,4400,0.48,0.09,Cao
Ấn Độ,IN,gia dụng,best automatic vacuum,4400,0.48,0.09,Cao
Ấn Độ,IN,gia dụng,xiaomi air fryer,3600,0.17,0.01,Cao
Ấn Độ,IN,gia dụng,robo rock,3600,0.49,0.05,Cao
Ấn Độ,IN,gia dụng,stainless steel air fryer,2400,0.12,0.01,Cao
Ấn Độ,IN,gia dụng,best airfryer,2400,0.19,0.02,Cao
Ấn Độ,IN,gia dụng,instant pot air fryer,1600,0.28,0.04,Cao
Ấn Độ,IN,gia dụng,narwal robot,1600,0.69,0.02,Cao
Ấn Độ,IN,gia dụng,cheap air fryer,1600,0.05,0.01,Cao
Ấn Độ,IN,gia dụng,robot vacuum cleaner with mop,1300,0.44,0.03,Cao
Ấn Độ,IN,gia dụng,roomba vacuum cleaner,1300,0.66,0.02,Cao
Ấn Độ,IN,gia dụng,best robot vacuum and mop,1000,0.51,0.13,Cao
Ấn Độ,IN,gia dụng,robovac,1000,0.37,0.03,Cao
Ấn Độ,IN,gia dụng,robot roomba,1000,0.66,0.02,Cao
Ấn Độ,IN,gia dụng,amazon air fryer,1000,0.14,0.01,Cao
Ấn Độ,IN,gia dụng,i robot roomba,1000,0.66,0.04,Cao
Ấn Độ,IN,làm đẹp,cetaphil cleanser,550000,0.26,0.02,Cao
Ấn Độ,IN,làm đẹp,face wash,301000,0.29,0.02,Cao
Ấn Độ,IN,làm đẹp,moisturizer,246000,0.32,0.02,Cao
Ấn Độ,IN,làm đẹp,cetaphil moisturizer,246000,0.33,0.02,Cao
Ấn Độ,IN,làm đẹp,simple face wash,246000,0.12,0.01,Cao
Ấn Độ,IN,làm đẹp,dyson hair dryer,201000,0.30,0.01,Cao
Ấn Độ,IN,làm đẹp,niacinamide serum,201000,0.36,0.04,Cao
Ấn Độ,IN,làm đẹp,hair dryer,165000,0.07,0.01,Cao
Ấn Độ,IN,làm đẹp,retinol cream,135000,0.25,0.02,Cao
Ấn Độ,IN,làm đẹp,moisturizer for dry skin,135000,0.27,0.02,Cao
Ấn Độ,IN,làm đẹp,cetaphil gentle skin cleanser,110000,0.23,0.02,Cao
Ấn Độ,IN,làm đẹp,body lotion,110000,0.16,0.01,Cao
Ấn Độ,IN,làm đẹp,nivea body lotion,110000,0.07,0.01,Cao
Ấn Độ,IN,làm đẹp,moisturizer for oily skin,90500,0.17,0.01,Cao
Ấn Độ,IN,làm đẹp,best face wash for men,90500,0.19,0.01,Cao
Ấn Độ,IN,làm đẹp,skin care,74000,0.80,0.18,Cao
Ấn Độ,IN,làm đẹp,cetaphil moisturizing cream,74000,0.24,0.02,Cao
Ấn Độ,IN,làm đẹp,dove body wash,74000,0.08,0.01,Cao
Ấn Độ,IN,làm đẹp,garnier vitamin c serum,74000,0.07,0.01,Cao
Ấn Độ,IN,làm đẹp,face wash for dry skin,74000,0.26,0.03,Cao
Ấn Độ,IN,làm đẹp,best moisturizer for dry skin,60500,0.29,0.02,Cao
Ấn Độ,IN,làm đẹp,blow dryer,60500,0.15,0.02,Cao
Ấn Độ,IN,làm đẹp,eye cream for dark circles,49500,0.14,0.01,Cao
Ấn Độ,IN,làm đẹp,cleanser,49500,0.29,0.02,Cao
Ấn Độ,IN,làm đẹp,best moisturizer for oily skin,49500,0.17,0.01,Cao
Ấn Độ,IN,làm đẹp,best facial cleanser,49500,0.28,0.02,Cao
Ấn Độ,IN,làm đẹp,nivea cream,49500,0.07,0.01,Cao
Ấn Độ,IN,làm đẹp,stretch mark cream,40500,0.27,0.03,Cao
Ấn Độ,IN,làm đẹp,best moisturizer,40500,0.30,0.02,Cao
Ấn Độ,IN,làm đẹp,under eye cream,40500,0.19,0.02,Cao
Ấn Độ,IN,làm đẹp,skin care products,33100,0.47,0.06,Cao
Ấn Độ,IN,làm đẹp,best lip balm,33100,0.23,0.02,Cao
Ấn Độ,IN,làm đẹp,best under eye cream for dark circles,33100,0.16,0.02,Cao
Ấn Độ,IN,làm đẹp,under eye cream for dark circles,33100,0.16,0.02,Cao
Ấn Độ,IN,làm đẹp,face moisturizer,27100,0.27,0.02,Cao
Ấn Độ,IN,làm đẹp,blow dryer brush,27100,0.20,0.03,Cao
Ấn Độ,IN,làm đẹp,tinted lip balm,27100,0.12,0.01,Cao
Ấn Độ,IN,làm đẹp,skin bleaching cream,27100,0.25,0.02,Cao
Ấn Độ,IN,làm đẹp,cetaphil moisturizing lotion,27100,0.28,0.02,Cao
Ấn Độ,IN,làm đẹp,cetaphil cream,27100,0.26,0.02,Cao
Ấn Độ,IN,làm đẹp,wrinkle cream,22200,0.21,0.02,Thấp
Ấn Độ,IN,làm đẹp,best body wash for men,22200,0.21,0.02,Cao
Ấn Độ,IN,làm đẹp,oil free moisturizer,22200,0.15,0.01,Cao
Ấn Độ,IN,làm đẹp,neutrogena moisturizer,22200,0.25,0.02,Cao
Ấn Độ,IN,làm đẹp,toner for face,22200,0.22,0.01,Cao
Ấn Độ,IN,làm đẹp,face cream for men,22200,0.18,0.01,Cao
Ấn Độ,IN,làm đẹp,ceramide moisturizer,22200,0.28,0.02,Cao
Ấn Độ,IN,làm đẹp,best vitamin c serum for face,18100,0.26,0.02,Cao
Ấn Độ,IN,làm đẹp,sunscreen for face,18100,0.24,0.02,Cao
Ấn Độ,IN,làm đẹp,cetaphil lotion,18100,0.27,0.02,Cao
Ấn Độ,IN,làm đẹp,face moisturizer for dry skin,18100,0.21,0.02,Cao
Ấn Độ,IN,làm đẹp,best moisturizer for combination skin,18100,0.24,0.02,Cao
Ấn Độ,IN,làm đẹp,dyson supersonic hair dryer,14800,0.32,0.05,Trung bình
Ấn Độ,IN,làm đẹp,best skin care products,14800,0.55,0.09,Cao
Ấn Độ,IN,làm đẹp,isdin sunscreen,14800,0.25,0.04,Cao
Ấn Độ,IN,làm đẹp,eye cream,14800,0.24,0.02,Cao
Ấn Độ,IN,làm đẹp,face cleanser,14800,0.30,0.02,Cao
Ấn Độ,IN,làm đẹp,moisturizer with spf,14800,0.22,0.02,Cao
Ấn Độ,IN,làm đẹp,best face moisturizer for dry skin,14800,0.20,0.02,Cao
Ấn Độ,IN,làm đẹp,face cream for women,14800,0.23,0.01,Cao
Ấn Độ,IN,làm đẹp,hot air brush,14800,0.12,0.01,Cao
Ấn Độ,IN,làm đẹp,good skin care products,14800,0.55,0.09,Cao
Ấn Độ,IN,làm đẹp,vitamin c cream,14800,0.26,0.01,Cao
Ấn Độ,IN,làm đẹp,men's face wash,14800,0.21,0.01,Cao
Ấn Độ,IN,làm đẹp,korean skincare,12100,0.29,0.04,Cao
Ấn Độ,IN,làm đẹp,korean skin care,12100,0.29,0.04,Cao
Ấn Độ,IN,làm đẹp,clinique moisturizer,12100,0.28,0.03,Cao
Ấn Độ,IN,làm đẹp,hair diffuser,12100,0.10,0.01,Cao
Ấn Độ,IN,làm đẹp,korean skin care products,12100,0.23,0.02,Cao
Ấn Độ,IN,làm đẹp,foot cream,12100,0.23,0.02,Cao
Ấn Độ,IN,làm đẹp,kit skincare,12100,0.49,0.05,Cao
Ấn Độ,IN,làm đẹp,mens moisturiser,12100,0.18,0.01,Cao
Ấn Độ,IN,làm đẹp,salicylic acid cleanser,9900,0.26,0.02,Cao
Ấn Độ,IN,làm đẹp,oil cleanser,9900,0.18,0.02,Cao
Ấn Độ,IN,làm đẹp,wow face wash,9900,0.09,0.01,Cao
Ấn Độ,IN,làm đẹp,best hair dryer,8100,0.11,0.02,Cao
Ấn Độ,IN,làm đẹp,best eye cream for dark circles,8100,0.17,0.02,Cao
Ấn Độ,IN,làm đẹp,best face moisturizer,8100,0.27,0.02,Cao
Ấn Độ,IN,làm đẹp,best under eye cream,8100,0.17,0.02,Cao
Ấn Độ,IN,làm đẹp,nivea creme,8100,0.10,0.01,Cao
Ấn Độ,IN,làm đẹp,best anti wrinkle cream,8100,0.25,0.02,Cao
Ấn Độ,IN,làm đẹp,best niacinamide serum,8100,0.33,0.05,Cao
Ấn Độ,IN,làm đẹp,olay regenerist micro sculpting cream,8100,0.30,0.03,Cao
Ấn Độ,IN,làm đẹp,cetaphil face moisturizer,8100,0.23,0.02,Cao
Ấn Độ,IN,làm đẹp,hair dryer brush,6600,0.16,0.02,Cao
Ấn Độ,IN,làm đẹp,the ordinary serum,6600,0.25,0.02,Cao
Ấn Độ,IN,làm đẹp,nivea lotion,6600,0.08,0.01,Cao
Ấn Độ,IN,làm đẹp,dyson hair,5400,0.44,0.03,Cao
Ấn Độ,IN,làm đẹp,retinol eye cream,5400,0.14,0.02,Cao
Ấn Độ,IN,làm đẹp,hydrating toner,5400,0.19,0.02,Cao
Ấn Độ,IN,làm đẹp,skin care for men,4400,0.34,0.03,Cao
Ấn Độ,IN,làm đẹp,anti wrinkle cream,4400,0.25,0.02,Cao
Ấn Độ,IN,làm đẹp,skincare set,4400,0.29,0.02,Cao
Ấn Độ,IN,làm đẹp,cetaphil daily facial cleanser,4400,0.18,0.01,Cao
Ấn Độ,IN,làm đẹp,korean beauty products,4400,0.20,0.02,Cao
Ấn Độ,IN,làm đẹp,best stretch mark cream,3600,0.20,0.03,Cao
Ấn Độ,IN,làm đẹp,diffuser hair dryer,3600,0.10,0.01,Cao
Ấn Độ,IN,làm đẹp,dyson supersonic,2900,0.32,0.05,Cao
Ấn Độ,IN,làm đẹp,dyson hairdryer,2900,0.32,0.05,Cao
Ấn Độ,IN,làm đẹp,oil based cleanser,2900,0.19,0.02,Cao
Ấn Độ,IN,làm đẹp,glow serum,2900,0.35,0.04,Cao
Ấn Độ,IN,làm đẹp,natural skin care,2900,0.55,0.13,Thấp
Ấn Độ,IN,làm đẹp,dyson blow dryer,2400,0.31,0.03,Cao
Ấn Độ,IN,làm đẹp,olay retinol 24,2400,0.21,0.03,Cao
Ấn Độ,IN,làm đẹp,eye cream for wrinkles,2400,0.15,0.02,Cao
Ấn Độ,IN,làm đẹp,revlon blow dryer brush,2400,0.41,0.08,Cao
Ấn Độ,IN,làm đẹp,olay moisturizer,2400,0.13,0.02,Cao
Ấn Độ,IN,làm đẹp,best korean skin care products,2400,0.35,0.04,Cao
Ấn Độ,IN,làm đẹp,best cleanser,2400,0.30,0.02,Cao
Ấn Độ,IN,làm đẹp,best eye cream,1900,0.27,0.03,Cao
Ấn Độ,IN,làm đẹp,bubble skincare,1900,0.43,0.03,Cao
Ấn Độ,IN,làm đẹp,dyson dryer,1900,0.31,0.02,Cao
Ấn Độ,IN,làm đẹp,rhode skincare,1900,0.21,0.01,Cao
Ấn Độ,IN,làm đẹp,eye serum,1900,0.29,0.03,Cao
Ấn Độ,IN,làm đẹp,blowout brush,1900,0.13,0.02,Cao
Ấn Độ,IN,làm đẹp,best skin care,1900,0.67,0.15,Cao
Ấn Độ,IN,làm đẹp,mens skincare set,1900,0.26,0.02,Cao
Ấn Độ,IN,làm đẹp,professional hair dryer,1900,0.13,0.02,Cao
Ấn Độ,IN,làm đẹp,best blow dryer brush,1900,0.28,0.06,Cao
Ấn Độ,IN,làm đẹp,harry josh hair dryer,1900,0.45,0.10,Thấp
Ấn Độ,IN,làm đẹp,antioxidant serum,1900,0.23,0.03,Cao
Ấn Độ,IN,làm đẹp,revlon hair dryer brush,1600,0.30,0.03,Cao
Ấn Độ,IN,làm đẹp,skincare gift set,1600,0.32,0.03,Cao
Ấn Độ,IN,làm đẹp,natural skin care products,1600,0.33,0.09,Cao
Ấn Độ,IN,làm đẹp,olay regenerist,1300,0.32,0.03,Cao
Ấn Độ,IN,làm đẹp,laifen hair dryer,1300,0.17,0.02,Cao
Ấn Độ,IN,làm đẹp,bio oil skincare oil,1300,0.10,0.01,Cao
Ấn Độ,IN,làm đẹp,the ordinary moisturizer,1300,0.26,0.02,Cao
Ấn Độ,IN,làm đẹp,vanicream moisturizer,1300,0.19,0.01,Cao
Ấn Độ,IN,làm đẹp,best wrinkle cream,1000,0.20,0.02,Cao
Ấn Độ,IN,làm đẹp,aveeno eczema therapy,1000,0.19,0.03,Cao
Ấn Độ,IN,làm đẹp,eye cream for bags,1000,0.17,0.02,Cao
Ấn Độ,IN,làm đẹp,best skin care for men,1000,0.43,0.05,Cao
Ấn Độ,IN,làm đẹp,dyson diffuser,1000,0.32,0.06,Cao
Ấn Độ,IN,mẹ và bé,baby stroller,49500,0.17,0.01,Cao
Ấn Độ,IN,mẹ và bé,infant stroller,49500,0.17,0.01,Cao
Ấn Độ,IN,mẹ và bé,newborn stroller,49500,0.17,0.01,Cao
Ấn Độ,IN,mẹ và bé,strollers,18100,0.16,0.02,Cao
Ấn Độ,IN,mẹ và bé,baby pram,9900,0.10,0.01,Cao
Ấn Độ,IN,mẹ và bé,newborn pram,9900,0.10,0.01,Cao
Ấn Độ,IN,mẹ và bé,r for rabbit stroller,9900,0.48,0.03,Cao
Ấn Độ,IN,mẹ và bé,baby monitor,5400,0.13,0.02,Cao
Ấn Độ,IN,mẹ và bé,joie stroller,3600,0.27,0.02,Cao
Ấn Độ,IN,mẹ và bé,joie pushchair,3600,0.27,0.02,Cao
Ấn Độ,IN,mẹ và bé,baby monitor camera,2900,0.11,0.02,Cao
Ấn Độ,IN,mẹ và bé,baby camera,2900,0.10,0.01,Cao
Ấn Độ,IN,mẹ và bé,chicco stroller,2900,0.52,0.04,Cao
Ấn Độ,IN,mẹ và bé,yoyo stroller,2400,0.28,0.03,Cao
Ấn Độ,IN,mẹ và bé,babyzen yoyo stroller,2400,0.28,0.03,Cao
Ấn Độ,IN,mẹ và bé,twin stroller,1900,0.22,0.02,Cao
Ấn Độ,IN,mẹ và bé,pram stroller,1900,0.17,0.01,Cao
Ấn Độ,IN,mẹ và bé,twin pushchair,1900,0.22,0.02,Cao
Ấn Độ,IN,mẹ và bé,best strollers for newborns,1300,0.27,0.03,Cao
Ấn Độ,IN,mẹ và bé,graco strollers,1300,0.13,0.02,Cao
Ấn Độ,IN,mẹ và bé,best infant stroller,1300,0.27,0.03,Cao
Ấn Độ,IN,mẹ và bé,foldable stroller,1000,0.13,0.02,Cao
Ấn Độ,IN,nhà cửa,office chair,246000,0.20,0.01,Cao
Ấn Độ,IN,nhà cửa,coffee machine,135000,0.57,0.02,Cao
Ấn Độ,IN,nhà cửa,study chair,110000,0.09,0.01,Cao
Ấn Độ,IN,nhà cửa,coffee makers,60500,0.57,0.01,Cao
Ấn Độ,IN,nhà cửa,ergonomic chair,40500,0.21,0.02,Cao
Ấn Độ,IN,nhà cửa,espresso machine,22200,0.65,0.02,Cao
Ấn Độ,IN,nhà cửa,ergonomic office chair,14800,0.27,0.03,Cao
Ấn Độ,IN,nhà cửa,coffee grinder,14800,0.23,0.02,Cao
Ấn Độ,IN,nhà cửa,computer chair,14800,0.14,0.01,Cao
Ấn Độ,IN,nhà cửa,coffee machines for home,14800,0.57,0.02,Cao
Ấn Độ,IN,nhà cửa,delonghi coffee machine,12100,0.94,0.02,Cao
Ấn Độ,IN,nhà cửa,office chairs near me,12100,0.46,0.09,Cao
Ấn Độ,IN,nhà cửa,best ergonomic office chair,9900,0.44,0.06,Cao
Ấn Độ,IN,nhà cửa,french press coffee maker,9900,0.14,0.01,Cao
Ấn Độ,IN,nhà cửa,executive chair,8100,0.21,0.02,Cao
Ấn Độ,IN,nhà cửa,office coffee machines,8100,0.57,0.06,Cao
Ấn Độ,IN,nhà cửa,drip coffee maker,8100,0.26,0.02,Cao
Ấn Độ,IN,nhà cửa,nescafe coffee machine,8100,0.71,0.02,Cao
Ấn Độ,IN,nhà cửa,best office chair,6600,0.31,0.03,Cao
Ấn Độ,IN,nhà cửa,coffee machine with grinder,6600,0.65,0.02,Cao
Ấn Độ,IN,nhà cửa,steelcase chairs,5400,0.27,0.02,Cao
Ấn Độ,IN,nhà cửa,ikea office chair,5400,0.20,0.03,Cao
Ấn Độ,IN,nhà cửa,percolator,5400,0.07,0.01,Trung bình
Ấn Độ,IN,nhà cửa,coffee vending machine,5400,0.45,0.03,Cao
Ấn Độ,IN,nhà cửa,desk chair,4400,0.20,0.02,Cao
Ấn Độ,IN,nhà cửa,breville coffee machine,4400,0.38,0.02,Cao
Ấn Độ,IN,nhà cửa,cold brew coffee maker,4400,0.57,0.03,Trung bình
Ấn Độ,IN,nhà cửa,espresso coffee machine,4400,0.65,0.03,Cao
Ấn Độ,IN,nhà cửa,smeg coffee machine,3600,0.12,0.02,Cao
Ấn Độ,IN,nhà cửa,home office chair,3600,0.21,0.02,Cao
Ấn Độ,IN,nhà cửa,pour over coffee maker,3600,0.19,0.02,Cao
Ấn Độ,IN,nhà cửa,coffee pots,3600,0.09,0.01,Cao
Ấn Độ,IN,nhà cửa,used office chairs,3600,0.18,0.02,Cao
Ấn Độ,IN,nhà cửa,office chair no wheels,3600,0.15,0.01,Cao
Ấn Độ,IN,nhà cửa,comfortable office chair,2900,0.19,0.01,Cao
Ấn Độ,IN,nhà cửa,steelcase office chair,2900,0.22,0.02,Cao
Ấn Độ,IN,nhà cửa,haworth chairs,2900,0.21,0.01,Cao
Ấn Độ,IN,nhà cửa,reclining office chair,2900,0.19,0.02,Cao
Ấn Độ,IN,nhà cửa,comfortable desk chair,2900,0.19,0.01,Cao
Ấn Độ,IN,nhà cửa,executive office chair,2400,0.25,0.03,Cao
Ấn Độ,IN,nhà cửa,automatic coffee machine,2400,0.80,0.07,Cao
Ấn Độ,IN,nhà cửa,cheap office chairs,2400,0.15,0.01,Cao
Ấn Độ,IN,nhà cửa,philips coffee machine,1900,0.37,0.03,Cao
Ấn Độ,IN,nhà cửa,leather office chair,1900,0.21,0.02,Cao
Ấn Độ,IN,nhà cửa,best coffee machine,1900,0.65,0.04,Cao
Ấn Độ,IN,nhà cửa,humanscale chair,1900,0.30,0.02,Cao
Ấn Độ,IN,nhà cửa,reception chairs,1900,0.18,0.02,Cao
Ấn Độ,IN,nhà cửa,espresso machine for home,1900,0.65,0.02,Cao
Ấn Độ,IN,nhà cửa,high back office chair,1900,0.21,0.01,Cao
Ấn Độ,IN,nhà cửa,drip coffee,1900,0.31,0.02,Cao
Ấn Độ,IN,nhà cửa,amazon office chairs,1900,0.16,0.02,Cao
Ấn Độ,IN,nhà cửa,aeron chair,1600,0.48,0.04,Trung bình
Ấn Độ,IN,nhà cửa,commercial coffee machines,1600,0.45,0.08,Cao
Ấn Độ,IN,nhà cửa,lavazza coffee machine,1600,0.37,0.04,Cao
Ấn Độ,IN,nhà cửa,mesh office chair,1600,0.20,0.02,Cao
Ấn Độ,IN,nhà cửa,delonghi dedica,1600,0.94,0.03,Cao
Ấn Độ,IN,nhà cửa,best ergonomic chair,1600,0.36,0.05,Cao
Ấn Độ,IN,nhà cửa,breville barista express,1300,0.38,0.03,Cao
Ấn Độ,IN,nhà cửa,cappuccino machine,1300,0.57,0.02,Cao
Ấn Độ,IN,nhà cửa,coffee pod machine,1300,0.27,0.03,Cao
Ấn Độ,IN,nhà cửa,luxury office chair,1300,0.24,0.03,Cao
Ấn Độ,IN,nhà cửa,conference room chairs,1000,0.50,0.09,Cao
Ấn Độ,IN,nhà cửa,white office chair,1000,0.26,0.03,Cao
Ấn Độ,IN,nhà cửa,meeting room chairs,1000,0.50,0.09,Cao
Ấn Độ,IN,nhà cửa,coffee press,1000,0.12,0.01,Cao
Ấn Độ,IN,thú cưng,dog food,40500,0.42,0.05,Cao
Ấn Độ,IN,thú cưng,royal canin dog food,14800,0.36,0.04,Cao
Ấn Độ,IN,thú cưng,dog biscuits,14800,0.25,0.03,Cao
Ấn Độ,IN,thú cưng,best dog food brands,9900,0.30,0.05,Cao
Ấn Độ,IN,thú cưng,good dog food brands,9900,0.30,0.05,Cao
Ấn Độ,IN,thú cưng,royal canin puppy food,8100,0.40,0.04,Cao
Ấn Độ,IN,thú cưng,pedigree dog food,6600,0.42,0.04,Cao
Ấn Độ,IN,thú cưng,puppy food,6600,0.37,0.04,Cao
Ấn Độ,IN,thú cưng,pedigree puppy food,6600,0.34,0.03,Cao
Ấn Độ,IN,thú cưng,dog treats,5400,0.47,0.05,Cao
Ấn Độ,IN,thú cưng,dog bowls,4400,0.21,0.02,Cao
Ấn Độ,IN,thú cưng,purina pro plan dog food,3600,0.34,0.06,Thấp
Ấn Độ,IN,thú cưng,best dog food,2900,0.35,0.06,Cao
Ấn Độ,IN,thú cưng,purina pro plan cat food,2900,0.40,0.06,Trung bình
Ấn Độ,IN,thú cưng,vegetarian dog food,2900,0.29,0.04,Cao
Ấn Độ,IN,thú cưng,dog food online,2400,0.55,0.07,Cao
Ấn Độ,IN,thú cưng,orijen dog food,1900,0.64,0.06,Cao
Ấn Độ,IN,thú cưng,hypoallergenic dog food,1900,0.43,0.07,Cao
Ấn Độ,IN,thú cưng,hill's science diet dog food,1900,0.28,0.06,Thấp
Ấn Độ,IN,thú cưng,flea treatment for dogs,1600,0.24,0.02,Cao
Ấn Độ,IN,thú cưng,purina dog food,1300,0.35,0.07,Cao
Ấn Độ,IN,thú cưng,dry dog food,1300,0.35,0.05,Cao
Ấn Độ,IN,thú cưng,royal canin maxi puppy,1300,0.50,0.06,Cao
Ấn Độ,IN,thú cưng,purina pro plan,1000,0.35,0.07,Cao
Ấn Độ,IN,thú cưng,dog food brands,1000,0.35,0.05,Cao
Ấn Độ,IN,thú cưng,high protein dog food,1000,0.34,0.05,Cao
Ấn Độ,IN,thể thao,running shoes,201000,0.04,0.01,Cao
Ấn Độ,IN,thể thao,sports shoes for men,201000,0.03,0.01,Cao
Ấn Độ,IN,thể thao,asic shoes,201000,0.16,0.01,Cao
Ấn Độ,IN,thể thao,sports shoes,165000,0.04,0.01,Cao
Ấn Độ,IN,thể thao,yoga mat,110000,0.17,0.01,Cao
Ấn Độ,IN,thể thao,hoka shoes,74000,0.05,0.01,Cao
Ấn Độ,IN,thể thao,nike running shoes for men,74000,0.04,0.01,Cao
Ấn Độ,IN,thể thao,nike running shoes,60500,0.05,0.01,Cao
Ấn Độ,IN,thể thao,best running shoes for men,49500,0.06,0.01,Cao
Ấn Độ,IN,thể thao,adidas running shoes,49500,0.04,0.01,Cao
Ấn Độ,IN,thể thao,asics running shoes,40500,0.09,0.01,Cao
Ấn Độ,IN,thể thao,adidas running shoes for men,40500,0.04,0.01,Cao
Ấn Độ,IN,thể thao,running shoes for women,33100,0.04,0.01,Cao
Ấn Độ,IN,thể thao,women's sneakers,33100,0.06,0.01,Cao
Ấn Độ,IN,thể thao,womens white sneakers,33100,0.05,0.01,Cao
Ấn Độ,IN,thể thao,asics gel kayano,27100,0.05,0.01,Cao
Ấn Độ,IN,thể thao,men's sneakers,27100,0.04,0.01,Cao
Ấn Độ,IN,thể thao,puma running shoes,27100,0.05,0.01,Cao
Ấn Độ,IN,thể thao,nike pegasus,22200,0.06,0.02,Cao
Ấn Độ,IN,thể thao,gym shoes for women,22200,0.06,0.01,Cao
Ấn Độ,IN,thể thao,best running shoes,18100,0.04,0.01,Cao
Ấn Độ,IN,thể thao,asics sneakers,18100,0.04,0.01,Cao
Ấn Độ,IN,thể thao,adidas ultra boost,14800,0.08,0.01,Cao
Ấn Độ,IN,thể thao,asics gel nimbus,14800,0.05,0.01,Cao
Ấn Độ,IN,thể thao,nike running shoes women,12100,0.06,0.01,Cao
Ấn Độ,IN,thể thao,nike vaporfly,9900,0.10,0.03,Cao
Ấn Độ,IN,thể thao,asics gt 2000,9900,0.06,0.01,Cao
Ấn Độ,IN,thể thao,nike air zoom,9900,0.05,0.01,Cao
Ấn Độ,IN,thể thao,asics gel kayano 14,9900,0.08,0.02,Cao
Ấn Độ,IN,thể thao,asics novablast,8100,0.06,0.01,Cao
Ấn Độ,IN,thể thao,adidas supernova,8100,0.06,0.01,Cao
Ấn Độ,IN,thể thao,track shoes,8100,0.03,0.01,Cao
Ấn Độ,IN,thể thao,adidas running shoes women,8100,0.08,0.01,Cao
Ấn Độ,IN,thể thao,hoka running shoes,6600,0.08,0.01,Cao
Ấn Độ,IN,thể thao,nike pegasus 39,6600,0.05,0.01,Cao
Ấn Độ,IN,thể thao,best running shoes for women,6600,0.10,0.01,Cao
Ấn Độ,IN,thể thao,womens casual sneakers,6600,0.03,0.01,Cao
Ấn Độ,IN,thể thao,trail running shoes,5400,0.06,0.01,Cao
Ấn Độ,IN,thể thao,mens running shoes,5400,0.05,0.01,Cao
Ấn Độ,IN,thể thao,nike downshifter 12,5400,0.04,0.01,Cao
Ấn Độ,IN,thể thao,ultraboost,4400,0.21,0.02,Cao
Ấn Độ,IN,thể thao,nike revolution 6,4400,0.04,0.01,Cao
Ấn Độ,IN,thể thao,asics kayano,4400,0.05,0.01,Cao
Ấn Độ,IN,thể thao,alphafly,4400,0.16,0.02,Cao
Ấn Độ,IN,thể thao,best yoga mat,3600,0.20,0.03,Cao
Ấn Độ,IN,thể thao,nike invincible run 3,3600,0.10,0.03,Cao
Ấn Độ,IN,thể thao,hoka shoes men,3600,0.06,0.01,Cao
Ấn Độ,IN,thể thao,nike revolution,3600,0.04,0.01,Cao
Ấn Độ,IN,thể thao,under armour running shoes,3600,0.12,0.01,Cao
Ấn Độ,IN,thể thao,asics gel nimbus 25,2900,0.03,0.01,Cao
Ấn Độ,IN,thể thao,nike running,2900,0.09,0.03,Cao
Ấn Độ,IN,thể thao,black sneakers women,2900,0.07,0.01,Cao
Ấn Độ,IN,thể thao,asics gt 1000,2900,0.06,0.01,Cao
Ấn Độ,IN,thể thao,asics gel cumulus,2900,0.06,0.01,Cao
Ấn Độ,IN,thể thao,white running shoes,2900,0.04,0.01,Cao
Ấn Độ,IN,thể thao,kids running shoes,2900,0.06,0.01,Cao
Ấn Độ,IN,thể thao,gel kayano,2900,0.08,0.01,Cao
Ấn Độ,IN,thể thao,nike vapormax,2400,0.20,0.04,Cao
Ấn Độ,IN,thể thao,nike air zoom pegasus,2400,0.06,0.01,Cao
Ấn Độ,IN,thể thao,training shoes for women,2400,0.08,0.02,Cao
Ấn Độ,IN,thể thao,asics kayano 14,2400,0.10,0.02,Cao
Ấn Độ,IN,thể thao,asics novablast 3,1900,0.04,0.01,Cao
Ấn Độ,IN,thể thao,pegasus 39,1900,0.49,0.02,Cao
Ấn Độ,IN,thể thao,vaporfly,1900,0.43,0.04,Cao
Ấn Độ,IN,thể thao,waterproof running shoes,1900,0.04,0.01,Cao
Ấn Độ,IN,thể thao,cross training shoes,1900,0.12,0.01,Cao
Ấn Độ,IN,thể thao,yoga mat bag,1900,0.09,0.02,Cao
Ấn Độ,IN,thể thao,gel kayano 14,1900,0.11,0.02,Cao
Ấn Độ,IN,thể thao,vaporfly 3,1900,0.15,0.03,Cao
Ấn Độ,IN,thể thao,thick yoga mat,1900,0.12,0.02,Cao
Ấn Độ,IN,thể thao,black running shoes,1900,0.05,0.01,Cao
Ấn Độ,IN,thể thao,nike downshifter 11,1900,0.04,0.01,Cao
Ấn Độ,IN,thể thao,workout shoes for women,1900,0.10,0.01,Cao
Ấn Độ,IN,thể thao,women's high top sneakers,1900,0.05,0.01,Cao
Ấn Độ,IN,thể thao,hoka shoes women,1600,0.12,0.01,Cao
Ấn Độ,IN,thể thao,nike revolution 5,1600,0.03,0.01,Cao
Ấn Độ,IN,thể thao,hoka sneakers for women,1600,0.12,0.01,Cao
Ấn Độ,IN,thể thao,asics cumulus,1600,0.06,0.01,Cao
Ấn Độ,IN,thể thao,under armour sneakers,1600,0.10,0.01,Cao
Ấn Độ,IN,thể thao,mens trainers,1300,0.13,0.01,Cao
Ấn Độ,IN,thể thao,asics gel resolution 9,1300,0.16,0.03,Cao
Ấn Độ,IN,thể thao,nike pegasus 38,1000,0.05,0.01,Cao
Ấn Độ,IN,thể thao,nike trail running shoes,1000,0.08,0.02,Cao
Ấn Độ,IN,thể thao,nimbus 25,1000,0.04,0.01,Cao
Ấn Độ,IN,thể thao,nike reacts,1000,0.16,0.03,Cao
Ấn Độ,IN,thể thao,barefoot running shoes,1000,0.20,0.02,Cao
Ấn Độ,IN,thể thao,under armour hovr,1000,0.13,0.03,Cao
Ấn Độ,IN,thể thao,zoom fly 5,1000,0.30,0.03,Cao
Ấn Độ,IN,thể thao,asics noosa,1000,0.06,0.01,Cao
Ấn Độ,IN,thời trang,sneakers,450000,0.08,0.01,Cao
Ấn Độ,IN,thời trang,nike shoes,450000,0.05,0.01,Cao
Ấn Độ,IN,thời trang,adidas shoes,368000,0.07,0.01,Cao
Ấn Độ,IN,thời trang,puma shoes,368000,0.03,0.01,Cao
Ấn Độ,IN,thời trang,shoes for women,301000,0.03,0.01,Cao
Ấn Độ,IN,thời trang,nike shoes for men,301000,0.05,0.01,Cao
Ấn Độ,IN,thời trang,adidas sambas,246000,0.07,0.01,Cao
Ấn Độ,IN,thời trang,skechers shoes,201000,0.07,0.01,Cao
Ấn Độ,IN,thời trang,sling bag women,201000,0.05,0.01,Cao
Ấn Độ,IN,thời trang,nike air jordan,165000,0.06,0.01,Cao
Ấn Độ,IN,thời trang,jordan shoes,165000,0.37,0.01,Cao
Ấn Độ,IN,thời trang,sneakers for women,165000,0.04,0.01,Cao
Ấn Độ,IN,thời trang,adidas shoes for men,165000,0.05,0.01,Cao
Ấn Độ,IN,thời trang,skechers shoes for men,165000,0.06,0.01,Cao
Ấn Độ,IN,thời trang,nike air force 1,135000,0.07,0.01,Cao
Ấn Độ,IN,thời trang,skate shoes,110000,0.02,0.01,Cao
Ấn Độ,IN,thời trang,backpack,90500,0.05,0.01,Cao
Ấn Độ,IN,thời trang,nike sneakers,90500,0.05,0.01,Cao
Ấn Độ,IN,thời trang,reebok shoes,90500,0.06,0.01,Cao
Ấn Độ,IN,thời trang,skechers shoes for women,90500,0.06,0.01,Cao
Ấn Độ,IN,thời trang,on shoes,74000,0.16,0.02,Cao
Ấn Độ,IN,thời trang,basketball shoes,74000,0.04,0.01,Cao
Ấn Độ,IN,thời trang,puma sneakers,74000,0.06,0.01,Cao
Ấn Độ,IN,thời trang,shoe stores near me,74000,0.49,0.03,Thấp
Ấn Độ,IN,thời trang,air jordans,74000,0.33,0.01,Cao
Ấn Độ,IN,thời trang,backpack for women,74000,0.04,0.01,Cao
Ấn Độ,IN,thời trang,nike jordan,60500,0.05,0.02,Cao
Ấn Độ,IN,thời trang,white sneakers,60500,0.06,0.01,Cao
Ấn Độ,IN,thời trang,under armour shoes,60500,0.12,0.01,Cao
Ấn Độ,IN,thời trang,nike airmax,60500,0.05,0.01,Cao
Ấn Độ,IN,thời trang,air force 1,49500,0.09,0.01,Cao
Ấn Độ,IN,thời trang,adidas sneakers,49500,0.04,0.01,Cao
Ấn Độ,IN,thời trang,nike air jordan 1,49500,0.08,0.01,Cao
Ấn Độ,IN,thời trang,white shoes,49500,0.04,0.01,Cao
Ấn Độ,IN,thời trang,air jordan 1,40500,0.37,0.02,Cao
Ấn Độ,IN,thời trang,boys shoes,40500,0.05,0.01,Cao
Ấn Độ,IN,thời trang,nike dunks,33100,0.07,0.01,Cao
Ấn Độ,IN,thời trang,gym shoes,33100,0.08,0.01,Cao
Ấn Độ,IN,thời trang,nike basketball shoes,33100,0.05,0.01,Cao
Ấn Độ,IN,thời trang,adidas superstar,27100,0.08,0.01,Cao
Ấn Độ,IN,thời trang,mens sneakers,27100,0.04,0.01,Cao
Ấn Độ,IN,thời trang,back pack,27100,0.05,0.01,Cao
Ấn Độ,IN,thời trang,barefoot shoes,22200,0.22,0.02,Cao
Ấn Độ,IN,thời trang,nike blazers,22200,0.08,0.02,Cao
Ấn Độ,IN,thời trang,on running shoes,22200,0.17,0.02,Cao
Ấn Độ,IN,thời trang,travel backpack,22200,0.07,0.01,Cao
Ấn Độ,IN,thời trang,waterproof shoes,22200,0.03,0.01,Cao
Ấn Độ,IN,thời trang,yeezys,22200,0.30,0.04,Cao
Ấn Độ,IN,thời trang,nike womens shoes,22200,0.05,0.01,Cao
Ấn Độ,IN,thời trang,boys school shoes,22200,0.03,0.01,Cao
Ấn Độ,IN,thời trang,mens casual shoes,22200,0.04,0.01,Cao
Ấn Độ,IN,thời trang,adidas gazelle,18100,0.10,0.01,Cao
Ấn Độ,IN,thời trang,rucksack,18100,0.05,0.01,Cao
Ấn Độ,IN,thời trang,nike backpack,18100,0.04,0.01,Cao
Ấn Độ,IN,thời trang,yeezy shoes,18100,0.22,0.02,Cao
Ấn Độ,IN,thời trang,fila shoes,18100,0.04,0.01,Cao
Ấn Độ,IN,thời trang,adidas campus,18100,0.07,0.01,Cao
Ấn Độ,IN,thời trang,laptop backpack,14800,0.07,0.01,Cao
Ấn Độ,IN,thời trang,baby shoes,14800,0.15,0.01,Cao
Ấn Độ,IN,thời trang,adidas samba og,14800,0.17,0.02,Cao
Ấn Độ,IN,thời trang,black sneakers,14800,0.08,0.01,Cao
Ấn Độ,IN,thời trang,cole haan shoes,12100,0.04,0.01,Cao
Ấn Độ,IN,thời trang,hiking shoes,12100,0.07,0.01,Cao
Ấn Độ,IN,thời trang,slip on shoes,12100,0.07,0.01,Cao
Ấn Độ,IN,thời trang,adidas backpack,12100,0.05,0.01,Cao
Ấn Độ,IN,thời trang,adidas yeezy,12100,0.28,0.02,Cao
Ấn Độ,IN,thời trang,travel backpack for women,12100,0.07,0.01,Cao
Ấn Độ,IN,thời trang,converse sneakers,9900,0.08,0.01,Cao
Ấn Độ,IN,thời trang,kids nike shoes,9900,0.09,0.02,Cao
Ấn Độ,IN,thời trang,samsonite backpack,9900,0.11,0.02,Cao
Ấn Độ,IN,thời trang,nike air force 1 07,8100,0.15,0.03,Cao
Ấn Độ,IN,thời trang,skechers slip ins,8100,0.08,0.01,Cao
Ấn Độ,IN,thời trang,nike metcon,8100,0.10,0.03,Cao
Ấn Độ,IN,thời trang,converse chuck taylor,8100,0.11,0.01,Cao
Ấn Độ,IN,thời trang,adidas stan smith,8100,0.06,0.01,Cao
Ấn Độ,IN,thời trang,laptop backpack for women,8100,0.06,0.01,Cao
Ấn Độ,IN,thời trang,tumi backpack,6600,0.23,0.01,Cao
Ấn Độ,IN,thời trang,leather backpack,6600,0.08,0.01,Cao
Ấn Độ,IN,thời trang,adidas ultraboost,6600,0.11,0.02,Cao
Ấn Độ,IN,thời trang,orthopedic shoes for women,6600,0.06,0.01,Cao
Ấn Độ,IN,thời trang,reebok sneakers,6600,0.05,0.01,Cao
Ấn Độ,IN,thời trang,skechers sneakers,6600,0.06,0.01,Cao
Ấn Độ,IN,thời trang,girls school shoes,6600,0.04,0.01,Cao
Ấn Độ,IN,thời trang,skechers slip ons,5400,0.07,0.01,Cao
Ấn Độ,IN,thời trang,snkrs,5400,0.43,0.10,Trung bình
Ấn Độ,IN,thời trang,yeezy foam runner,5400,0.35,0.04,Cao
Ấn Độ,IN,thời trang,plantar fasciitis shoes,5400,0.08,0.02,Cao
Ấn Độ,IN,thời trang,coach backpack,5400,0.27,0.03,Cao
Ấn Độ,IN,thời trang,nike air force 1 black,5400,0.12,0.02,Cao
Ấn Độ,IN,thời trang,converse high tops,4400,0.08,0.01,Cao
Ấn Độ,IN,thời trang,reebok club c 85,4400,0.08,0.01,Cao
Ấn Độ,IN,thời trang,nike blazer mid 77,4400,0.16,0.03,Cao
Ấn Độ,IN,thời trang,waterproof backpack,4400,0.05,0.01,Cao
Ấn Độ,IN,thời trang,black backpack,4400,0.06,0.01,Cao
Ấn Độ,IN,thời trang,air force 1 white,3600,0.14,0.01,Cao
Ấn Độ,IN,thời trang,best walking shoes for women,3600,0.08,0.01,Cao
Ấn Độ,IN,thời trang,off white shoes,3600,0.19,0.03,Cao
Ấn Độ,IN,thời trang,under armour backpack,3600,0.10,0.01,Cao
Ấn Độ,IN,thời trang,mens backpack,3600,0.07,0.01,Cao
Ấn Độ,IN,thời trang,hiking backpack,3600,0.08,0.01,Cao
Ấn Độ,IN,thời trang,hiking shoes for women,3600,0.06,0.01,Cao
Ấn Độ,IN,thời trang,mens basketball shoes,3600,0.04,0.01,Cao
Ấn Độ,IN,thời trang,white sneakers women,2900,0.06,0.01,Cao
Ấn Độ,IN,thời trang,reebok club c,2900,0.07,0.01,Cao
Ấn Độ,IN,thời trang,nike air force 1 women,2900,0.09,0.01,Cao
Ấn Độ,IN,thời trang,kids backpacks,2900,0.16,0.01,Cao
Ấn Độ,IN,thời trang,mini backpack,2900,0.05,0.01,Cao
Ấn Độ,IN,thời trang,kids backpack,2900,0.16,0.01,Cao
Ấn Độ,IN,thời trang,adidas gazelle womens,2900,0.13,0.02,Cao
Ấn Độ,IN,thời trang,skechers slip on shoes,2900,0.07,0.01,Cao
Ấn Độ,IN,thời trang,all star converse,2900,0.07,0.01,Cao
Ấn Độ,IN,thời trang,gym backpack,2900,0.12,0.01,Cao
Ấn Độ,IN,thời trang,on shoes women,2900,0.20,0.03,Cao
Ấn Độ,IN,thời trang,slip on sneakers,2400,0.10,0.01,Cao
Ấn Độ,IN,thời trang,white converse,2400,0.09,0.01,Cao
Ấn Độ,IN,thời trang,nike air max 1,2400,0.15,0.02,Cao
Ấn Độ,IN,thời trang,nike air force one,2400,0.10,0.01,Cao
Ấn Độ,IN,thời trang,nike blazer low,2400,0.07,0.02,Cao
Ấn Độ,IN,thời trang,wide toe box shoes,2400,0.13,0.01,Cao
Ấn Độ,IN,thời trang,kids basketball shoes,2400,0.06,0.01,Cao
Ấn Độ,IN,thời trang,kids sneakers,2400,0.10,0.01,Cao
Ấn Độ,IN,thời trang,best backpacks,2400,0.07,0.01,Cao
Ấn Độ,IN,thời trang,black air force 1,1900,0.11,0.02,Cao
Ấn Độ,IN,thời trang,off white sneakers,1900,0.16,0.02,Cao
Ấn Độ,IN,thời trang,white leather sneakers,1900,0.09,0.01,Cao
Ấn Độ,IN,thời trang,nike air force 1 low,1900,0.09,0.01,Cao
Ấn Độ,IN,thời trang,nmd,1900,0.00,0.00,Thấp
Ấn Độ,IN,thời trang,reebok classic,1600,0.08,0.01,Cao
Ấn Độ,IN,thời trang,weekender bag,1600,0.20,0.02,Cao
Ấn Độ,IN,thời trang,toddler shoes,1600,0.38,0.03,Cao
Ấn Độ,IN,thời trang,best travel backpack,1600,0.11,0.01,Cao
Ấn Độ,IN,thời trang,nike dunk high,1600,0.09,0.02,Cao
Ấn Độ,IN,thời trang,nike metcon 8,1600,0.19,0.03,Cao
Ấn Độ,IN,thời trang,nike air force 1 07 lv8,1600,0.20,0.04,Cao
Ấn Độ,IN,thời trang,balenciaga sneakers,1600,0.30,0.03,Cao
Ấn Độ,IN,thời trang,on sneakers,1600,0.15,0.02,Cao
Ấn Độ,IN,thời trang,most comfortable shoes,1600,0.17,0.01,Cao
Ấn Độ,IN,thời trang,nike blazer mid 77 vintage,1600,0.17,0.03,Cao
Ấn Độ,IN,thời trang,boys basketball shoes,1600,0.07,0.01,Cao
Ấn Độ,IN,thời trang,water shoes for men,1600,0.07,0.01,Cao
Ấn Độ,IN,thời trang,adidas nmd,1300,0.37,0.02,Cao
Ấn Độ,IN,thời trang,steel toe shoes,1300,0.09,0.01,Cao
Ấn Độ,IN,thời trang,adidas trainers,1300,0.11,0.02,Cao
Ấn Độ,IN,thời trang,backpacks for school,1300,0.06,0.01,Cao
Ấn Độ,IN,thời trang,air max 1,1300,0.26,0.03,Cao
Ấn Độ,IN,thời trang,stan smith shoes,1300,0.21,0.01,Cao
Ấn Độ,IN,thời trang,reebok club c 85 vintage,1300,0.14,0.01,Cao
Ấn Độ,IN,thời trang,puma slipstream,1300,0.04,0.01,Cao
Ấn Độ,IN,thời trang,dunks low,1000,0.25,0.02,Cao
Ấn Độ,IN,thời trang,nike high tops,1000,0.05,0.03,Cao
Ấn Độ,IN,thời trang,nike air jordan 1 mid,1000,0.11,0.02,Cao
Ấn Độ,IN,điện tử,earbuds,673000,0.03,0.01,Cao
Ấn Độ,IN,điện tử,smart watch,550000,0.03,0.01,Cao
Ấn Độ,IN,điện tử,boat airdopes,246000,0.08,0.01,Cao
Ấn Độ,IN,điện tử,boat earbuds,246000,0.07,0.01,Cao
Ấn Độ,IN,điện tử,smart watches for men,165000,0.04,0.01,Cao
Ấn Độ,IN,điện tử,noise smart watch,165000,0.15,0.01,Cao
Ấn Độ,IN,điện tử,noise earbuds,165000,0.13,0.01,Cao
Ấn Độ,IN,điện tử,oneplus earbuds,165000,0.03,0.01,Cao
Ấn Độ,IN,điện tử,smart watch ladies,110000,0.06,0.01,Cao
Ấn Độ,IN,điện tử,best earbuds,74000,0.05,0.01,Cao
Ấn Độ,IN,điện tử,earpods,74000,0.06,0.01,Cao
Ấn Độ,IN,điện tử,jbl earbuds,74000,0.08,0.01,Cao
Ấn Độ,IN,điện tử,samsung watches,74000,0.21,0.01,Cao
Ấn Độ,IN,điện tử,bluetooth earphones,74000,0.05,0.01,Cao
Ấn Độ,IN,điện tử,apple head phones,74000,0.16,0.01,Cao
Ấn Độ,IN,điện tử,wireless earbuds,60500,0.05,0.01,Thấp
Ấn Độ,IN,điện tử,noise cancelling earbuds,60500,0.09,0.01,Cao
Ấn Độ,IN,điện tử,fastrack smart watch,60500,0.08,0.01,Cao
Ấn Độ,IN,điện tử,samsung earbuds,49500,0.17,0.01,Cao
Ấn Độ,IN,điện tử,samsung smart watch,49500,0.13,0.01,Cao
Ấn Độ,IN,điện tử,skullcandy earbuds,49500,0.05,0.01,Cao
Ấn Độ,IN,điện tử,fire boltt watch,49500,0.03,0.01,Cao
Ấn Độ,IN,điện tử,noise watch,49500,0.19,0.01,Cao
Ấn Độ,IN,điện tử,tws earbuds,49500,0.02,0.01,Cao
Ấn Độ,IN,điện tử,smartwatch,40500,0.04,0.01,Cao
Ấn Độ,IN,điện tử,apple earbuds,40500,0.14,0.01,Cao
Ấn Độ,IN,điện tử,sony earbuds,40500,0.03,0.01,Cao
Ấn Độ,IN,điện tử,smart watch for girls,40500,0.05,0.01,Cao
Ấn Độ,IN,điện tử,bluetooth earbuds,33100,0.05,0.01,Cao
Ấn Độ,IN,điện tử,apple smart watch,33100,0.03,0.01,Cao
Ấn Độ,IN,điện tử,firebolt smart watch,33100,0.03,0.01,Cao
Ấn Độ,IN,điện tử,boat smartwatch,33100,0.06,0.01,Cao
Ấn Độ,IN,điện tử,true wireless earbuds,33100,0.22,0.01,Thấp
Ấn Độ,IN,điện tử,boat airdopes 141,33100,0.05,0.01,Cao
Ấn Độ,IN,điện tử,air buds,27100,0.03,0.01,Cao
Ấn Độ,IN,điện tử,fire boltt smartwatch,27100,0.03,0.01,Cao
Ấn Độ,IN,điện tử,marshall earbuds,27100,0.04,0.01,Cao
Ấn Độ,IN,điện tử,smart watch for boys,27100,0.05,0.01,Cao
Ấn Độ,IN,điện tử,titan smart watch,27100,0.05,0.01,Cao
Ấn Độ,IN,điện tử,smart watch price,22200,0.02,0.01,Cao
Ấn Độ,IN,điện tử,smart watch for kids,18100,0.09,0.01,Cao
Ấn Độ,IN,điện tử,wireless earphones,18100,0.05,0.01,Cao
Ấn Độ,IN,điện tử,android smartwatch,18100,0.02,0.01,Cao
Ấn Độ,IN,điện tử,sony earphones,18100,0.03,0.01,Cao
Ấn Độ,IN,điện tử,kids smart watch,14800,0.11,0.01,Cao
Ấn Độ,IN,điện tử,best smartwatch,14800,0.07,0.01,Cao
Ấn Độ,IN,điện tử,best noise cancelling earbuds,14800,0.07,0.01,Cao
Ấn Độ,IN,điện tử,android watch,14800,0.02,0.01,Cao
Ấn Độ,IN,điện tử,best airpods,14800,0.09,0.01,Cao
Ấn Độ,IN,điện tử,gaming earbuds,14800,0.02,0.01,Cao
Ấn Độ,IN,điện tử,best earphones,14800,0.22,0.01,Cao
Ấn Độ,IN,điện tử,samsung airpods,12100,0.10,0.01,Cao
Ấn Độ,IN,điện tử,soundcore earbuds,12100,0.03,0.01,Cao
Ấn Độ,IN,điện tử,smart band,12100,0.04,0.01,Cao
Ấn Độ,IN,điện tử,samsung smart watches for men,9900,0.14,0.01,Cao
Ấn Độ,IN,điện tử,jbl airpods,8100,0.08,0.01,Cao
Ấn Độ,IN,điện tử,rugged smartwatch,8100,0.06,0.01,Trung bình
Ấn Độ,IN,điện tử,fossil smart watches for men,8100,0.07,0.01,Cao
Ấn Độ,IN,điện tử,samsung smartwatch,6600,0.14,0.01,Cao
Ấn Độ,IN,điện tử,fossil smartwatch,6600,0.05,0.01,Cao
Ấn Độ,IN,điện tử,phone watch,6600,0.04,0.01,Cao
Ấn Độ,IN,điện tử,buds 2 pro,5400,0.27,0.01,Cao
Ấn Độ,IN,điện tử,google earbuds,5400,0.02,0.01,Cao
Ấn Độ,IN,điện tử,sennheiser earbuds,5400,0.06,0.01,Cao
Ấn Độ,IN,điện tử,amazon smart watch,5400,0.04,0.01,Cao
Ấn Độ,IN,điện tử,best smartwatch under 5000,5400,0.07,0.01,Cao
Ấn Độ,IN,điện tử,firebolt watch,5400,0.03,0.01,Cao
Ấn Độ,IN,điện tử,best wireless earbuds,4400,0.09,0.01,Cao
Ấn Độ,IN,điện tử,smart watch women,4400,0.07,0.01,Cao
Ấn Độ,IN,điện tử,g shock smart watch,4400,0.03,0.01,Cao
Ấn Độ,IN,điện tử,samsung smart watches for women,4400,0.14,0.01,Cao
Ấn Độ,IN,điện tử,huawei earbuds,4400,0.04,0.01,Cao
Ấn Độ,IN,điện tử,noise cancelling earphones,4400,0.15,0.01,Cao
Ấn Độ,IN,điện tử,amazon earbuds,4400,0.04,0.01,Cao
Ấn Độ,IN,điện tử,best smartwatch for women,4400,0.11,0.01,Cao
Ấn Độ,IN,điện tử,fitbit smartwatch,3600,0.06,0.01,Cao
Ấn Độ,IN,điện tử,oppo watch,3600,0.20,0.01,Cao
Ấn Độ,IN,điện tử,fitness watches for men,3600,0.06,0.01,Cao
Ấn Độ,IN,điện tử,fossil smart watches for women,3600,0.09,0.01,Cao
Ấn Độ,IN,điện tử,best wireless earphones,3600,0.10,0.01,Cao
Ấn Độ,IN,điện tử,best bluetooth earbuds,2900,0.07,0.01,Cao
Ấn Độ,IN,điện tử,google smartwatch,2900,0.04,0.01,Cao
Ấn Độ,IN,điện tử,jbl live pro 2,2900,0.09,0.01,Cao
Ấn Độ,IN,điện tử,sony linkbuds s,2900,0.07,0.01,Cao
Ấn Độ,IN,điện tử,sony wf c500,2900,0.04,0.01,Cao
Ấn Độ,IN,điện tử,nothing ear 1,2900,0.04,0.01,Cao
Ấn Độ,IN,điện tử,waterproof earbuds,2900,0.03,0.01,Cao
Ấn Độ,IN,điện tử,sony linkbuds,2900,0.07,0.01,Cao
Ấn Độ,IN,điện tử,smartwatches,2900,0.06,0.01,Cao
Ấn Độ,IN,điện tử,wear os watches,2900,0.10,0.01,Cao
Ấn Độ,IN,điện tử,waterproof smart watch,2900,0.04,0.01,Cao
Ấn Độ,IN,điện tử,samsung buds pro,2400,0.30,0.01,Cao
Ấn Độ,IN,điện tử,samsung buds live,2400,0.40,0.01,Cao
Ấn Độ,IN,điện tử,kids gps watch,2400,0.11,0.01,Cao
Ấn Độ,IN,điện tử,jbl wireless earbuds,2400,0.17,0.01,Cao
Ấn Độ,IN,điện tử,google smart watch,2400,0.04,0.01,Cao
Ấn Độ,IN,điện tử,rolex smartwatch,2400,0.60,0.04,Trung bình
Ấn Độ,IN,điện tử,samsung watches for men,2400,0.11,0.01,Cao
Ấn Độ,IN,điện tử,xiaomi smartwatch,1900,0.04,0.01,Cao
Ấn Độ,IN,điện tử,best smartwatch for android,1900,0.12,0.01,Cao
Ấn Độ,IN,điện tử,samsung galaxy earbuds,1900,0.17,0.01,Cao
Ấn Độ,IN,điện tử,fitness watches for women,1900,0.08,0.01,Cao
Ấn Độ,IN,điện tử,samsung galaxy smartwatch,1900,0.21,0.01,Cao
Ấn Độ,IN,điện tử,google pixel smartwatch,1900,0.03,0.01,Cao
Ấn Độ,IN,điện tử,google pixel earbuds,1900,0.02,0.01,Cao
Ấn Độ,IN,điện tử,best smart watches,1600,0.10,0.01,Cao
Ấn Độ,IN,điện tử,best earbuds for iphone,1600,0.07,0.01,Cao
Ấn Độ,IN,điện tử,android watch for men,1600,0.03,0.01,Cao
Ấn Độ,IN,điện tử,pixel earbuds,1600,0.02,0.01,Cao
Ấn Độ,IN,điện tử,sport earbuds,1600,0.06,0.01,Cao
Ấn Độ,IN,điện tử,hybrid watch,1600,0.11,0.01,Cao
Ấn Độ,IN,điện tử,earbuds for iphone,1300,0.06,0.01,Cao
Ấn Độ,IN,điện tử,galaxy earbuds,1300,0.13,0.01,Cao
Ấn Độ,IN,điện tử,samsung watches for women,1300,0.18,0.01,Cao
Ấn Độ,IN,điện tử,samsung fitness watch,1300,0.21,0.01,Cao
Ấn Độ,IN,điện tử,michael kors smartwatch women,1300,0.17,0.02,Cao
Ấn Độ,IN,điện tử,fossil gen 6 smartwatch,1300,0.09,0.01,Thấp
Ấn Độ,IN,điện tử,samsung earbuds 2 pro,1300,0.11,0.01,Cao
Ấn Độ,IN,điện tử,samsung galaxy smart watch,1300,0.17,0.01,Cao
Ấn Độ,IN,điện tử,samsung earbuds 2,1000,0.08,0.01,Cao
Ấn Độ,IN,điện tử,samsung wireless earbuds,1000,0.12,0.01,Cao
Ấn Độ,IN,điện tử,ear buds on sale,1000,0.04,0.01,Cao
Ấn Độ,IN,điện tử,casio smartwatch,1000,0.05,0.01,Cao
Nhật Bản,JP,gia dụng,air fryer,5400,0.28,0.05,Cao
Nhật Bản,JP,gia dụng,ecovacs,4400,1.34,0.27,Cao
Nhật Bản,JP,gia dụng,ecovac,4400,1.34,0.27,Cao
Nhật Bản,JP,gia dụng,deebot,2900,0.77,0.14,Cao
Nhật Bản,JP,gia dụng,roomba,2900,0.59,0.07,Cao
Nhật Bản,JP,gia dụng,airfryer,1000,0.29,0.05,Cao
Nhật Bản,JP,làm đẹp,wrinkle cream,5400,0.00,0.00,Thấp
Nhật Bản,JP,làm đẹp,dyson hair dryer,3600,0.62,0.12,Cao
Nhật Bản,JP,làm đẹp,moisturizer,2400,3.02,0.17,Trung bình
Nhật Bản,JP,làm đẹp,lip cream dhc,1900,0.81,0.05,Cao
Nhật Bản,JP,làm đẹp,hair dryer,1600,1.06,0.12,Cao
Nhật Bản,JP,làm đẹp,dyson sonic,1600,0.62,0.12,Cao
Nhật Bản,JP,làm đẹp,dyson supersonic,1600,0.62,0.12,Cao
Nhật Bản,JP,làm đẹp,cerave moisturizing cream,1600,0.44,0.05,Cao
Nhật Bản,JP,làm đẹp,dyson hairdryer,1600,0.62,0.12,Cao
Nhật Bản,JP,mẹ và bé,cuboai,4400,0.34,0.06,Cao
Nhật Bản,JP,mẹ và bé,strollers,2400,1.05,0.08,Thấp
Nhật Bản,JP,nhà cửa,オカムラ シルフィー,12100,1.23,0.28,Cao
Nhật Bản,JP,nhà cửa,マグニフィカ s,6600,0.26,0.04,Cao
Nhật Bản,JP,nhà cửa,コンテッサ セコンダ,2900,1.12,0.34,Cao
Nhật Bản,JP,nhà cửa,デスクイス,2400,0.73,0.08,Cao
Nhật Bản,JP,nhà cửa,オカムラ コンテッサ,1900,1.54,0.19,Cao
Nhật Bản,JP,nhà cửa,オカムラ の コンテッサ,1900,1.54,0.19,Cao
Nhật Bản,JP,nhà cửa,cofo chair pro,1600,3.91,0.24,Cao
Nhật Bản,JP,nhà cửa,バーテブラ,1600,0.93,0.18,Cao
Nhật Bản,JP,nhà cửa,オカムラ バロン,1600,0.95,0.19,Cao
Nhật Bản,JP,nhà cửa,イトーキ サリダ,1600,0.67,0.12,Cao
Nhật Bản,JP,nhà cửa,ergo human,1300,1.55,0.26,Cao
Nhật Bản,JP,nhà cửa,シルフィー オカムラ,1300,1.24,0.30,Cao
Nhật Bản,JP,nhà cửa,コクヨ ing,1300,1.54,0.16,Cao
Nhật Bản,JP,nhà cửa,デロンギ ディナミカ,1300,0.31,0.04,Cao
Nhật Bản,JP,nhà cửa,ecam22112b,1300,0.56,0.09,Cao
Nhật Bản,JP,nhà cửa,デロンギ 石灰 除去,1300,0.37,0.15,Trung bình
Nhật Bản,JP,nhà cửa,steelcase gesture,1300,2.06,0.37,Cao
Nhật Bản,JP,nhà cửa,coffee machine,1000,0.58,0.04,Cao
Nhật Bản,JP,nhà cửa,オカムラ コンテッサ セコンダ,1000,1.14,0.29,Cao
Nhật Bản,JP,nhà cửa,デロンギ エレッタ,1000,0.41,0.05,Cao
Nhật Bản,JP,thể thao,on cloud shoes,8100,0.44,0.07,Cao
Nhật Bản,JP,thể thao,asics gel kayano 14,8100,0.18,0.03,Cao
Nhật Bản,JP,thể thao,asics gel kayano,6600,0.26,0.04,Cao
Nhật Bản,JP,thể thao,gt 2000,5400,0.18,0.03,Cao
Nhật Bản,JP,thể thao,hoka shoes,4400,0.80,0.09,Cao
Nhật Bản,JP,thể thao,on cloudmonster,4400,0.39,0.08,Cao
Nhật Bản,JP,thể thao,cloudmonster,3600,0.43,0.08,Cao
Nhật Bản,JP,thể thao,asics gel 1130,2900,0.21,0.04,Cao
Nhật Bản,JP,thể thao,nb 1080,2900,0.26,0.04,Cao
Nhật Bản,JP,thể thao,new balance 1080,2900,0.26,0.04,Cao
Nhật Bản,JP,thể thao,new balance 880,2900,0.30,0.06,Cao
Nhật Bản,JP,thể thao,running shoes,2400,0.54,0.03,Cao
Nhật Bản,JP,thể thao,gel nimbus,2400,0.26,0.05,Cao
Nhật Bản,JP,thể thao,hoka bondi,2400,0.84,0.12,Cao
Nhật Bản,JP,thể thao,asics gel nimbus,2400,0.24,0.05,Cao
Nhật Bản,JP,thể thao,novablast,1900,0.22,0.04,Cao
Nhật Bản,JP,thể thao,on cloud 5,1900,0.28,0.06,Cao
Nhật Bản,JP,thể thao,mizuno wave rider,1900,0.38,0.04,Cao
Nhật Bản,JP,thể thao,nike running,1600,1.18,0.16,Trung bình
Nhật Bản,JP,thể thao,hoka clifton 9,1600,0.74,0.09,Cao
Nhật Bản,JP,thể thao,nike pegasus,1600,0.48,0.10,Cao
Nhật Bản,JP,thể thao,hoka clifton,1600,0.76,0.12,Cao
Nhật Bản,JP,thể thao,asics gt 2000,1600,0.19,0.04,Cao
Nhật Bản,JP,thể thao,asics kayano,1600,0.29,0.04,Cao
Nhật Bản,JP,thể thao,asics novablast,1300,0.24,0.05,Cao
Nhật Bản,JP,thể thao,hoka bondi 8,1300,0.96,0.08,Cao
Nhật Bản,JP,thể thao,nike running shoes,1300,0.68,0.09,Cao
Nhật Bản,JP,thể thao,sports shoes,1300,0.62,0.03,Trung bình
Nhật Bản,JP,thể thao,nike air zoom,1000,0.45,0.07,Cao
Nhật Bản,JP,thể thao,on running shoes,1000,0.46,0.08,Cao
Nhật Bản,JP,thể thao,asics running shoes,1000,0.32,0.04,Cao
Nhật Bản,JP,thể thao,on sneakers,1000,0.59,0.09,Cao
Nhật Bản,JP,thể thao,new balance 860,1000,0.33,0.06,Cao
Nhật Bản,JP,thể thao,asics runners,1000,0.27,0.05,Trung bình
Nhật Bản,JP,thời trang,エア フォース 1,135000,0.44,0.09,Cao
Nhật Bản,JP,thời trang,ノース フェイス リュック,135000,0.12,0.03,Cao
Nhật Bản,JP,thời trang,ニューバランス 996,90500,0.20,0.05,Cao
Nhật Bản,JP,thời trang,996 ニューバランス,90500,0.20,0.05,Cao
Nhật Bản,JP,thời trang,エア マックス,74000,0.29,0.06,Cao
Nhật Bản,JP,thời trang,アークテリクス リュック,74000,0.39,0.07,Cao
Nhật Bản,JP,thời trang,エア ジョーダン,60500,0.33,0.06,Cao
Nhật Bản,JP,thời trang,adidas サンバ,60500,0.18,0.05,Cao
Nhật Bản,JP,thời trang,アディダス サンバ,60500,0.18,0.05,Cao
Nhật Bản,JP,thời trang,サンバ アディダス,60500,0.18,0.05,Cao
Nhật Bản,JP,thời trang,ニューバランス 574,49500,0.15,0.03,Cao
Nhật Bản,JP,thời trang,リュック サック,49500,0.27,0.04,Cao
Nhật Bản,JP,thời trang,コンバース オールスター,49500,0.32,0.07,Cao
Nhật Bản,JP,thời trang,ニューバランス 2002,49500,0.21,0.04,Cao
Nhật Bản,JP,thời trang,グレゴリー リュック,40500,0.18,0.04,Cao
Nhật Bản,JP,thời trang,ニューバランス 9060,40500,0.30,0.06,Cao
Nhật Bản,JP,thời trang,ジョーダン 1,33100,0.38,0.05,Cao
Nhật Bản,JP,thời trang,ポーター リュック,33100,0.10,0.01,Cao
Nhật Bản,JP,thời trang,オニツカ タイガー メキシコ 66,33100,0.30,0.06,Cao
Nhật Bản,JP,thời trang,ナイキ エア フォース 1,27100,0.63,0.09,Cao
Nhật Bản,JP,thời trang,ニューバランス 530,27100,0.25,0.06,Cao
Nhật Bản,JP,thời trang,コールマン リュック,27100,0.10,0.02,Cao
Nhật Bản,JP,thời trang,コロンビア リュック,27100,0.14,0.03,Cao
Nhật Bản,JP,thời trang,ニューエラ リュック,22200,0.15,0.04,Cao
Nhật Bản,JP,thời trang,ジャック パーセル,22200,0.41,0.05,Cao
Nhật Bản,JP,thời trang,nike エア フォース 1,22200,0.63,0.10,Cao
Nhật Bản,JP,thời trang,adidas ガゼル,22200,0.18,0.05,Cao
Nhật Bản,JP,thời trang,ニューバランス 992,18100,0.48,0.05,Cao
Nhật Bản,JP,thời trang,ニューバランス 880,18100,0.19,0.04,Cao
Nhật Bản,JP,thời trang,アディダス ガゼル,18100,0.18,0.05,Cao
Nhật Bản,JP,thời trang,newbalance 530,14800,0.35,0.06,Cao
Nhật Bản,JP,thời trang,ニューバランス 327,14800,0.18,0.04,Cao
Nhật Bản,JP,thời trang,ニューバランス 990,14800,0.29,0.04,Cao
Nhật Bản,JP,thời trang,マムート リュック,14800,0.19,0.04,Cao
Nhật Bản,JP,thời trang,ニューバランス 373,14800,0.13,0.04,Cao
Nhật Bản,JP,thời trang,ニューバランス 993,14800,1.00,0.06,Cao
Nhật Bản,JP,thời trang,ニューバランス 1906,14800,0.34,0.06,Cao
Nhật Bản,JP,thời trang,コンバース ワン スター,14800,0.29,0.05,Cao
Nhật Bản,JP,thời trang,new balance 530,14800,0.35,0.06,Cao
Nhật Bản,JP,thời trang,shoe stores near me,14800,2.59,0.43,Thấp
Nhật Bản,JP,thời trang,adidas sambas,14800,0.18,0.05,Cao
Nhật Bản,JP,thời trang,nike エア フォース,12100,0.50,0.10,Cao
Nhật Bản,JP,thời trang,コンバース ハイカット,12100,0.27,0.05,Cao
Nhật Bản,JP,thời trang,アネロ リュック,12100,0.13,0.03,Cao
Nhật Bản,JP,thời trang,adidas リュック,12100,0.16,0.04,Cao
Nhật Bản,JP,thời trang,カリマー リュック,12100,0.19,0.08,Cao
Nhật Bản,JP,thời trang,on shoes,12100,0.69,0.10,Cao
Nhật Bản,JP,thời trang,yeezys,12100,0.84,0.20,Cao
Nhật Bản,JP,thời trang,sneakers,9900,0.75,0.05,Trung bình
Nhật Bản,JP,thời trang,アディダス スタンス ミス,9900,0.18,0.06,Cao
Nhật Bản,JP,thời trang,ナイキ ジョーダン,9900,0.43,0.07,Cao
Nhật Bản,JP,thời trang,ニューバランス 725,9900,0.17,0.04,Cao
Nhật Bản,JP,thời trang,アディダス リュック,9900,0.15,0.04,Cao
Nhật Bản,JP,thời trang,ナイキ リュック,9900,0.26,0.04,Cao
Nhật Bản,JP,thời trang,ニューバランス 1500,9900,0.69,0.05,Cao
Nhật Bản,JP,thời trang,nike リュック,9900,0.31,0.05,Cao
Nhật Bản,JP,thời trang,コンバース チャック テイラー,9900,0.56,0.09,Cao
Nhật Bản,JP,thời trang,ミレー リュック,9900,0.16,0.03,Cao
Nhật Bản,JP,thời trang,スーパー スター アディダス,9900,0.18,0.08,Cao
Nhật Bản,JP,thời trang,アウトドア リュック,9900,0.17,0.03,Cao
Nhật Bản,JP,thời trang,air force 1,9900,0.59,0.12,Cao
Nhật Bản,JP,thời trang,snkrs,9900,0.78,0.03,Trung bình
Nhật Bản,JP,thời trang,ニューバランス 550,8100,0.15,0.04,Cao
Nhật Bản,JP,thời trang,ザ ノース フェイス リュック,8100,0.12,0.03,Cao
Nhật Bản,JP,thời trang,カーハート リュック,8100,0.12,0.03,Cao
Nhật Bản,JP,thời trang,ニューバランス 990v6,8100,0.50,0.06,Cao
Nhật Bản,JP,thời trang,高校生 リュック,8100,0.13,0.02,Cao
Nhật Bản,JP,thời trang,new balance 574,8100,0.28,0.05,Cao
Nhật Bản,JP,thời trang,backpack,6600,1.00,0.18,Cao
Nhật Bản,JP,thời trang,ナイキ エア フォース,6600,0.55,0.09,Cao
Nhật Bản,JP,thời trang,nike エア ジョーダン,6600,0.44,0.09,Cao
Nhật Bản,JP,thời trang,newbalance 2002r,6600,0.24,0.05,Cao
Nhật Bản,JP,thời trang,ミルク フェド リュック,6600,0.17,0.04,Cao
Nhật Bản,JP,thời trang,エア フォース ワン 白,6600,0.54,0.11,Cao
Nhật Bản,JP,thời trang,ニューバランス 991,6600,0.27,0.05,Cao
Nhật Bản,JP,thời trang,nike shoes,6600,0.89,0.06,Cao
Nhật Bản,JP,thời trang,new balance 2002r,6600,0.24,0.05,Cao
Nhật Bản,JP,thời trang,airjordan,5400,0.45,0.09,Cao
Nhật Bản,JP,thời trang,ナイキ エア ジョーダン,5400,0.43,0.07,Cao
Nhật Bản,JP,thời trang,nordace リュック,5400,0.77,0.08,Cao
Nhật Bản,JP,thời trang,アンダー アーマー リュック,5400,0.19,0.04,Cao
Nhật Bản,JP,thời trang,nike air force 1,5400,0.68,0.12,Cao
Nhật Bản,JP,thời trang,adidas shoes,5400,0.25,0.06,Cao
Nhật Bản,JP,thời trang,air jordans,5400,0.45,0.09,Cao
Nhật Bản,JP,thời trang,アディダス カントリー,4400,0.16,0.03,Cao
Nhật Bản,JP,thời trang,newbalance 990,4400,0.54,0.07,Cao
Nhật Bản,JP,thời trang,ティファニー ナイキ,4400,0.09,0.03,Cao
Nhật Bản,JP,thời trang,エア フォース 1 白,4400,0.46,0.09,Cao
Nhật Bản,JP,thời trang,ハンター リュック,4400,0.12,0.02,Cao
Nhật Bản,JP,thời trang,黒 リュック,4400,0.19,0.04,Cao
Nhật Bản,JP,thời trang,ニューバランス グレー,4400,0.49,0.05,Cao
Nhật Bản,JP,thời trang,adidas gazelle,4400,0.18,0.06,Cao
Nhật Bản,JP,thời trang,adidas superstar,4400,0.23,0.12,Cao
Nhật Bản,JP,thời trang,adidas samba og,2900,0.18,0.04,Cao
Nhật Bản,JP,thời trang,newbalance 550,2900,0.28,0.05,Cao
Nhật Bản,JP,thời trang,コンバース トレック ウェーブ,2900,0.57,0.10,Cao
Nhật Bản,JP,thời trang,ナイキ ハイカット,2900,0.60,0.05,Cao
Nhật Bản,JP,thời trang,ミレスト リュック,2900,0.27,0.08,Cao
Nhật Bản,JP,thời trang,new balance 550,2900,0.28,0.05,Cao
Nhật Bản,JP,thời trang,new balance 327,2900,0.29,0.06,Cao
Nhật Bản,JP,thời trang,nike air max plus,2900,0.61,0.10,Cao
Nhật Bản,JP,thời trang,adidas campus,2400,0.18,0.05,Cao
Nhật Bản,JP,thời trang,new balance 2002,2400,0.44,0.09,Cao
Nhật Bản,JP,thời trang,リュック 人気,2400,0.16,0.03,Cao
Nhật Bản,JP,thời trang,コンバース ピンク,2400,0.25,0.06,Cao
Nhật Bản,JP,thời trang,ニューバランス mr530,2400,0.24,0.05,Cao
Nhật Bản,JP,thời trang,ニューバランス ベージュ,2400,0.42,0.04,Cao
Nhật Bản,JP,thời trang,nike jordan,2400,0.56,0.08,Cao
Nhật Bản,JP,thời trang,puma suede,1900,0.44,0.08,Cao
Nhật Bản,JP,thời trang,ニューバランス 237,1900,0.13,0.04,Cao
Nhật Bản,JP,thời trang,nike dunks,1900,0.50,0.07,Cao
Nhật Bản,JP,thời trang,air jordan 1,1900,0.51,0.09,Cao
Nhật Bản,JP,thời trang,adidas stan smith,1900,0.18,0.08,Cao
Nhật Bản,JP,thời trang,vans hi sk8,1600,0.12,0.04,Cao
Nhật Bản,JP,thời trang,ml574,1600,0.34,0.07,Cao
Nhật Bản,JP,thời trang,ニューバランス 1600,1600,0.12,0.03,Cao
Nhật Bản,JP,thời trang,skechers shoes,1600,0.79,0.08,Cao
Nhật Bản,JP,thời trang,nike air force 1 07,1600,0.87,0.13,Cao
Nhật Bản,JP,thời trang,basketball shoes,1600,0.55,0.03,Cao
Nhật Bản,JP,thời trang,nike air jordan,1600,0.43,0.08,Cao
Nhật Bản,JP,thời trang,nike sb dunk low,1300,0.47,0.12,Cao
Nhật Bản,JP,thời trang,990 v5,1300,0.76,0.06,Cao
Nhật Bản,JP,thời trang,ニューバランス 5740,1300,0.15,0.04,Cao
Nhật Bản,JP,thời trang,m2002r,1300,0.82,0.09,Cao
Nhật Bản,JP,thời trang,north face backpack,1300,0.24,0.03,Cao
Nhật Bản,JP,thời trang,barefoot shoes,1300,1.18,0.13,Cao
Nhật Bản,JP,thời trang,puma shoes,1300,0.38,0.08,Cao
Nhật Bản,JP,thời trang,fjallraven kanken,1300,0.17,0.04,Cao
Nhật Bản,JP,thời trang,back pack,1300,0.82,0.08,Cao
Nhật Bản,JP,thời trang,stan smith lux,1000,0.18,0.10,Cao
Nhật Bản,JP,thời trang,nb530,1000,0.47,0.04,Cao
Nhật Bản,JP,thời trang,nike jordan 3,1000,1.03,0.13,Trung bình
Nhật Bản,JP,thời trang,rucksack,1000,0.00,0.00,Trung bình
Nhật Bản,JP,thời trang,adidas yeezy,1000,0.30,0.05,Cao
Nhật Bản,JP,điện tử,アマ ズ フィット,14800,0.19,0.04,Cao
Nhật Bản,JP,điện tử,earpods,14800,0.47,0.07,Trung bình
Nhật Bản,JP,điện tử,garmin vivoactive 5,6600,0.34,0.04,Cao
Nhật Bản,JP,điện tử,bose quietcomfort earbuds,6600,0.27,0.04,Cao
Nhật Bản,JP,điện tử,beats studio buds,5400,0.25,0.04,Cao
Nhật Bản,JP,điện tử,beats fit pro,4400,0.32,0.06,Cao
Nhật Bản,JP,điện tử,sony linkbuds s,2900,0.36,0.05,Cao
Nhật Bản,JP,điện tử,earbuds,2900,0.57,0.09,Trung bình
Nhật Bản,JP,điện tử,sony linkbuds,2900,0.36,0.05,Cao
Nhật Bản,JP,điện tử,smart watch,1900,0.38,0.03,Cao
Nhật Bản,JP,điện tử,ticwatch,1900,0.23,0.09,Trung bình
Nhật Bản,JP,điện tử,momentum true wireless 3,1900,0.36,0.07,Cao
Nhật Bản,JP,điện tử,wena3,1900,1.39,0.37,Thấp
Nhật Bản,JP,điện tử,ticwatch pro 5,1600,0.13,0.08,Trung bình
Nhật Bản,JP,điện tử,bose quietcomfort earbuds 2,1600,0.32,0.06,Cao
Nhật Bản,JP,điện tử,bose qc earbuds 2,1600,0.32,0.06,Cao
Nhật Bản,JP,điện tử,smartwatch,1300,0.38,0.04,Cao
Nhật Bản,JP,điện tử,jbl tune flex,1300,0.25,0.05,Trung bình
Nhật Bản,JP,điện tử,apple head phones,1300,0.57,0.20,Cao
Nhật Bản,JP,điện tử,jabra elite,1000,0.24,0.04,Trung bình
Nhật Bản,JP,điện tử,anker liberty 4,1000,0.21,0.04,Cao
Nhật Bản,JP,điện tử,powerbeats pro,1000,0.39,0.08,Cao
Nhật Bản,JP,điện tử,samsung watches,1000,3.05,0.09,Cao
Nhật Bản,JP,điện tử,bose ear buds,1000,0.46,0.06,Cao
Philippines,PH,gia dụng,air fryer,22200,0.33,0.01,Cao
Philippines,PH,gia dụng,airfryer,5400,0.31,0.01,Cao
Philippines,PH,gia dụng,air fryer price,3600,0.06,0.01,Cao
Philippines,PH,gia dụng,robot vacuum,2900,0.41,0.03,Cao
Philippines,PH,gia dụng,roomba,2900,0.42,0.03,Trung bình
Philippines,PH,gia dụng,robot vacuum cleaner,2900,0.41,0.03,Cao
Philippines,PH,gia dụng,automatic vacuum cleaner,2900,0.41,0.03,Cao
Philippines,PH,gia dụng,fryer,1900,0.11,0.02,Trung bình
Philippines,PH,gia dụng,philips air fryer,1300,0.16,0.01,Cao
Philippines,PH,gia dụng,xiaomi robot vacuum,1300,0.18,0.01,Cao
Philippines,PH,làm đẹp,cetaphil gentle skin cleanser,33100,0.27,0.03,Cao
Philippines,PH,làm đẹp,moisturizer,22200,0.41,0.03,Cao
Philippines,PH,làm đẹp,cerave moisturizing cream,12100,0.14,0.02,Cao
Philippines,PH,làm đẹp,cetaphil moisturizer,12100,0.25,0.02,Cao
Philippines,PH,làm đẹp,garnier vitamin c serum,12100,0.38,0.03,Cao
Philippines,PH,làm đẹp,skin care,9900,0.57,0.23,Trung bình
Philippines,PH,làm đẹp,niacinamide serum,9900,0.38,0.06,Cao
Philippines,PH,làm đẹp,moisturizer for dry skin,9900,0.28,0.03,Thấp
Philippines,PH,làm đẹp,nivea creme,8100,0.55,0.14,Cao
Philippines,PH,làm đẹp,cetaphil cleanser,8100,0.26,0.03,Cao
Philippines,PH,làm đẹp,face wash,8100,0.61,0.07,Cao
Philippines,PH,làm đẹp,cleanser,6600,0.59,0.19,Cao
Philippines,PH,làm đẹp,cetaphil lotion,6600,0.25,0.03,Cao
Philippines,PH,làm đẹp,nivea lotion,6600,0.67,0.17,Cao
Philippines,PH,làm đẹp,skin care products,5400,0.49,0.23,Cao
Philippines,PH,làm đẹp,hair dryer,4400,0.39,0.02,Cao
Philippines,PH,làm đẹp,cetaphil moisturizing cream,4400,0.22,0.03,Cao
Philippines,PH,làm đẹp,salicylic acid cleanser,4400,0.40,0.06,Cao
Philippines,PH,làm đẹp,moisturizer for oily skin,4400,0.35,0.06,Cao
Philippines,PH,làm đẹp,wrinkle cream,4400,0.90,0.04,Thấp
Philippines,PH,làm đẹp,cerave foaming facial cleanser,4400,0.27,0.03,Cao
Philippines,PH,làm đẹp,retinil serum,3600,0.41,0.03,Cao
Philippines,PH,làm đẹp,dyson hair dryer,3600,1.00,0.06,Cao
Philippines,PH,làm đẹp,retinol cream,3600,0.35,0.03,Cao
Philippines,PH,làm đẹp,cerave cleanser,3600,0.19,0.02,Cao
Philippines,PH,làm đẹp,eye cream for dark circles,3600,0.38,0.02,Thấp
Philippines,PH,làm đẹp,face cleanser,3600,0.59,0.16,Cao
Philippines,PH,làm đẹp,cetaphil moisturizing lotion,3600,0.28,0.03,Cao
Philippines,PH,làm đẹp,sunscreen for face,2900,0.38,0.03,Cao
Philippines,PH,làm đẹp,face moisturizer,2900,0.38,0.04,Cao
Philippines,PH,làm đẹp,nivea cream,2900,0.59,0.17,Cao
Philippines,PH,làm đẹp,cerave moisturizer,2400,0.12,0.02,Cao
Philippines,PH,làm đẹp,eye cream for bags,2400,0.25,0.02,Cao
Philippines,PH,làm đẹp,cetaphil daily facial cleanser,2400,0.26,0.04,Cao
Philippines,PH,làm đẹp,korean skincare,1900,0.50,0.06,Cao
Philippines,PH,làm đẹp,eye cream,1900,0.39,0.02,Cao
Philippines,PH,làm đẹp,olay regenerist,1900,0.25,0.02,Cao
Philippines,PH,làm đẹp,korean skin care,1900,0.50,0.06,Cao
Philippines,PH,làm đẹp,blow dryer,1900,0.26,0.02,Trung bình
Philippines,PH,làm đẹp,cerave hydrating cleanser,1900,0.19,0.03,Cao
Philippines,PH,làm đẹp,cerave facial moisturizing lotion,1900,0.21,0.04,Cao
Philippines,PH,làm đẹp,olay regenerist micro sculpting cream,1900,0.29,0.03,Trung bình
Philippines,PH,làm đẹp,cerave moisturizing lotion,1600,0.17,0.02,Cao
Philippines,PH,làm đẹp,moisturizer with spf,1600,0.46,0.03,Trung bình
Philippines,PH,làm đẹp,the ordinary glycolic acid 7 toning solution,1600,0.39,0.05,Thấp
Philippines,PH,làm đẹp,best skin care products,1300,0.44,0.20,Cao
Philippines,PH,làm đẹp,hair diffuser,1300,0.25,0.02,Cao
Philippines,PH,làm đẹp,skin care for men,1300,0.41,0.19,Cao
Philippines,PH,làm đẹp,best moisturizer for oily skin,1300,0.36,0.08,Cao
Philippines,PH,làm đẹp,aveeno eczema therapy,1300,0.22,0.04,Cao
Philippines,PH,làm đẹp,olay moisturizer,1300,0.27,0.02,Cao
Philippines,PH,làm đẹp,toner for face,1300,0.34,0.05,Cao
Philippines,PH,làm đẹp,dyson supersonic hair dryer,1000,1.00,0.08,Trung bình
Philippines,PH,làm đẹp,body lotion,1000,0.34,0.03,Cao
Philippines,PH,làm đẹp,oil cleanser,1000,0.43,0.03,Cao
Philippines,PH,làm đẹp,cerave foaming cleanser,1000,0.24,0.03,Cao
Philippines,PH,làm đẹp,best face wash for men,1000,0.41,0.22,Cao
Philippines,PH,làm đẹp,neutrogena moisturizer,1000,0.21,0.03,Cao
Philippines,PH,làm đẹp,nivea body lotion,1000,0.67,0.21,Cao
Philippines,PH,làm đẹp,cetaphil cream,1000,0.23,0.03,Cao
Philippines,PH,mẹ và bé,strollers,8100,0.18,0.03,Cao
Philippines,PH,mẹ và bé,baby stroller,5400,0.20,0.03,Cao
Philippines,PH,mẹ và bé,infant stroller,5400,0.20,0.03,Cao
Philippines,PH,mẹ và bé,newborn stroller,5400,0.20,0.03,Cao
Philippines,PH,mẹ và bé,joie stroller,1600,0.14,0.03,Cao
Philippines,PH,mẹ và bé,joie pushchair,1600,0.14,0.03,Cao
Philippines,PH,mẹ và bé,baby monitor,1000,0.17,0.02,Cao
Philippines,PH,mẹ và bé,nuna stroller,1000,0.14,0.02,Cao
Philippines,PH,mẹ và bé,toddler stroller,1000,0.21,0.02,Cao
Philippines,PH,mẹ và bé,nuna pram,1000,0.14,0.02,Cao
Philippines,PH,nhà cửa,office chair,14800,0.81,0.15,Cao
Philippines,PH,nhà cửa,ergonomic chair,14800,0.74,0.11,Cao
Philippines,PH,nhà cửa,coffee makers,14800,0.41,0.02,Cao
Philippines,PH,nhà cửa,espresso machine,9900,0.41,0.03,Cao
Philippines,PH,nhà cửa,percolator,9900,0.29,0.02,Cao
Philippines,PH,nhà cửa,coffee machine,8100,0.41,0.03,Cao
Philippines,PH,nhà cửa,nespresso machine,6600,0.16,0.03,Cao
Philippines,PH,nhà cửa,coffee grinder,4400,0.37,0.03,Cao
Philippines,PH,nhà cửa,ergonomic office chair,3600,0.81,0.14,Cao
Philippines,PH,nhà cửa,herman miller chair,2900,0.81,0.09,Cao
Philippines,PH,nhà cửa,coffee pots,2900,0.40,0.02,Cao
Philippines,PH,nhà cửa,drip coffee maker,2900,0.41,0.03,Cao
Philippines,PH,nhà cửa,breville espresso machine,2400,0.37,0.03,Cao
Philippines,PH,nhà cửa,delonghi espresso machine,1900,0.36,0.03,Cao
Philippines,PH,nhà cửa,computer chair,1900,0.81,0.06,Cao
Philippines,PH,nhà cửa,delonghi coffee machine,1600,0.38,0.03,Cao
Philippines,PH,nhà cửa,executive chair,1600,0.81,0.15,Cao
Philippines,PH,nhà cửa,breville barista express,1300,0.33,0.03,Cao
Philippines,PH,nhà cửa,keurig coffee machine,1300,0.37,0.03,Cao
Philippines,PH,nhà cửa,coffee machine with grinder,1300,0.62,0.03,Cao
Philippines,PH,nhà cửa,ikea office chair,1300,0.26,0.05,Cao
Philippines,PH,nhà cửa,keurig coffee maker,1000,0.36,0.02,Cao
Philippines,PH,nhà cửa,herman miller aeron,1000,0.81,0.15,Cao
Philippines,PH,nhà cửa,breville coffee machine,1000,0.36,0.02,Cao
Philippines,PH,nhà cửa,smeg coffee machine,1000,0.17,0.02,Cao
Philippines,PH,nhà cửa,pour over coffee maker,1000,0.40,0.02,Cao
Philippines,PH,thú cưng,dog food,9900,1.40,0.15,Cao
Philippines,PH,thú cưng,dog food brands,3600,0.69,0.05,Cao
Philippines,PH,thú cưng,puppy food,3600,0.63,0.07,Trung bình
Philippines,PH,thú cưng,dog treats,2900,0.77,0.11,Cao
Philippines,PH,thú cưng,dog food near me,2900,0.74,0.32,Thấp
Philippines,PH,thú cưng,royal canin dog food,2400,0.45,0.04,Cao
Philippines,PH,thú cưng,hypoallergenic dog food,1900,0.63,0.07,Cao
Philippines,PH,thú cưng,pedigree dog food,1600,0.37,0.03,Cao
Philippines,PH,thú cưng,royal canin urinary so,1600,0.26,0.06,Cao
Philippines,PH,thú cưng,royal canin gastro intestinal,1300,0.60,0.06,Cao
Philippines,PH,thú cưng,royal canin gastrointestinal,1300,0.60,0.06,Cao
Philippines,PH,thú cưng,flea treatment for dogs,1300,0.14,0.03,Cao
Philippines,PH,thú cưng,wet dog food,1300,0.71,0.09,Cao
Philippines,PH,thú cưng,pedigree puppy food,1300,0.61,0.05,Cao
Philippines,PH,thú cưng,kibble dog food,1300,0.62,0.04,Cao
Philippines,PH,thú cưng,royal canin urinary,1000,0.25,0.05,Cao
Philippines,PH,thú cưng,high quality dog food,1000,0.70,0.08,Thấp
Philippines,PH,thể thao,on cloud shoes,74000,0.17,0.02,Cao
Philippines,PH,thể thao,hoka shoes,22200,0.10,0.01,Cao
Philippines,PH,thể thao,running shoes,18100,0.20,0.02,Cao
Philippines,PH,thể thao,asics gel kayano 14,18100,0.09,0.02,Cao
Philippines,PH,thể thao,nike running shoes,12100,0.14,0.02,Cao
Philippines,PH,thể thao,adidas running shoes,12100,0.12,0.02,Cao
Philippines,PH,thể thao,yoga mat,9900,0.82,0.02,Cao
Philippines,PH,thể thao,asics gel kayano,9900,0.11,0.02,Cao
Philippines,PH,thể thao,on running shoes,8100,0.19,0.02,Cao
Philippines,PH,thể thao,new balance running shoes,8100,0.11,0.01,Cao
Philippines,PH,thể thao,nike pegasus,6600,0.17,0.03,Cao
Philippines,PH,thể thao,asics running shoes,5400,0.07,0.01,Cao
Philippines,PH,thể thao,trail running shoes,5400,0.20,0.03,Cao
Philippines,PH,thể thao,running shoes for women,5400,0.19,0.02,Cao
Philippines,PH,thể thao,nike running shoes women,5400,0.20,0.02,Cao
Philippines,PH,thể thao,asics gel 1130,4400,0.10,0.02,Cao
Philippines,PH,thể thao,nb 1080,4400,0.19,0.03,Cao
Philippines,PH,thể thao,on cloudmonster,4400,0.19,0.03,Cao
Philippines,PH,thể thao,new balance 1080,4400,0.19,0.03,Cao
Philippines,PH,thể thao,nike running shoes for men,4400,0.26,0.02,Cao
Philippines,PH,thể thao,adidas ultra boost,3600,0.23,0.05,Cao
Philippines,PH,thể thao,oc shoes,3600,0.16,0.02,Cao
Philippines,PH,thể thao,cloudmonster,3600,0.18,0.03,Cao
Philippines,PH,thể thao,asics novablast,2900,0.12,0.02,Cao
Philippines,PH,thể thao,brooks shoes,2900,0.13,0.02,Cao
Philippines,PH,thể thao,hoka clifton 9,2900,0.11,0.02,Cao
Philippines,PH,thể thao,hoka running shoes,2900,0.09,0.01,Cao
Philippines,PH,thể thao,best running shoes,2900,0.29,0.04,Cao
Philippines,PH,thể thao,asics kayano,2900,0.12,0.02,Cao
Philippines,PH,thể thao,saucony shoes,2900,0.13,0.02,Cao
Philippines,PH,thể thao,nike air zoom,2400,0.14,0.02,Cao
Philippines,PH,thể thao,adizero sl,2400,0.21,0.04,Cao
Philippines,PH,thể thao,on cloud running shoes,2400,0.13,0.01,Cao
Philippines,PH,thể thao,best running shoes for women,2400,0.28,0.03,Cao
Philippines,PH,thể thao,best running shoes for men,2400,0.37,0.05,Cao
Philippines,PH,thể thao,on cloud 5,2400,0.23,0.03,Cao
Philippines,PH,thể thao,asics gel nimbus,2400,0.12,0.02,Cao
Philippines,PH,thể thao,ultraboost,1900,0.33,0.06,Cao
Philippines,PH,thể thao,nike vaporfly,1900,0.23,0.04,Cao
Philippines,PH,thể thao,adidas supernova,1600,0.24,0.05,Cao
Philippines,PH,thể thao,brooks running shoes,1600,0.18,0.02,Cao
Philippines,PH,thể thao,altra shoes,1600,0.15,0.02,Cao
Philippines,PH,thể thao,sports shoes,1600,0.23,0.01,Cao
Philippines,PH,thể thao,nike downshifter 12,1600,0.26,0.03,Cao
Philippines,PH,thể thao,cloud shoes for women,1600,0.12,0.02,Cao
Philippines,PH,thể thao,nike reacts,1600,0.26,0.04,Cao
Philippines,PH,thể thao,nike running,1300,0.58,0.04,Cao
Philippines,PH,thể thao,vaporfly,1300,0.27,0.06,Cao
Philippines,PH,thể thao,alphafly,1300,0.36,0.06,Cao
Philippines,PH,thể thao,asics metaspeed,1300,0.10,0.02,Cao
Philippines,PH,thể thao,novablast,1300,0.19,0.04,Cao
Philippines,PH,thể thao,hoka bondi 8,1300,0.11,0.02,Cao
Philippines,PH,thể thao,new balance 860,1300,0.18,0.03,Cao
Philippines,PH,thể thao,hoka bondi,1000,0.10,0.02,Cao
Philippines,PH,thể thao,saucony running shoes,1000,0.13,0.02,Cao
Philippines,PH,thể thao,hoka clifton,1000,0.12,0.02,Cao
Philippines,PH,thể thao,new balance 530 womens,1000,0.15,0.02,Cao
Philippines,PH,thể thao,men's on cloud shoes,1000,0.12,0.02,Cao
Philippines,PH,thể thao,new balance 880,1000,0.20,0.03,Cao
Philippines,PH,thời trang,newbalance 530,49500,0.11,0.01,Cao
Philippines,PH,thời trang,puma speedcat,49500,0.16,0.02,Cao
Philippines,PH,thời trang,new balance 530,49500,0.11,0.01,Cao
Philippines,PH,thời trang,nike shoes,49500,0.18,0.02,Cao
Philippines,PH,thời trang,adidas shoes,27100,0.13,0.03,Cao
Philippines,PH,thời trang,sneakers,22200,0.30,0.03,Cao
Philippines,PH,thời trang,puma shoes,22200,0.28,0.03,Cao
Philippines,PH,thời trang,adidas sambas,22200,0.15,0.03,Cao
Philippines,PH,thời trang,backpack,18100,0.42,0.03,Cao
Philippines,PH,thời trang,golden goose sneakers,18100,0.15,0.01,Cao
Philippines,PH,thời trang,jordan shoes,18100,0.18,0.02,Cao
Philippines,PH,thời trang,air force 1,14800,0.24,0.02,Cao
Philippines,PH,thời trang,basketball shoes,14800,0.29,0.01,Cao
Philippines,PH,thời trang,newbalance 550,12100,0.16,0.02,Cao
Philippines,PH,thời trang,new balance 550,12100,0.16,0.02,Cao
Philippines,PH,thời trang,new balance 327,12100,0.18,0.03,Cao
Philippines,PH,thời trang,nike basketball shoes,12100,0.15,0.02,Cao
Philippines,PH,thời trang,airjordan,9900,0.24,0.03,Cao
Philippines,PH,thời trang,nike air force1,9900,0.21,0.03,Cao
Philippines,PH,thời trang,nike air force 1,9900,0.21,0.03,Cao
Philippines,PH,thời trang,new balance 574,9900,0.17,0.03,Cao
Philippines,PH,thời trang,on shoes,9900,0.46,0.03,Cao
Philippines,PH,thời trang,adidas gazelle,9900,0.15,0.03,Cao
Philippines,PH,thời trang,adidas superstar,9900,0.17,0.02,Cao
Philippines,PH,thời trang,snkrs,9900,0.61,0.13,Trung bình
Philippines,PH,thời trang,shoe stores near me,9900,1.05,0.07,Thấp
Philippines,PH,thời trang,air jordans,9900,0.24,0.03,Cao
Philippines,PH,thời trang,adidas campus,8100,0.18,0.03,Cao
Philippines,PH,thời trang,puma suede,8100,0.27,0.04,Cao
Philippines,PH,thời trang,skechers shoes,8100,0.14,0.02,Cao
Philippines,PH,thời trang,hiking shoes,8100,0.23,0.05,Cao
Philippines,PH,thời trang,converse chuck taylor,8100,0.14,0.02,Cao
Philippines,PH,thời trang,nike shoes for men,8100,0.34,0.02,Cao
Philippines,PH,thời trang,golden goose shoes,8100,0.17,0.01,Cao
Philippines,PH,thời trang,yeezys,6600,0.84,0.05,Cao
Philippines,PH,thời trang,newbalance 2002r,5400,0.16,0.03,Cao
Philippines,PH,thời trang,new balance 2002r,5400,0.16,0.03,Cao
Philippines,PH,thời trang,jansport backpack,5400,0.35,0.03,Cao
Philippines,PH,thời trang,cole haan shoes,5400,0.21,0.03,Cao
Philippines,PH,thời trang,air force 1 white,5400,0.20,0.02,Cao
Philippines,PH,thời trang,nike backpack,5400,0.27,0.02,Cao
Philippines,PH,thời trang,shoes for women,5400,0.50,0.02,Cao
Philippines,PH,thời trang,reebok shoes,5400,0.12,0.01,Cao
Philippines,PH,thời trang,under armour shoes,5400,0.15,0.02,Cao
Philippines,PH,thời trang,fila shoes,5400,0.09,0.02,Cao
Philippines,PH,thời trang,back pack,5400,0.34,0.03,Cao
Philippines,PH,thời trang,gel 1130 asics,4400,0.10,0.02,Cao
Philippines,PH,thời trang,nike blazers,4400,0.20,0.03,Cao
Philippines,PH,thời trang,white shoes,4400,0.41,0.02,Cao
Philippines,PH,thời trang,nike sb dunk low,3600,0.28,0.05,Cao
Philippines,PH,thời trang,nb530,3600,0.21,0.02,Cao
Philippines,PH,thời trang,nike dunks,3600,0.24,0.04,Cao
Philippines,PH,thời trang,air jordan 1,3600,0.30,0.04,Cao
Philippines,PH,thời trang,nike jordan,3600,0.23,0.03,Cao
Philippines,PH,thời trang,nike metcon,3600,0.26,0.05,Cao
Philippines,PH,thời trang,adidas stan smith,3600,0.20,0.02,Cao
Philippines,PH,thời trang,slip on shoes,3600,0.55,0.03,Cao
Philippines,PH,thời trang,alexander mcqueen shoes,3600,0.15,0.02,Cao
Philippines,PH,thời trang,adidas shoes for men,3600,0.10,0.01,Cao
Philippines,PH,thời trang,adidas samba og,2900,0.22,0.05,Cao
Philippines,PH,thời trang,skechers slip ons,2900,0.16,0.03,Cao
Philippines,PH,thời trang,rucksack,2900,0.46,0.03,Trung bình
Philippines,PH,thời trang,new balance sneakers,2900,0.12,0.01,Thấp
Philippines,PH,thời trang,nike sneakers,2900,0.16,0.03,Cao
Philippines,PH,thời trang,lamelo ball shoes,2900,0.25,0.03,Cao
Philippines,PH,thời trang,north face backpack,2400,0.15,0.01,Cao
Philippines,PH,thời trang,adidas sneakers,2400,0.11,0.03,Trung bình
Philippines,PH,thời trang,sneakers for women,2400,0.28,0.02,Cao
Philippines,PH,thời trang,coach backpack,2400,0.23,0.02,Cao
Philippines,PH,thời trang,nike blazer low,2400,0.21,0.03,Cao
Philippines,PH,thời trang,fjällräven kånken,1900,0.15,0.02,Cao
Philippines,PH,thời trang,nike air jordan,1900,0.24,0.02,Cao
Philippines,PH,thời trang,puma sneakers,1900,0.25,0.03,Cao
Philippines,PH,thời trang,steel toe shoes,1900,0.31,0.02,Cao
Philippines,PH,thời trang,tumi backpack,1900,0.23,0.03,Cao
Philippines,PH,thời trang,yeezy shoes,1900,0.46,0.03,Cao
Philippines,PH,thời trang,adidas ultraboost,1900,0.23,0.04,Cao
Philippines,PH,thời trang,adidas backpack,1900,0.13,0.02,Cao
Philippines,PH,thời trang,fjallraven kanken,1900,0.15,0.02,Cao
Philippines,PH,thời trang,nike womens shoes,1900,0.14,0.02,Cao
Philippines,PH,thời trang,nike air force 1 07,1600,0.26,0.05,Trung bình
Philippines,PH,thời trang,nike air max plus,1600,0.24,0.04,Cao
Philippines,PH,thời trang,air max 1,1600,0.19,0.04,Cao
Philippines,PH,thời trang,travel backpack,1600,0.27,0.02,Cao
Philippines,PH,thời trang,white sneakers,1600,0.23,0.02,Cao
Philippines,PH,thời trang,adidas nmd,1600,0.33,0.06,Cao
Philippines,PH,thời trang,nursing shoes,1600,1.07,0.06,Cao
Philippines,PH,thời trang,adidas yeezy,1600,0.27,0.03,Cao
Philippines,PH,thời trang,new balance womens shoes,1600,0.07,0.01,Cao
Philippines,PH,thời trang,gym shoes,1600,0.27,0.03,Cao
Philippines,PH,thời trang,backpack for women,1600,0.33,0.02,Cao
Philippines,PH,thời trang,asics 1130,1300,0.13,0.02,Cao
Philippines,PH,thời trang,barefoot shoes,1300,0.60,0.02,Cao
Philippines,PH,thời trang,reebok club c 85,1300,0.17,0.02,Cao
Philippines,PH,thời trang,nike ebernon low,1000,0.36,0.06,Cao
Philippines,PH,thời trang,nike blazer mid 77,1000,0.32,0.06,Cao
Philippines,PH,thời trang,waterproof shoes,1000,0.23,0.04,Cao
Philippines,PH,thời trang,yeezy foam runner,1000,0.27,0.07,Cao
Philippines,PH,thời trang,plantar fasciitis shoes,1000,0.21,0.03,Cao
Philippines,PH,thời trang,new balance 237,1000,0.31,0.05,Cao
Philippines,PH,thời trang,boys school shoes,1000,0.27,0.05,Cao
Philippines,PH,thời trang,stan smith shoes,1000,0.25,0.05,Cao
Philippines,PH,điện tử,earbuds,18100,1.17,0.03,Trung bình
Philippines,PH,điện tử,earpods,18100,0.42,0.01,Trung bình
Philippines,PH,điện tử,smart watch,14800,0.30,0.02,Cao
Philippines,PH,điện tử,samsung watches,6600,0.36,0.04,Cao
Philippines,PH,điện tử,jbl earbuds,5400,0.12,0.02,Cao
Philippines,PH,điện tử,huawei smart watch,5400,0.45,0.22,Cao
Philippines,PH,điện tử,wireless earbuds,4400,0.42,0.02,Trung bình
Philippines,PH,điện tử,smartwatch,3600,0.34,0.02,Cao
Philippines,PH,điện tử,samsung earbuds,3600,0.86,0.12,Cao
Philippines,PH,điện tử,samsung smart watch,3600,0.33,0.03,Cao
Philippines,PH,điện tử,smart watch price,3600,0.24,0.01,Cao
Philippines,PH,điện tử,garmin vivoactive 5,2400,0.16,0.03,Cao
Philippines,PH,điện tử,wireless earphones,2400,0.38,0.02,Cao
Philippines,PH,điện tử,bose ear buds,2400,0.18,0.03,Cao
Philippines,PH,điện tử,true wireless earbuds,2400,0.12,0.02,Thấp
Philippines,PH,điện tử,sony earbuds,1900,0.23,0.03,Cao
Philippines,PH,điện tử,bluetooth earphones,1900,0.39,0.02,Cao
Philippines,PH,điện tử,tws earbuds,1900,0.22,0.02,Cao
Philippines,PH,điện tử,xiaomi smartwatch,1600,0.13,0.01,Cao
Philippines,PH,điện tử,noise cancelling earbuds,1600,0.33,0.02,Cao
Philippines,PH,điện tử,soundcore earbuds,1600,0.09,0.02,Cao
Philippines,PH,điện tử,huawei earbuds,1600,0.27,0.04,Cao
Philippines,PH,điện tử,beats earbuds,1300,0.15,0.01,Cao
Philippines,PH,điện tử,apple smart watch,1300,0.14,0.01,Cao
Philippines,PH,điện tử,air buds,1300,0.00,0.00,Thấp
Philippines,PH,điện tử,marshall earbuds,1300,0.09,0.02,Cao
Philippines,PH,điện tử,best wireless earbuds,1000,0.45,0.03,Trung bình
Philippines,PH,điện tử,best earbuds,1000,0.85,0.02,Cao
Philippines,PH,điện tử,sleep earbuds,1000,0.12,0.03,Cao
Philippines,PH,điện tử,jbl airpods,1000,0.10,0.01,Cao
Philippines,PH,điện tử,lenovo earbuds,1000,1.03,0.05,Cao
Philippines,PH,điện tử,rugged smartwatch,1000,0.10,0.02,Thấp
Thái Lan,TH,gia dụng,air fryer,3600,0.47,0.03,Cao
Thái Lan,TH,gia dụng,airfryer,1300,0.51,0.03,Cao
Thái Lan,TH,làm đẹp,cerave moisturizing cream,12100,0.23,0.03,Cao
Thái Lan,TH,làm đẹp,moisturizer,12100,1.62,0.35,Cao
Thái Lan,TH,làm đẹp,skin care,4400,1.47,0.45,Trung bình
Thái Lan,TH,làm đẹp,cetaphil gentle skin cleanser,4400,0.42,0.05,Cao
Thái Lan,TH,làm đẹp,cerave moisturizing lotion,4400,0.30,0.04,Cao
Thái Lan,TH,làm đẹp,cerave foaming cleanser,4400,0.33,0.05,Cao
Thái Lan,TH,làm đẹp,cerave hydrating cleanser,2900,0.44,0.05,Cao
Thái Lan,TH,làm đẹp,cerave facial moisturizing lotion,2900,0.31,0.04,Cao
Thái Lan,TH,làm đẹp,cerave cleanser,2400,0.39,0.11,Cao
Thái Lan,TH,làm đẹp,cetaphil moisturizing cream,1900,0.34,0.04,Cao
Thái Lan,TH,làm đẹp,hair dryer,1600,0.45,0.03,Cao
Thái Lan,TH,làm đẹp,eye cream,1600,0.98,0.25,Cao
Thái Lan,TH,làm đẹp,cleanser,1600,0.84,0.27,Cao
Thái Lan,TH,làm đẹp,dyson hair dryer,1300,0.48,0.19,Cao
Thái Lan,TH,làm đẹp,body lotion,1300,0.60,0.16,Cao
Thái Lan,TH,làm đẹp,cerave foaming facial cleanser,1300,0.38,0.05,Cao
Thái Lan,TH,làm đẹp,dyson sonic,1000,0.48,0.21,Cao
Thái Lan,TH,làm đẹp,dyson supersonic,1000,0.48,0.21,Cao
Thái Lan,TH,làm đẹp,dyson hairdryer,1000,0.48,0.21,Cao
Thái Lan,TH,làm đẹp,nivea cream,1000,0.42,0.07,Cao
Thái Lan,TH,mẹ và bé,baby camera,1300,0.36,0.03,Thấp
Thái Lan,TH,nhà cửa,coffee machine,1900,1.12,0.14,Cao
Thái Lan,TH,nhà cửa,ergonomic chair,1900,0.84,0.23,Cao
Thái Lan,TH,nhà cửa,coffee grinder,1300,0.36,0.02,Cao
Thái Lan,TH,nhà cửa,office chair,1000,1.09,0.22,Cao
Thái Lan,TH,nhà cửa,espresso machine,1000,1.37,0.16,Cao
Thái Lan,TH,thú cưng,royal canin gastro intestinal,1600,0.22,0.08,Cao
Thái Lan,TH,thú cưng,royal canin gastrointestinal,1600,0.22,0.08,Cao
Thái Lan,TH,thể thao,asics gel kayano 14,6600,0.17,0.04,Cao
Thái Lan,TH,thể thao,asics gel 1130,3600,0.26,0.04,Cao
Thái Lan,TH,thể thao,hoka clifton 9,3600,0.17,0.02,Cao
Thái Lan,TH,thể thao,asics gel kayano,3600,0.17,0.03,Cao
Thái Lan,TH,thể thao,asics novablast,2900,0.18,0.02,Cao
Thái Lan,TH,thể thao,on cloud shoes,2900,0.23,0.03,Cao
Thái Lan,TH,thể thao,adidas ultra boost,2900,0.20,0.04,Cao
Thái Lan,TH,thể thao,on cloudmonster,2900,0.17,0.02,Cao
Thái Lan,TH,thể thao,nike air zoom,2400,0.09,0.01,Cao
Thái Lan,TH,thể thao,nb 1080,2400,0.14,0.01,Cao
Thái Lan,TH,thể thao,nike pegasus,2400,0.10,0.02,Cao
Thái Lan,TH,thể thao,on cloud 5,2400,0.18,0.03,Cao
Thái Lan,TH,thể thao,asics kayano,2400,0.16,0.02,Cao
Thái Lan,TH,thể thao,new balance 1080,2400,0.14,0.01,Cao
Thái Lan,TH,thể thao,running shoes,1900,0.23,0.02,Cao
Thái Lan,TH,thể thao,nike running,1900,0.76,0.02,Cao
Thái Lan,TH,thể thao,adidas supernova,1900,0.22,0.03,Cao
Thái Lan,TH,thể thao,hoka shoes,1900,0.20,0.02,Cao
Thái Lan,TH,thể thao,hoka bondi 8,1900,0.16,0.02,Cao
Thái Lan,TH,thể thao,ultraboost,1900,0.30,0.05,Cao
Thái Lan,TH,thể thao,asics gel nimbus,1900,0.17,0.02,Cao
Thái Lan,TH,thể thao,asics metaspeed,1600,0.21,0.02,Cao
Thái Lan,TH,thể thao,nike vaporfly 4,1600,0.11,0.01,Cao
Thái Lan,TH,thể thao,nike running shoes,1300,0.12,0.01,Cao
Thái Lan,TH,thể thao,hoka clifton,1300,0.18,0.02,Cao
Thái Lan,TH,thể thao,adidas running shoes,1300,0.15,0.05,Cao
Thái Lan,TH,thể thao,hoka mafate speed 4,1300,0.21,0.05,Cao
Thái Lan,TH,thể thao,yoga mat,1000,1.01,0.07,Cao
Thái Lan,TH,thể thao,novablast,1000,0.18,0.02,Cao
Thái Lan,TH,thể thao,adidas adizero sl,1000,0.29,0.04,Cao
Thái Lan,TH,thể thao,hoka bondi,1000,0.19,0.02,Cao
Thái Lan,TH,thể thao,asics gt 2000,1000,0.13,0.02,Cao
Thái Lan,TH,thể thao,cloudmonster,1000,0.18,0.02,Cao
Thái Lan,TH,thời trang,newbalance 530,27100,0.15,0.02,Cao
Thái Lan,TH,thời trang,new balance 530,27100,0.15,0.02,Cao
Thái Lan,TH,thời trang,adidas sambas,27100,0.13,0.03,Cao
Thái Lan,TH,thời trang,puma speedcat,14800,0.16,0.03,Cao
Thái Lan,TH,thời trang,nike air force1,14800,0.13,0.02,Cao
Thái Lan,TH,thời trang,nike air force 1,14800,0.13,0.02,Cao
Thái Lan,TH,thời trang,sneakers,9900,0.22,0.02,Cao
Thái Lan,TH,thời trang,air force 1,8100,0.16,0.03,Cao
Thái Lan,TH,thời trang,backpack,6600,1.00,0.12,Cao
Thái Lan,TH,thời trang,adidas superstar,5400,0.15,0.05,Cao
Thái Lan,TH,thời trang,nike air jordan,5400,0.13,0.02,Cao
Thái Lan,TH,thời trang,new balance 574,4400,0.11,0.01,Cao
Thái Lan,TH,thời trang,adidas gazelle,4400,0.22,0.06,Cao
Thái Lan,TH,thời trang,nike jordan,4400,0.14,0.02,Cao
Thái Lan,TH,thời trang,gel 1130 asics,3600,0.26,0.04,Cao
Thái Lan,TH,thời trang,newbalance 2002r,3600,0.16,0.03,Cao
Thái Lan,TH,thời trang,new balance 2002r,3600,0.16,0.03,Cao
Thái Lan,TH,thời trang,snkrs,3600,0.29,0.03,Cao
Thái Lan,TH,thời trang,yeezys,3600,0.72,0.10,Cao
Thái Lan,TH,thời trang,adidas campus,2900,0.18,0.03,Cao
Thái Lan,TH,thời trang,airjordan,2900,0.18,0.02,Cao
Thái Lan,TH,thời trang,on shoes,2900,0.41,0.04,Cao
Thái Lan,TH,thời trang,air jordans,2900,0.18,0.02,Cao
Thái Lan,TH,thời trang,adidas samba og,2400,0.16,0.03,Cao
Thái Lan,TH,thời trang,adidas stan smith,2400,0.60,0.07,Cao
Thái Lan,TH,thời trang,shoe stores near me,2400,1.17,0.22,Thấp
Thái Lan,TH,thời trang,salomon xt 6 gore tex,1900,0.27,0.05,Cao
Thái Lan,TH,thời trang,newbalance 550,1900,0.18,0.04,Cao
Thái Lan,TH,thời trang,new balance 550,1900,0.18,0.04,Cao
Thái Lan,TH,thời trang,nike shoes,1900,0.15,0.01,Cao
Thái Lan,TH,thời trang,adidas shoes,1900,0.43,0.04,Cao
Thái Lan,TH,thời trang,new balance 327,1600,0.16,0.02,Cao
Thái Lan,TH,thời trang,skechers slip ins,1600,0.12,0.02,Cao
Thái Lan,TH,thời trang,nike metcon,1600,0.16,0.02,Cao
Thái Lan,TH,thời trang,adidas yeezy,1600,0.21,0.05,Cao
Thái Lan,TH,thời trang,nb530,1000,0.15,0.02,Cao
Thái Lan,TH,thời trang,air jordan 1,1000,0.15,0.02,Cao
Thái Lan,TH,thời trang,basketball shoes,1000,0.17,0.02,Cao
Thái Lan,TH,thời trang,puma shoes,1000,0.14,0.02,Cao
Thái Lan,TH,thời trang,adidas nmd,1000,0.25,0.05,Cao
Thái Lan,TH,thời trang,converse chuck taylor,1000,0.22,0.05,Cao
Thái Lan,TH,thời trang,adidas ultraboost,1000,0.18,0.04,Cao
Thái Lan,TH,thời trang,dunks low,1000,0.17,0.03,Cao
Thái Lan,TH,thời trang,back pack,1000,0.96,0.11,Cao
Thái Lan,TH,điện tử,smart watch,22200,0.09,0.02,Cao
Thái Lan,TH,điện tử,samsung watches,4400,0.26,0.05,Cao
Thái Lan,TH,điện tử,garmin vivoactive 5,2900,0.47,0.04,Cao
Thái Lan,TH,điện tử,earbuds,2900,0.24,0.03,Cao
Thái Lan,TH,điện tử,smartwatch,2400,0.08,0.02,Cao
Thái Lan,TH,điện tử,smart watch samsung,1900,0.19,0.02,Cao
Thái Lan,TH,điện tử,xiaomi smartwatch,1900,0.04,0.02,Cao
Thái Lan,TH,điện tử,earpods,1900,0.15,0.01,Cao
Thái Lan,TH,điện tử,samsung smart watch,1900,0.20,0.02,Cao
Thái Lan,TH,điện tử,huawei smart watch,1300,0.11,0.02,Cao
Thái Lan,TH,điện tử,oppo watch,1000,0.12,0.02,Cao
Anh,UK,gia dụng,air fryer,201000,0.62,0.18,Cao
Anh,UK,gia dụng,ninja air fryer,201000,1.61,0.27,Cao
Anh,UK,gia dụng,airfryer,49500,0.68,0.20,Cao
Anh,UK,gia dụng,robot vacuum,40500,2.48,0.42,Cao
Anh,UK,gia dụng,robot vacuum cleaner,40500,2.48,0.42,Cao
Anh,UK,gia dụng,automatic vacuum cleaner,40500,2.48,0.42,Cao
Anh,UK,gia dụng,asda air fryer,33100,0.31,0.12,Cao
Anh,UK,gia dụng,tower air fryer,22200,0.37,0.12,Cao
Anh,UK,gia dụng,robot hoover,22200,2.39,0.37,Cao
Anh,UK,gia dụng,best air fryer,18100,0.76,0.17,Cao
Anh,UK,gia dụng,tefal air fryer,18100,0.98,0.20,Cao
Anh,UK,gia dụng,ninja air fryer dual,18100,1.61,0.27,Cao
Anh,UK,gia dụng,argos air fryer,18100,1.20,0.24,Cao
Anh,UK,gia dụng,dyson robot vacuum,18100,1.11,0.23,Cao
Anh,UK,gia dụng,roomba,14800,1.41,0.19,Cao
Anh,UK,gia dụng,ninja foodi,14800,1.34,0.41,Cao
Anh,UK,gia dụng,best robot vacuum,12100,2.80,0.52,Cao
Anh,UK,gia dụng,ninja dual air fryer,12100,1.61,0.29,Cao
Anh,UK,gia dụng,cosori air fryer,12100,0.62,0.18,Cao
Anh,UK,gia dụng,best robot vacuum cleaner,12100,2.80,0.52,Cao
Anh,UK,gia dụng,best automatic vacuum,12100,2.80,0.52,Cao
Anh,UK,gia dụng,robot vacuum and mop,9900,2.80,0.52,Cao
Anh,UK,gia dụng,dual air fryer,9900,0.74,0.23,Cao
Anh,UK,gia dụng,double air fryer,9900,1.11,0.25,Cao
Anh,UK,gia dụng,eufy robot vacuum,9900,1.45,0.27,Cao
Anh,UK,gia dụng,shark robot vacuum,8100,1.93,0.40,Cao
Anh,UK,gia dụng,philips air fryer,8100,1.06,0.29,Cao
Anh,UK,gia dụng,ninja grill,8100,1.91,0.33,Cao
Anh,UK,gia dụng,air fryer ninja,8100,1.61,0.30,Cao
Anh,UK,gia dụng,best robot vacuum and mop,8100,2.80,0.52,Cao
Anh,UK,gia dụng,currys air fryer,8100,0.51,0.15,Cao
Anh,UK,gia dụng,salter air fryer,8100,0.49,0.16,Cao
Anh,UK,gia dụng,ninja speedi,6600,1.33,0.19,Cao
Anh,UK,gia dụng,fryer,6600,2.57,0.28,Cao
Anh,UK,gia dụng,small air fryer,6600,0.62,0.15,Cao
Anh,UK,gia dụng,white air fryer,6600,0.67,0.20,Cao
Anh,UK,gia dụng,cheap air fryer,6600,0.51,0.13,Cao
Anh,UK,gia dụng,ninja multi cooker,5400,1.00,0.16,Cao
Anh,UK,gia dụng,ninja pressure cooker,5400,1.33,0.23,Cao
Anh,UK,gia dụng,daewoo air fryer,5400,0.50,0.12,Cao
Anh,UK,gia dụng,eufy robovac,4400,1.47,0.26,Cao
Anh,UK,gia dụng,gourmia air fryer,4400,0.63,0.13,Cao
Anh,UK,gia dụng,ninja foodi max,4400,1.34,0.31,Cao
Anh,UK,gia dụng,breville air fryer,4400,0.48,0.13,Cao
Anh,UK,gia dụng,air fryers on sale,4400,0.56,0.14,Cao
Anh,UK,gia dụng,large air fryer,4400,1.12,0.24,Cao
Anh,UK,gia dụng,lakeland air fryer,4400,0.86,0.17,Cao
Anh,UK,gia dụng,currys ninja air fryer,4400,0.75,0.23,Cao
Anh,UK,gia dụng,aldi air fryer,4400,0.70,0.15,Cao
Anh,UK,gia dụng,shark robot vacuum and mop,4400,1.09,0.33,Cao
Anh,UK,gia dụng,tefal actifry,3600,1.07,0.16,Cao
Anh,UK,gia dụng,ninja double air fryer,3600,1.61,0.26,Cao
Anh,UK,gia dụng,argos ninja air fryer,3600,1.85,0.35,Cao
Anh,UK,gia dụng,airfryer ninja,3600,1.60,0.27,Cao
Anh,UK,gia dụng,ecovac,3600,4.16,0.59,Cao
Anh,UK,gia dụng,roomba vacuum,2900,1.84,0.30,Cao
Anh,UK,gia dụng,ninja foodi air fryer,2900,1.61,0.25,Cao
Anh,UK,gia dụng,ninja air fryer max xl,2900,1.61,0.24,Cao
Anh,UK,gia dụng,ninja cooker,2900,1.34,0.32,Cao
Anh,UK,gia dụng,amazon air fryer,2900,0.48,0.12,Cao
Anh,UK,gia dụng,ninja dual zone air fryer,2900,1.61,0.27,Cao
Anh,UK,gia dụng,robot mop,2400,2.15,0.44,Cao
Anh,UK,gia dụng,stainless steel air fryer,2400,0.42,0.13,Cao
Anh,UK,gia dụng,tower dual air fryer,2400,0.54,0.15,Cao
Anh,UK,gia dụng,ninja af400uk,2400,1.34,0.34,Cao
Anh,UK,gia dụng,mini air fryer,2400,0.53,0.13,Cao
Anh,UK,gia dụng,instant pot air fryer,1900,0.58,0.23,Cao
Anh,UK,gia dụng,best airfryer,1900,1.72,0.21,Cao
Anh,UK,gia dụng,ninja dual air fryer 9.5 l,1900,1.61,0.26,Cao
Anh,UK,gia dụng,vacuum mop,1900,1.80,0.52,Cao
Anh,UK,gia dụng,instant air fryer,1900,0.66,0.15,Cao
Anh,UK,gia dụng,ninja air fryer 9.5 litre,1900,1.61,0.26,Cao
Anh,UK,gia dụng,robot cleaner,1900,2.07,0.40,Cao
Anh,UK,gia dụng,robovac,1600,2.39,0.41,Cao
Anh,UK,gia dụng,eufy vacuum,1600,1.43,0.26,Cao
Anh,UK,gia dụng,ninja foodi max dual zone air fryer af400uk,1600,1.61,0.34,Cao
Anh,UK,gia dụng,instant vortex plus air fryer,1600,0.43,0.13,Cao
Anh,UK,gia dụng,ninja foodi 15 in 1,1600,1.34,0.33,Cao
Anh,UK,gia dụng,dreame vacuum,1600,1.77,0.36,Cao
Anh,UK,gia dụng,ninja af300uk,1600,1.35,0.29,Cao
Anh,UK,gia dụng,air fryer deals,1600,1.22,0.25,Cao
Anh,UK,gia dụng,best ninja air fryer,1600,1.61,0.22,Cao
Anh,UK,gia dụng,roborock vacuum,1600,1.54,0.55,Cao
Anh,UK,gia dụng,2 drawer air fryer,1600,1.11,0.22,Cao
Anh,UK,gia dụng,instant vortex air fryer,1300,0.48,0.17,Cao
Anh,UK,gia dụng,air fryer black friday deals,1300,0.00,0.00,Thấp
Anh,UK,gia dụng,ninja grill air fryer,1300,1.01,0.20,Cao
Anh,UK,gia dụng,ninja dual,1300,1.43,0.37,Cao
Anh,UK,gia dụng,ninja foodi dual zone air fryer,1300,1.61,0.25,Cao
Anh,UK,gia dụng,sur la table air fryer,1300,1.14,0.14,Cao
Anh,UK,gia dụng,xiaomi robot vacuum,1300,1.44,0.14,Cao
Anh,UK,gia dụng,ninja 11 in 1,1300,1.34,0.25,Cao
Anh,UK,gia dụng,best robot vacuum for pet hair,1000,2.81,0.59,Cao
Anh,UK,gia dụng,air fryer black friday,1000,0.00,0.00,Trung bình
Anh,UK,gia dụng,ninja 9.5 l air fryer,1000,1.61,0.26,Cao
Anh,UK,gia dụng,salter dual air fryer,1000,0.56,0.17,Cao
Anh,UK,gia dụng,ninja air fryer black friday,1000,1.60,0.16,Cao
Anh,UK,gia dụng,ninja foodi max 15 in 1,1000,1.33,0.32,Cao
Anh,UK,gia dụng,samsung robot vacuum,1000,1.46,0.29,Cao
Anh,UK,gia dụng,tower air fryer dual,1000,0.36,0.12,Cao
Anh,UK,gia dụng,best dual air fryer,1000,0.73,0.18,Cao
Anh,UK,gia dụng,best small air fryer,1000,0.90,0.17,Cao
Anh,UK,làm đẹp,dyson hair dryer,90500,1.37,0.27,Cao
Anh,UK,làm đẹp,hair dryer,60500,3.44,0.25,Cao
Anh,UK,làm đẹp,korean skincare,49500,1.80,0.57,Cao
Anh,UK,làm đẹp,cerave moisturizing cream,49500,0.96,0.15,Cao
Anh,UK,làm đẹp,korean skin care,49500,1.80,0.57,Cao
Anh,UK,làm đẹp,shark hair dryer,40500,1.24,0.32,Cao
Anh,UK,làm đẹp,shark blow dryer,40500,1.24,0.32,Cao
Anh,UK,làm đẹp,moisturizer,27100,4.52,0.70,Cao
Anh,UK,làm đẹp,dyson supersonic,22200,1.30,0.29,Cao
Anh,UK,làm đẹp,cerave cleanser,22200,1.04,0.21,Cao
Anh,UK,làm đẹp,dyson hairdryer,22200,1.30,0.29,Cao
Anh,UK,làm đẹp,ghd hair dryer,22200,1.33,0.67,Cao
Anh,UK,làm đẹp,bubble skincare,22200,1.02,0.19,Cao
Anh,UK,làm đẹp,cetaphil moisturizer,18100,0.75,0.16,Cao
Anh,UK,làm đẹp,cerave hydrating cleanser,18100,1.15,0.19,Cao
Anh,UK,làm đẹp,dyson supersonic hair dryer,14800,0.99,0.25,Cao
Anh,UK,làm đẹp,niacinamide serum,14800,1.80,0.44,Cao
Anh,UK,làm đẹp,nivea cream,14800,0.51,0.08,Cao
Anh,UK,làm đẹp,byoma skincare,14800,0.73,0.21,Cao
Anh,UK,làm đẹp,retinol cream,12100,2.58,0.86,Cao
Anh,UK,làm đẹp,eye cream,12100,2.81,0.69,Cao
Anh,UK,làm đẹp,shark hair styler,12100,1.04,0.28,Cao
Anh,UK,làm đẹp,garnier vitamin c serum,12100,0.93,0.12,Cao
Anh,UK,làm đẹp,blow dryer,12100,1.50,0.22,Cao
Anh,UK,làm đẹp,kiehl's eye cream,12100,1.43,0.56,Cao
Anh,UK,làm đẹp,paula's choice bha,9900,1.32,0.49,Cao
Anh,UK,làm đẹp,best hair dryer,9900,4.07,0.70,Cao
Anh,UK,làm đẹp,revlon hair dryer brush,9900,0.41,0.13,Cao
Anh,UK,làm đẹp,cetaphil cleanser,9900,0.66,0.13,Cao
Anh,UK,làm đẹp,dove body wash,9900,0.44,0.12,Cao
Anh,UK,làm đẹp,face wash,9900,4.76,0.78,Cao
Anh,UK,làm đẹp,la roche posay cleanser,9900,0.99,0.31,Cao
Anh,UK,làm đẹp,hair diffuser,9900,2.94,0.17,Cao
Anh,UK,làm đẹp,babyliss hair dryer,9900,0.58,0.18,Cao
Anh,UK,làm đẹp,skincare set,9900,3.21,0.69,Cao
Anh,UK,làm đẹp,best eye cream,8100,2.49,0.73,Cao
Anh,UK,làm đẹp,best moisturizer for dry skin,8100,2.37,0.54,Cao
Anh,UK,làm đẹp,hair dryer brush,8100,1.28,0.18,Cao
Anh,UK,làm đẹp,clinique moisturizer,8100,1.36,0.49,Cao
Anh,UK,làm đẹp,blow dryer brush,8100,1.04,0.21,Cao
Anh,UK,làm đẹp,cleanser,8100,4.05,0.83,Cao
Anh,UK,làm đẹp,rhode skincare,8100,0.65,0.24,Cao
Anh,UK,làm đẹp,cerave foaming cleanser,8100,1.13,0.23,Cao
Anh,UK,làm đẹp,dyson hair,6600,0.71,0.21,Cao
Anh,UK,làm đẹp,best eye cream for dark circles,6600,2.02,0.61,Cao
Anh,UK,làm đẹp,olay regenerist,6600,0.68,0.11,Cao
Anh,UK,làm đẹp,salicylic acid cleanser,6600,2.50,0.62,Cao
Anh,UK,làm đẹp,cetaphil gentle skin cleanser,6600,0.70,0.15,Cao
Anh,UK,làm đẹp,body lotion,6600,2.03,0.41,Cao
Anh,UK,làm đẹp,face moisturizer,6600,4.01,0.76,Cao
Anh,UK,làm đẹp,best lip balm,6600,1.70,0.39,Cao
Anh,UK,làm đẹp,cerave moisturizer,6600,0.98,0.16,Cao
Anh,UK,làm đẹp,parlux hair dryer,6600,1.18,0.38,Cao
Anh,UK,làm đẹp,moisturizer for dry skin,6600,2.04,0.53,Cao
Anh,UK,làm đẹp,moisturizer with spf,6600,2.39,0.64,Cao
Anh,UK,làm đẹp,skincare gift set,6600,1.97,0.50,Cao
Anh,UK,làm đẹp,diffuser hair dryer,6600,2.92,0.20,Cao
Anh,UK,làm đẹp,foot cream,6600,0.95,0.52,Cao
Anh,UK,làm đẹp,skin care products,5400,3.51,1.03,Cao
Anh,UK,làm đẹp,best skin care products,5400,3.42,1.03,Cao
Anh,UK,làm đẹp,best face moisturizer,5400,3.26,0.75,Cao
Anh,UK,làm đẹp,eye cream for dark circles,5400,2.09,0.70,Cao
Anh,UK,làm đẹp,retinol eye cream,5400,2.49,0.75,Cao
Anh,UK,làm đẹp,best moisturizer,5400,2.97,0.67,Cao
Anh,UK,làm đẹp,la roche posay moisturizer,5400,1.02,0.30,Cao
Anh,UK,làm đẹp,oil cleanser,5400,2.23,0.53,Cao
Anh,UK,làm đẹp,face cleanser,5400,3.42,0.73,Cao
Anh,UK,làm đẹp,clinique dramatically different moisturizing lotion,5400,1.18,0.40,Cao
Anh,UK,làm đẹp,revlon blow dryer brush,5400,0.56,0.17,Cao
Anh,UK,làm đẹp,cerave foaming facial cleanser,5400,1.10,0.20,Cao
Anh,UK,làm đẹp,shark hair,5400,1.23,0.36,Cao
Anh,UK,làm đẹp,travel hair dryer,5400,0.58,0.14,Cao
Anh,UK,làm đẹp,mens skincare set,5400,3.17,1.02,Cao
Anh,UK,làm đẹp,stretch mark cream,4400,2.08,0.19,Cao
Anh,UK,làm đẹp,best facial cleanser,4400,2.69,0.71,Cao
Anh,UK,làm đẹp,cerave moisturizing lotion,4400,1.03,0.17,Cao
Anh,UK,làm đẹp,best anti wrinkle cream,4400,2.43,0.72,Cao
Anh,UK,làm đẹp,the ordinary squalane cleanser,4400,0.88,0.22,Cao
Anh,UK,làm đẹp,rosacea cream,4400,3.82,0.91,Cao
Anh,UK,làm đẹp,the ordinary skincare,3600,1.19,0.23,Cao
Anh,UK,làm đẹp,obagi skin care,3600,3.01,0.62,Cao
Anh,UK,làm đẹp,best eye cream for wrinkles,3600,2.72,0.68,Cao
Anh,UK,làm đẹp,estee lauder eye cream,3600,1.18,0.38,Cao
Anh,UK,làm đẹp,moisturizer for oily skin,3600,2.33,0.56,Cao
Anh,UK,làm đẹp,no 7 skincare,3600,1.20,0.22,Cao
Anh,UK,làm đẹp,clinique for men,3600,2.08,0.51,Cao
Anh,UK,làm đẹp,tatcha moisturizer,3600,2.01,0.40,Cao
Anh,UK,làm đẹp,oil free moisturizer,3600,1.59,0.45,Cao
Anh,UK,làm đẹp,bubble moisturizer,3600,0.85,0.20,Cao
Anh,UK,làm đẹp,best under eye cream,2900,2.25,0.75,Cao
Anh,UK,làm đẹp,cetaphil moisturizing cream,2900,0.68,0.15,Cao
Anh,UK,làm đẹp,elemis skincare,2900,3.06,0.49,Cao
Anh,UK,làm đẹp,timeless vitamin c,2900,1.37,0.42,Cao
Anh,UK,làm đẹp,under eye cream,2900,2.37,0.78,Cao
Anh,UK,làm đẹp,neck cream,2900,2.28,0.84,Cao
Anh,UK,làm đẹp,korean skin care products,2900,1.88,0.51,Cao
Anh,UK,làm đẹp,tinted lip balm,2900,1.70,0.32,Cao
Anh,UK,làm đẹp,best under eye cream for dark circles,2900,2.16,0.67,Cao
Anh,UK,làm đẹp,clinique eye cream,2900,1.17,0.38,Cao
Anh,UK,làm đẹp,anti wrinkle cream,2900,2.73,0.89,Cao
Anh,UK,làm đẹp,the ordinary serum,2900,0.65,0.14,Cao
Anh,UK,làm đẹp,best body wash for men,2900,3.35,0.76,Cao
Anh,UK,làm đẹp,ghd helios hair dryer,2900,1.33,0.54,Cao
Anh,UK,làm đẹp,l oreal age perfect,2900,0.46,0.12,Cao
Anh,UK,làm đẹp,revlon hair dryer,2900,0.51,0.13,Cao
Anh,UK,làm đẹp,oil based cleanser,2900,1.56,0.41,Cao
Anh,UK,làm đẹp,eltamd sunscreen,2400,1.74,0.38,Cao
Anh,UK,làm đẹp,isdin sunscreen,2400,0.82,0.12,Cao
Anh,UK,làm đẹp,olay retinol 24,2400,1.06,0.14,Cao
Anh,UK,làm đẹp,shiseido eye cream,2400,1.31,0.34,Cao
Anh,UK,làm đẹp,revair hair dryer,2400,1.33,0.41,Cao
Anh,UK,làm đẹp,nivea creme,2400,0.51,0.08,Cao
Anh,UK,làm đẹp,eye cream for wrinkles,2400,3.02,0.81,Cao
Anh,UK,làm đẹp,wrinkle cream,2400,2.34,0.85,Thấp
Anh,UK,làm đẹp,best face moisturizer for dry skin,2400,2.37,0.60,Cao
Anh,UK,làm đẹp,skin bleaching cream,2400,2.11,0.60,Cao
Anh,UK,làm đẹp,no 7 serum,2400,1.18,0.19,Cao
Anh,UK,làm đẹp,eye cream for bags,2400,1.70,0.48,Cao
Anh,UK,làm đẹp,best vitamin c serum for face,1900,1.94,0.53,Cao
Anh,UK,làm đẹp,laifen hair dryer,1900,0.94,0.13,Cao
Anh,UK,làm đẹp,ghd helios,1900,1.33,0.71,Cao
Anh,UK,làm đẹp,best neck cream,1900,2.07,0.72,Cao
Anh,UK,làm đẹp,best moisturizer for oily skin,1900,2.03,0.58,Cao
Anh,UK,làm đẹp,zo skin care,1900,1.93,0.53,Cao
Anh,UK,làm đẹp,eye serum,1900,2.60,1.08,Cao
Anh,UK,làm đẹp,face cream for women,1900,2.88,0.71,Cao
Anh,UK,làm đẹp,face moisturizer for dry skin,1900,2.61,0.60,Cao
Anh,UK,làm đẹp,best wrinkle cream,1600,2.04,0.72,Cao
Anh,UK,làm đẹp,advanced night repair,1600,1.45,0.43,Cao
Anh,UK,làm đẹp,peter thomas roth eye cream,1600,0.72,0.17,Cao
Anh,UK,làm đẹp,drunk elephant moisturizer,1600,1.10,0.39,Cao
Anh,UK,làm đẹp,skin care for men,1600,3.20,1.03,Cao
Anh,UK,làm đẹp,lancome eye cream,1600,1.01,0.50,Cao
Anh,UK,làm đẹp,fresh soy face cleanser,1600,2.34,0.47,Cao
Anh,UK,làm đẹp,best face wash for men,1600,2.32,0.76,Cao
Anh,UK,làm đẹp,blowout brush,1600,0.81,0.16,Cao
Anh,UK,làm đẹp,best skin care,1600,4.99,1.29,Cao
Anh,UK,làm đẹp,dyson hair products,1600,0.68,0.24,Cao
Anh,UK,làm đẹp,drunk elephant skincare,1600,1.03,0.29,Cao
Anh,UK,làm đẹp,dyson blow dryer,1300,0.96,0.27,Cao
Anh,UK,làm đẹp,sunscreen for face,1300,1.96,0.60,Cao
Anh,UK,làm đẹp,best stretch mark cream,1300,1.68,0.18,Cao
Anh,UK,làm đẹp,la mer moisturizing cream,1300,0.99,0.28,Cao
Anh,UK,làm đẹp,dermalogica products,1300,1.79,0.28,Cao
Anh,UK,làm đẹp,tatcha skin care,1300,2.68,0.40,Cao
Anh,UK,làm đẹp,aveeno eczema therapy,1300,1.36,0.34,Cao
Anh,UK,làm đẹp,olay moisturizer,1300,0.51,0.13,Cao
Anh,UK,làm đẹp,the ordinary glycolic acid 7 toning solution,1300,0.70,0.17,Cao
Anh,UK,làm đẹp,dyson hair dryer sale,1000,1.68,0.31,Cao
Anh,UK,làm đẹp,origins skin care,1000,1.26,0.30,Cao
Anh,UK,làm đẹp,dyson dryer,1000,0.95,0.26,Cao
Anh,UK,làm đẹp,cetaphil lotion,1000,0.60,0.12,Cao
Anh,UK,làm đẹp,la mer eye cream,1000,1.41,0.36,Cao
Anh,UK,làm đẹp,best niacinamide serum,1000,1.86,0.42,Cao
Anh,UK,làm đẹp,dyson hair dryer airwrap,1000,0.85,0.22,Cao
Anh,UK,làm đẹp,cetaphil moisturizing lotion,1000,0.65,0.13,Cao
Anh,UK,làm đẹp,clarins double serum eye,1000,1.54,0.36,Cao
Anh,UK,làm đẹp,obagi nu derm,1000,1.71,0.64,Cao
Anh,UK,mẹ và bé,baby monitor,33100,0.74,0.21,Cao
Anh,UK,mẹ và bé,owlet sock,27100,1.23,0.21,Cao
Anh,UK,mẹ và bé,strollers,27100,1.11,0.20,Cao
Anh,UK,mẹ và bé,silver cross pram,27100,0.78,0.22,Cao
Anh,UK,mẹ và bé,pushchair,27100,1.05,0.21,Cao
Anh,UK,mẹ và bé,baby pram,27100,1.23,0.30,Cao
Anh,UK,mẹ và bé,bugaboo butterfly,22200,0.64,0.23,Cao
Anh,UK,mẹ và bé,travel stroller,22200,1.11,0.19,Cao
Anh,UK,mẹ và bé,icandy pram,22200,0.68,0.21,Cao
Anh,UK,mẹ và bé,travel pram,22200,1.11,0.19,Cao
Anh,UK,mẹ và bé,travel pushchair,22200,1.11,0.19,Cao
Anh,UK,mẹ và bé,doona stroller,18100,1.03,0.22,Cao
Anh,UK,mẹ và bé,joie stroller,18100,0.52,0.17,Cao
Anh,UK,mẹ và bé,doona car seat and stroller,18100,1.03,0.22,Cao
Anh,UK,mẹ và bé,joie pushchair,18100,0.52,0.17,Cao
Anh,UK,mẹ và bé,doona pram,18100,1.03,0.22,Cao
Anh,UK,mẹ và bé,baby stroller,14800,1.40,0.22,Cao
Anh,UK,mẹ và bé,vtech baby monitor,14800,0.43,0.18,Cao
Anh,UK,mẹ và bé,double pram,14800,1.04,0.25,Cao
Anh,UK,mẹ và bé,dolls pram,14800,0.46,0.12,Cao
Anh,UK,mẹ và bé,infant stroller,14800,1.40,0.22,Cao
Anh,UK,mẹ và bé,newborn stroller,14800,1.40,0.22,Cao
Anh,UK,mẹ và bé,nuna stroller,12100,0.45,0.16,Cao
Anh,UK,mẹ và bé,baby monitor camera,12100,0.76,0.20,Cao
Anh,UK,mẹ và bé,egg pram,12100,0.77,0.18,Cao
Anh,UK,mẹ và bé,nuna pram,12100,0.45,0.16,Cao
Anh,UK,mẹ và bé,yoyo stroller,9900,3.44,0.53,Cao
Anh,UK,mẹ và bé,my babiie stroller,9900,2.37,0.33,Cao
Anh,UK,mẹ và bé,cosatto stroller,9900,1.26,0.25,Cao
Anh,UK,mẹ và bé,babyzen yoyo stroller,9900,3.44,0.53,Cao
Anh,UK,mẹ và bé,cybex priam,8100,0.75,0.17,Cao
Anh,UK,mẹ và bé,silver cross stroller,8100,0.63,0.18,Cao
Anh,UK,mẹ và bé,toddler stroller,8100,1.15,0.19,Cao
Anh,UK,mẹ và bé,cybex pram,8100,0.75,0.17,Cao
Anh,UK,mẹ và bé,double stroller,6600,0.96,0.20,Cao
Anh,UK,mẹ và bé,best baby monitor,6600,0.89,0.18,Cao
Anh,UK,mẹ và bé,double pushchair,6600,1.09,0.23,Cao
Anh,UK,mẹ và bé,joie pram,6600,0.68,0.18,Cao
Anh,UK,mẹ và bé,babyzen yoyo,5400,2.88,0.54,Cao
Anh,UK,mẹ và bé,cybex stroller,5400,0.54,0.15,Cao
Anh,UK,mẹ và bé,compact stroller,5400,1.09,0.20,Cao
Anh,UK,mẹ và bé,yoyo pram,5400,3.19,0.54,Cao
Anh,UK,mẹ và bé,hauck stroller,5400,0.44,0.12,Cao
Anh,UK,mẹ và bé,uppababy vista,4400,0.62,0.18,Cao
Anh,UK,mẹ và bé,maxi cosi stroller,4400,0.49,0.15,Cao
Anh,UK,mẹ và bé,owlet dream sock,4400,1.15,0.24,Cao
Anh,UK,mẹ và bé,icandy peach,4400,0.73,0.24,Cao
Anh,UK,mẹ và bé,bugaboo pram,4400,0.40,0.09,Cao
Anh,UK,mẹ và bé,best travel stroller,3600,1.12,0.16,Cao
Anh,UK,mẹ và bé,baby camera,3600,0.75,0.20,Cao
Anh,UK,mẹ và bé,twin stroller,3600,1.10,0.25,Cao
Anh,UK,mẹ và bé,ickle bubba stroller,3600,0.87,0.22,Cao
Anh,UK,mẹ và bé,twin pram,3600,1.11,0.29,Cao
Anh,UK,mẹ và bé,bugaboo stroller,2900,0.46,0.11,Cao
Anh,UK,mẹ và bé,bugaboo cameleon 3,2900,0.88,0.14,Cao
Anh,UK,mẹ và bé,joie double buggy,2900,0.58,0.20,Cao
Anh,UK,mẹ và bé,footmuff,2900,0.97,0.23,Cao
Anh,UK,mẹ và bé,foldable stroller,2900,1.10,0.19,Cao
Anh,UK,mẹ và bé,mamas and papas stroller,2900,0.82,0.24,Cao
Anh,UK,mẹ và bé,egg pushchair,2900,0.77,0.19,Cao
Anh,UK,mẹ và bé,pink stroller,2900,1.15,0.29,Cao
Anh,UK,mẹ và bé,nanit baby monitor,2400,0.95,0.19,Cao
Anh,UK,mẹ và bé,doona car seat stroller,2400,0.96,0.22,Cao
Anh,UK,mẹ và bé,nuna mixx,2400,0.62,0.24,Cao
Anh,UK,mẹ và bé,lightweight stroller,2400,1.03,0.18,Cao
Anh,UK,mẹ và bé,cheap stroller,2400,0.45,0.13,Cao
Anh,UK,mẹ và bé,pram liners,2400,0.89,0.18,Cao
Anh,UK,mẹ và bé,silver cross pushchair,2400,0.59,0.20,Cao
Anh,UK,mẹ và bé,prams for sale,2400,1.04,0.20,Cao
Anh,UK,mẹ và bé,uppababy vista v2,1900,0.86,0.26,Cao
Anh,UK,mẹ và bé,car seat stroller,1900,1.16,0.32,Cao
Anh,UK,mẹ và bé,baby jogger city tour 2,1900,0.75,0.14,Cao
Anh,UK,mẹ và bé,cybex beezy,1900,0.69,0.20,Cao
Anh,UK,mẹ và bé,gb pockit stroller,1900,0.69,0.14,Cao
Anh,UK,mẹ và bé,car seat and stroller,1900,1.16,0.32,Cao
Anh,UK,mẹ và bé,bugaboo footmuff,1900,0.77,0.25,Cao
Anh,UK,mẹ và bé,stokke stroller,1900,2.30,0.41,Cao
Anh,UK,mẹ và bé,bugaboo cameleon,1900,1.15,0.17,Cao
Anh,UK,mẹ và bé,snuza hero,1900,0.56,0.13,Cao
Anh,UK,mẹ và bé,fendi stroller,1900,1.04,0.73,Cao
Anh,UK,mẹ và bé,compact travel stroller,1900,1.11,0.20,Cao
Anh,UK,mẹ và bé,cosatto woosh,1900,0.86,0.24,Cao
Anh,UK,mẹ và bé,babyzen yoyo2,1600,2.24,0.39,Cao
Anh,UK,mẹ và bé,yoyo babyzen,1600,3.71,0.57,Cao
Anh,UK,mẹ và bé,bugaboo donkey duo,1600,0.76,0.26,Cao
Anh,UK,mẹ và bé,graco double stroller,1600,0.36,0.13,Cao
Anh,UK,mẹ và bé,pushchair sale,1600,1.18,0.21,Cao
Anh,UK,mẹ và bé,cybex gazelle double,1600,0.74,0.22,Cao
Anh,UK,mẹ và bé,owlet smart sock,1300,1.08,0.19,Cao
Anh,UK,mẹ và bé,cybex gazelle s,1300,0.85,0.25,Cao
Anh,UK,mẹ và bé,uppababy cruz,1300,1.03,0.27,Cao
Anh,UK,mẹ và bé,nuna trvl,1300,0.79,0.28,Cao
Anh,UK,mẹ và bé,chicco stroller,1300,0.51,0.10,Cao
Anh,UK,mẹ và bé,best stroller,1300,1.35,0.26,Cao
Anh,UK,mẹ và bé,bugaboo stardust,1300,0.74,0.26,Cao
Anh,UK,mẹ và bé,owlet camera,1300,2.28,0.24,Cao
Anh,UK,mẹ và bé,infant car seat and stroller,1300,1.12,0.30,Cao
Anh,UK,mẹ và bé,joie pact,1300,0.59,0.20,Cao
Anh,UK,mẹ và bé,silver cross clic stroller,1300,0.62,0.22,Cao
Anh,UK,mẹ và bé,ocarro pushchair,1300,1.15,0.27,Cao
Anh,UK,mẹ và bé,nuna travel stroller,1000,0.75,0.23,Cao
Anh,UK,mẹ và bé,jogging stroller,1000,1.17,0.15,Cao
Anh,UK,mẹ và bé,uppababy minu,1000,0.64,0.19,Cao
Anh,UK,mẹ và bé,eufy baby monitor,1000,0.95,0.20,Cao
Anh,UK,mẹ và bé,bugaboo butterfly stroller,1000,0.62,0.20,Cao
Anh,UK,mẹ và bé,cybex libelle stroller,1000,0.59,0.16,Cao
Anh,UK,mẹ và bé,joolz stroller,1000,0.58,0.13,Cao
Anh,UK,mẹ và bé,cuboai,1000,4.16,0.70,Cao
Anh,UK,nhà cửa,coffee machine,165000,1.34,0.18,Cao
Anh,UK,nhà cửa,office chair,90500,4.01,0.60,Cao
Anh,UK,nhà cửa,nespresso machine,74000,1.74,0.23,Cao
Anh,UK,nhà cửa,delonghi coffee machine,74000,0.85,0.18,Cao
Anh,UK,nhà cửa,sage coffee machine,74000,0.57,0.17,Cao
Anh,UK,nhà cửa,desk chair,49500,2.03,0.36,Cao
Anh,UK,nhà cửa,bean to cup coffee machine,33100,1.20,0.19,Cao
Anh,UK,nhà cửa,tassimo pods,33100,0.61,0.17,Cao
Anh,UK,nhà cửa,coffee grinder,27100,0.84,0.16,Cao
Anh,UK,nhà cửa,nespresso coffee machine,27100,1.74,0.21,Cao
Anh,UK,nhà cửa,espresso machine,22200,1.67,0.33,Cao
Anh,UK,nhà cửa,nespresso vertuo,22200,3.63,0.48,Cao
Anh,UK,nhà cửa,sage barista express,22200,0.90,0.23,Cao
Anh,UK,nhà cửa,dolce gusto machine,22200,1.34,0.16,Cao
Anh,UK,nhà cửa,ergonomic chair,18100,3.28,1.20,Cao
Anh,UK,nhà cửa,smeg coffee machine,18100,0.76,0.17,Cao
Anh,UK,nhà cửa,dolce gusto pods,18100,0.74,0.17,Cao
Anh,UK,nhà cửa,tassimo coffee machine,18100,0.47,0.15,Cao
Anh,UK,nhà cửa,herman miller chair,14800,1.93,0.37,Cao
Anh,UK,nhà cửa,breville coffee machine,14800,0.68,0.13,Cao
Anh,UK,nhà cửa,ikea office chair,14800,2.63,0.43,Cao
Anh,UK,nhà cửa,coffee pod machine,14800,1.47,0.27,Cao
Anh,UK,nhà cửa,coffee pots,14800,1.20,0.16,Cao
Anh,UK,nhà cửa,herman miller aeron,12100,2.80,0.60,Cao
Anh,UK,nhà cửa,ergonomic office chair,12100,3.69,1.23,Cao
Anh,UK,nhà cửa,computer chair,12100,1.99,0.36,Cao
Anh,UK,nhà cửa,delonghi magnifica,12100,1.12,0.24,Cao
Anh,UK,nhà cửa,philips coffee machine,12100,1.09,0.24,Cao
Anh,UK,nhà cửa,coffee makers,12100,1.34,0.23,Cao
Anh,UK,nhà cửa,best coffee machine,12100,1.34,0.22,Cao
Anh,UK,nhà cửa,coffee machine with grinder,12100,0.99,0.19,Cao
Anh,UK,nhà cửa,sage barista pro,9900,1.22,0.27,Cao
Anh,UK,nhà cửa,delonghi magnifica evo,9900,1.37,0.30,Cao
Anh,UK,nhà cửa,coffee machine with milk frother,9900,1.34,0.23,Cao
Anh,UK,nhà cửa,lavazza coffee machine,8100,1.74,0.23,Cao
Anh,UK,nhà cửa,best office chair,6600,4.25,1.26,Cao
Anh,UK,nhà cửa,kneeling chair,6600,2.69,0.66,Cao
Anh,UK,nhà cửa,home office chair,6600,2.72,0.65,Cao
Anh,UK,nhà cửa,percolator,6600,1.35,0.19,Cao
Anh,UK,nhà cửa,delonghi espresso machine,5400,1.01,0.18,Cao
Anh,UK,nhà cửa,herman miller embody,5400,3.21,0.60,Cao
Anh,UK,nhà cửa,tassimo machine,5400,0.49,0.15,Cao
Anh,UK,nhà cửa,vertuo pods,5400,3.55,0.22,Cao
Anh,UK,nhà cửa,delonghi dedica,5400,0.61,0.17,Cao
Anh,UK,nhà cửa,nespresso vertuo machine,5400,2.00,0.24,Cao
Anh,UK,nhà cửa,gaggia classic,5400,1.65,0.14,Cao
Anh,UK,nhà cửa,gaggia classic pro,4400,0.81,0.14,Cao
Anh,UK,nhà cửa,sage barista touch,4400,0.88,0.26,Cao
Anh,UK,nhà cửa,la marzocco linea mini,4400,1.53,0.14,Cao
Anh,UK,nhà cửa,espresso coffee machine,4400,1.49,0.28,Cao
Anh,UK,nhà cửa,nespresso vertuo pop,4400,1.34,0.20,Cao
Anh,UK,nhà cửa,drip coffee maker,4400,1.13,0.17,Cao
Anh,UK,nhà cửa,breville espresso machine,3600,1.33,0.13,Cao
Anh,UK,nhà cửa,breville barista express,3600,1.79,0.15,Cao
Anh,UK,nhà cửa,nespresso vertuo plus,3600,1.57,0.19,Cao
Anh,UK,nhà cửa,steelcase leap v2,3600,4.32,1.19,Cao
Anh,UK,nhà cửa,leather office chair,3600,2.71,0.60,Cao
Anh,UK,nhà cửa,nespresso citiz,3600,1.44,0.24,Cao
Anh,UK,nhà cửa,delonghi la specialista,3600,1.32,0.24,Cao
Anh,UK,nhà cửa,nespresso original machine,3600,1.83,0.24,Cao
Anh,UK,nhà cửa,nescafe coffee machine,3600,1.99,0.21,Cao
Anh,UK,nhà cửa,office chairs near me,2900,3.34,0.79,Cao
Anh,UK,nhà cửa,white office chair,2900,2.05,0.39,Cao
Anh,UK,nhà cửa,ergonomic desk chair,2900,3.48,1.13,Cao
Anh,UK,nhà cửa,herman miller office chairs,2900,2.78,0.51,Cao
Anh,UK,nhà cửa,comfortable office chair,2900,2.31,0.48,Cao
Anh,UK,nhà cửa,rancilio silvia,2900,1.59,0.43,Cao
Anh,UK,nhà cửa,cheap office chairs,2900,2.02,0.27,Cao
Anh,UK,nhà cửa,kids desk and chair set,2900,0.66,0.23,Cao
Anh,UK,nhà cửa,aeron chair,2400,2.92,0.63,Cao
Anh,UK,nhà cửa,best espresso machine,2400,2.49,0.34,Cao
Anh,UK,nhà cửa,iced coffee maker,2400,1.34,0.16,Cao
Anh,UK,nhà cửa,nespresso essenza mini,2400,3.11,0.26,Cao
Anh,UK,nhà cửa,automatic coffee machine,2400,1.53,0.28,Cao
Anh,UK,nhà cửa,nespresso lattissima,2400,1.74,0.24,Cao
Anh,UK,nhà cửa,miele coffee machine,2400,1.51,0.27,Cao
Anh,UK,nhà cửa,white desk chair,2400,1.07,0.26,Cao
Anh,UK,nhà cửa,latte machine,2400,1.35,0.35,Cao
Anh,UK,nhà cửa,pink office chair,2400,1.00,0.28,Cao
Anh,UK,nhà cửa,brown leather office chair,2400,2.79,0.54,Cao
Anh,UK,nhà cửa,steelcase gesture,1900,3.94,0.99,Cao
Anh,UK,nhà cửa,best ergonomic office chair,1900,3.87,1.34,Cao
Anh,UK,nhà cửa,delonghi dinamica plus,1900,1.69,0.27,Cao
Anh,UK,nhà cửa,nespresso vertuo next,1900,1.49,0.17,Cao
Anh,UK,nhà cửa,best nespresso machine,1900,2.00,0.30,Cao
Anh,UK,nhà cửa,executive office chair,1900,4.01,0.81,Cao
Anh,UK,nhà cửa,nespresso pixie,1900,1.74,0.27,Cao
Anh,UK,nhà cửa,best home espresso machine,1900,2.03,0.28,Cao
Anh,UK,nhà cửa,lelit bianca,1900,1.58,0.51,Cao
Anh,UK,nhà cửa,coffee pods nespresso,1900,4.22,0.88,Cao
Anh,UK,nhà cửa,nespresso lattissima one,1900,1.68,0.24,Cao
Anh,UK,nhà cửa,massage office chair,1900,1.97,0.41,Cao
Anh,UK,nhà cửa,best coffee maker,1600,1.32,0.23,Cao
Anh,UK,nhà cửa,herman miller aeron chair,1600,2.76,0.54,Cao
Anh,UK,nhà cửa,steelcase chairs,1600,3.31,0.69,Cao
Anh,UK,nhà cửa,rocket appartamento,1600,1.63,0.46,Cao
Anh,UK,nhà cửa,humanscale chair,1600,2.29,0.45,Cao
Anh,UK,nhà cửa,best home office chair,1600,4.59,1.29,Cao
Anh,UK,nhà cửa,mesh office chair,1600,4.16,1.01,Cao
Anh,UK,nhà cửa,office desk chair,1600,4.32,0.65,Cao
Anh,UK,nhà cửa,smeg espresso machine,1600,1.19,0.18,Cao
Anh,UK,nhà cửa,eames office chair,1600,1.83,0.83,Cao
Anh,UK,nhà cửa,lelit bianca v3,1600,1.78,0.55,Cao
Anh,UK,nhà cửa,lazy boy office chairs,1600,2.40,0.39,Cao
Anh,UK,nhà cửa,nespresso creatista plus,1600,1.74,0.31,Cao
Anh,UK,nhà cửa,steelcase leap,1300,4.30,1.21,Cao
Anh,UK,nhà cửa,cold brew coffee maker,1300,1.69,0.22,Cao
Anh,UK,nhà cửa,best office chair for back pain,1300,2.88,0.94,Cao
Anh,UK,nhà cửa,cappuccino machine,1300,1.35,0.32,Cao
Anh,UK,nhà cửa,best desk chair,1300,3.54,1.19,Cao
Anh,UK,nhà cửa,pour over coffee maker,1300,1.18,0.17,Cao
Anh,UK,nhà cửa,herman miller mirra 2,1300,2.60,0.54,Cao
Anh,UK,nhà cửa,executive chair,1300,3.85,0.86,Cao
Anh,UK,nhà cửa,bodum french press,1300,0.72,0.14,Cao
Anh,UK,nhà cửa,nespresso delonghi,1300,1.74,0.18,Cao
Anh,UK,nhà cửa,illy coffee machine,1300,1.75,0.43,Cao
Anh,UK,nhà cửa,espresso machine for home,1300,1.46,0.36,Cao
Anh,UK,nhà cửa,smeg coffee maker,1000,0.69,0.16,Cao
Anh,UK,nhà cửa,sage oracle touch,1000,1.00,0.25,Cao
Anh,UK,nhà cửa,leather desk chair,1000,2.37,0.48,Cao
Anh,UK,nhà cửa,vertuo,1000,3.54,0.74,Cao
Anh,UK,nhà cửa,high back office chair,1000,3.16,0.60,Cao
Anh,UK,nhà cửa,nespresso krups,1000,1.61,0.14,Cao
Anh,UK,thú cưng,harringtons dog food,22200,2.01,0.41,Cao
Anh,UK,thú cưng,royal canin dog food,14800,2.66,0.48,Cao
Anh,UK,thú cưng,royal canin gastrointestinal,12100,2.24,0.66,Cao
Anh,UK,thú cưng,dog bowls,12100,1.03,0.16,Cao
Anh,UK,thú cưng,purina pro plan,9900,1.76,0.57,Cao
Anh,UK,thú cưng,dog treats,9900,3.93,1.32,Cao
Anh,UK,thú cưng,naturo dog food,9900,2.66,0.66,Cao
Anh,UK,thú cưng,james wellbeloved dog food,8100,2.51,0.55,Cao
Anh,UK,thú cưng,skinners dog food,8100,1.54,0.28,Cao
Anh,UK,thú cưng,butternut box dog food,8100,3.38,1.34,Cao
Anh,UK,thú cưng,royal canin hypoallergenic,6600,2.99,0.80,Cao
Anh,UK,thú cưng,arden grange dog food,6600,1.71,0.87,Cao
Anh,UK,thú cưng,purina ha dog food,6600,2.78,0.71,Cao
Anh,UK,thú cưng,purina hypoallergenic dog food,6600,2.78,0.71,Cao
Anh,UK,thú cưng,hills dog food,5400,1.85,0.51,Cao
Anh,UK,thú cưng,royal canin puppy food,5400,4.41,0.41,Cao
Anh,UK,thú cưng,natural dog treats,5400,3.93,1.12,Cao
Anh,UK,thú cưng,burns dog food,5400,1.75,0.33,Cao
Anh,UK,thú cưng,raised dog bowls,5400,0.81,0.17,Cao
Anh,UK,thú cưng,pet camera,4400,1.71,0.32,Cao
Anh,UK,thú cưng,orijen dog food,4400,2.86,0.71,Cao
Anh,UK,thú cưng,calming treats for dogs,4400,4.06,1.06,Cao
Anh,UK,thú cưng,royal canin hypoallergenic dog food,4400,3.33,0.92,Cao
Anh,UK,thú cưng,purina dog food,3600,1.61,0.43,Cao
Anh,UK,thú cưng,iams dog food,3600,1.26,0.40,Cao
Anh,UK,thú cưng,eukanuba dog food,3600,1.44,0.45,Cao
Anh,UK,thú cưng,dog camera,3600,1.78,0.30,Cao
Anh,UK,thú cưng,cesar dog food,3600,4.03,0.37,Cao
Anh,UK,thú cưng,royal canin gastrointestinal low fat,2900,3.03,0.85,Cao
Anh,UK,thú cưng,purina ha,2900,2.14,0.63,Cao
Anh,UK,thú cưng,pedigree dog food,2400,3.41,0.48,Cao
Anh,UK,thú cưng,royal canin anallergenic,2400,2.42,0.80,Cao
Anh,UK,thú cưng,purina pro plan puppy,1900,3.78,0.49,Cao
Anh,UK,thú cưng,royal canin urinary so,1900,2.98,0.91,Cao
Anh,UK,thú cưng,royal canin satiety,1900,2.69,0.88,Cao
Anh,UK,thú cưng,wellness core dog food,1900,2.48,0.37,Cao
Anh,UK,thú cưng,hills zd dog food,1900,3.14,0.91,Cao
Anh,UK,thú cưng,acana dog food,1600,2.47,0.69,Cao
Anh,UK,thú cưng,pro plan dog food,1600,2.66,0.70,Cao
Anh,UK,thú cưng,iams puppy food,1600,1.83,0.46,Cao
Anh,UK,thú cưng,royal canin gastrointestinal dog food,1600,2.42,0.74,Cao
Anh,UK,thú cưng,puppy treats,1600,4.34,0.72,Cao
Anh,UK,thú cưng,hill's prescription diet,1300,2.72,0.69,Cao
Anh,UK,thú cưng,healthy dog treats,1300,3.91,1.27,Cao
Anh,UK,thú cưng,royal canin digestive care,1300,1.76,0.56,Cao
Anh,UK,thú cưng,eukanuba puppy food,1300,1.89,0.47,Cao
Anh,UK,thú cưng,purina pro plan dog food,1000,2.33,0.58,Cao
Anh,UK,thú cưng,automatic dog feeder,1000,0.45,0.14,Cao
Anh,UK,thể thao,mens trainers,165000,0.93,0.27,Cao
Anh,UK,thể thao,womens trainers,110000,0.61,0.26,Cao
Anh,UK,thể thao,sports shoes,110000,1.00,0.75,Cao
Anh,UK,thể thao,asics gel kayano 14,90500,0.49,0.18,Cao
Anh,UK,thể thao,new balance trainers womens,90500,0.61,0.22,Cao
Anh,UK,thể thao,running shoes,74000,1.12,0.37,Cao
Anh,UK,thể thao,asics gel 1130,74000,0.48,0.20,Cao
Anh,UK,thể thao,hoka shoes,60500,0.60,0.27,Cao
Anh,UK,thể thao,mens nike trainers,60500,0.44,0.19,Cao
Anh,UK,thể thao,black trainers women,60500,0.69,0.27,Cao
Anh,UK,thể thao,asics trainers,49500,0.40,0.20,Cao
Anh,UK,thể thao,on cloud shoes,40500,1.23,0.28,Cao
Anh,UK,thể thao,asics gel kayano,40500,0.58,0.24,Cao
Anh,UK,thể thao,mens white trainers,40500,1.05,0.27,Cao
Anh,UK,thể thao,white trainers women,40500,0.76,0.27,Cao
Anh,UK,thể thao,on cloud trainers,40500,1.00,0.27,Cao
Anh,UK,thể thao,yoga mat,33100,2.63,0.19,Cao
Anh,UK,thể thao,nike running shoes,33100,0.50,0.15,Cao
Anh,UK,thể thao,nike pegasus,33100,0.54,0.21,Cao
Anh,UK,thể thao,white trainers,33100,1.04,0.27,Cao
Anh,UK,thể thao,running trainers,33100,1.24,0.39,Cao
Anh,UK,thể thao,mens trainers sale,27100,0.65,0.25,Cao
Anh,UK,thể thao,black nike trainers,27100,0.56,0.24,Cao
Anh,UK,thể thao,mens black trainers,27100,1.00,0.27,Cao
Anh,UK,thể thao,hoka clifton 9,22200,0.60,0.32,Cao
Anh,UK,thể thao,adidas running shoes,22200,0.67,0.32,Cao
Anh,UK,thể thao,new balance 530 womens,22200,0.70,0.31,Cao
Anh,UK,thể thao,nike reacts,22200,0.59,0.23,Cao
Anh,UK,thể thao,hoka running shoes,18100,0.61,0.32,Cao
Anh,UK,thể thao,trail running shoes,18100,1.13,0.39,Cao
Anh,UK,thể thao,asics novablast,18100,0.52,0.21,Cao
Anh,UK,thể thao,on running shoes,14800,1.25,0.29,Cao
Anh,UK,thể thao,asics running shoes,14800,0.51,0.20,Cao
Anh,UK,thể thao,asics gel nimbus,14800,0.60,0.23,Cao
Anh,UK,thể thao,asics kayano,14800,0.50,0.23,Cao
Anh,UK,thể thao,new balance 1080,14800,0.59,0.22,Cao
Anh,UK,thể thao,new balance running shoes,14800,0.56,0.20,Cao
Anh,UK,thể thao,nike trainers womens,14800,0.42,0.16,Cao
Anh,UK,thể thao,saucony shoes,14800,0.81,0.24,Cao
Anh,UK,thể thao,nike vapormax,12100,0.79,0.22,Cao
Anh,UK,thể thao,best running shoes for men,12100,1.55,0.47,Cao
Anh,UK,thể thao,mens running shoes,12100,1.12,0.32,Cao
Anh,UK,thể thao,hoka bondi 8,9900,0.60,0.27,Cao
Anh,UK,thể thao,best running shoes,9900,1.55,0.61,Cao
Anh,UK,thể thao,hoka bondi,9900,0.60,0.37,Cao
Anh,UK,thể thao,best running shoes for women,9900,1.49,0.54,Cao
Anh,UK,thể thao,saucony running shoes,9900,0.76,0.26,Cao
Anh,UK,thể thao,hoka clifton,9900,0.61,0.34,Cao
Anh,UK,thể thao,on running trainers,9900,1.25,0.27,Cao
Anh,UK,thể thao,on cloudmonster,9900,0.87,0.28,Cao
Anh,UK,thể thao,adidas ultra boost,8100,0.46,0.24,Cao
Anh,UK,thể thao,altra shoes,8100,0.70,0.20,Cao
Anh,UK,thể thao,nike vaporfly,8100,0.63,0.24,Cao
Anh,UK,thể thao,asics gt 2000,8100,0.62,0.26,Cao
Anh,UK,thể thao,running shoes for women,8100,1.07,0.27,Cao
Anh,UK,thể thao,brooks glycerin,8100,1.32,0.34,Cao
Anh,UK,thể thao,nike running,8100,0.78,0.16,Cao
Anh,UK,thể thao,brooks adrenaline gts,8100,1.48,0.35,Cao
Anh,UK,thể thao,altra running shoes,6600,1.00,0.22,Cao
Anh,UK,thể thao,nike pegasus trail,6600,0.52,0.17,Cao
Anh,UK,thể thao,hoka speedgoat,6600,0.61,0.43,Cao
Anh,UK,thể thao,on clouds women,6600,0.91,0.27,Cao
Anh,UK,thể thao,brooks adrenaline,5400,1.47,0.35,Cao
Anh,UK,thể thao,nike air zoom,5400,0.58,0.18,Cao
Anh,UK,thể thao,hoka sale,5400,0.60,0.23,Cao
Anh,UK,thể thao,nike trail running shoes,5400,0.61,0.14,Cao
Anh,UK,thể thao,on cloud womens,5400,1.10,0.27,Cao
Anh,UK,thể thao,altra lone peak,4400,0.62,0.21,Cao
Anh,UK,thể thao,salomon speedcross,4400,0.58,0.23,Cao
Anh,UK,thể thao,cloudmonster,4400,0.87,0.27,Cao
Anh,UK,thể thao,new balance 880,4400,0.54,0.20,Cao
Anh,UK,thể thao,ultraboost,3600,0.51,0.24,Cao
Anh,UK,thể thao,on cloud running shoes,3600,1.07,0.28,Cao
Anh,UK,thể thao,oc shoes,3600,1.04,0.27,Cao
Anh,UK,thể thao,on cloud 5,3600,1.01,0.28,Cao
Anh,UK,thể thao,saucony endorphin speed,3600,1.00,0.37,Cao
Anh,UK,thể thao,men's sneakers,3600,1.20,0.27,Cao
Anh,UK,thể thao,lululemon yoga mat,3600,2.26,0.39,Cao
Anh,UK,thể thao,salomon speedcross 6,3600,0.66,0.26,Cao
Anh,UK,thể thao,nike air zoom pegasus,3600,0.60,0.21,Cao
Anh,UK,thể thao,hoka arahi,3600,1.08,0.39,Cao
Anh,UK,thể thao,best trail running shoes,3600,1.40,0.43,Cao
Anh,UK,thể thao,nike trail,3600,0.65,0.17,Cao
Anh,UK,thể thao,mizuno wave rider,3600,0.83,0.33,Cao
Anh,UK,thể thao,hoka shoes women,2900,0.60,0.27,Cao
Anh,UK,thể thao,women's sneakers,2900,0.85,0.27,Cao
Anh,UK,thể thao,brooks running shoes women,2900,1.87,0.33,Cao
Anh,UK,thể thao,on running sale,2900,1.83,0.27,Cao
Anh,UK,thể thao,asics gt 1000,2900,0.55,0.20,Cao
Anh,UK,thể thao,hoka sneakers for women,2900,0.60,0.27,Cao
Anh,UK,thể thao,brooks cascadia,2900,1.32,0.32,Cao
Anh,UK,thể thao,hoka speedgoat 5,2400,0.61,0.30,Cao
Anh,UK,thể thao,nike air vapormax,2400,0.83,0.26,Cao
Anh,UK,thể thao,vaporfly,2400,0.79,0.25,Cao
Anh,UK,thể thao,waterproof running shoes,2400,1.08,0.31,Cao
Anh,UK,thể thao,saucony tempus,2400,1.03,0.27,Cao
Anh,UK,thể thao,hoka mafate speed 4,2400,0.61,0.37,Cao
Anh,UK,thể thao,nike revolution,2400,0.51,0.16,Cao
Anh,UK,thể thao,best yoga mat,1900,2.91,0.22,Cao
Anh,UK,thể thao,nike pegasus trail 4,1900,0.91,0.21,Cao
Anh,UK,thể thao,men's on cloud shoes,1900,1.23,0.28,Cao
Anh,UK,thể thao,nike downshifter 12,1900,0.53,0.17,Cao
Anh,UK,thể thao,on cloud womens shoes,1600,1.01,0.25,Cao
Anh,UK,thể thao,asics novablast 3,1600,0.46,0.18,Cao
Anh,UK,thể thao,on sneakers,1600,1.77,0.31,Cao
Anh,UK,thể thao,asics gel nimbus 25,1600,0.52,0.19,Cao
Anh,UK,thể thao,nike revolution 6,1600,0.56,0.16,Cao
Anh,UK,thể thao,hoka bondi 8 womens,1600,0.61,0.27,Cao
Anh,UK,thể thao,manduka yoga mat,1600,2.92,0.19,Cao
Anh,UK,thể thao,onrunning,1600,1.79,0.36,Cao
Anh,UK,thể thao,alo yoga mat,1600,1.63,0.17,Cao
Anh,UK,thể thao,nike pegasus trail 4 gore tex,1600,0.80,0.23,Cao
Anh,UK,thể thao,hoka shoes men,1600,0.61,0.27,Cao
Anh,UK,thể thao,hoka clifton 8,1300,0.61,0.31,Cao
Anh,UK,thể thao,brooks adrenaline gts 22,1300,1.20,0.32,Cao
Anh,UK,thể thao,nike pegasus 39,1300,0.85,0.25,Cao
Anh,UK,thể thao,hoka mach 5,1300,0.61,0.41,Cao
Anh,UK,thể thao,womens white sneakers,1300,0.91,0.27,Cao
Anh,UK,thể thao,nike invincible run 3,1300,0.63,0.22,Cao
Anh,UK,thể thao,black sneakers women,1300,0.93,0.27,Cao
Anh,UK,thể thao,altra escalante,1300,0.86,0.26,Cao
Anh,UK,thể thao,on cloud 5 waterproof,1300,1.17,0.37,Cao
Anh,UK,thể thao,asics sneakers,1000,0.41,0.15,Cao
Anh,UK,thể thao,nike air zoom pegasus 39,1000,0.68,0.20,Cao
Anh,UK,thể thao,asics gel kayano 29,1000,0.51,0.19,Cao
Anh,UK,thể thao,adidas ultra boost women,1000,0.62,0.22,Cao
Anh,UK,thể thao,on clouds shoes,1000,0.97,0.27,Cao
Anh,UK,thể thao,hoka kawana,1000,0.82,0.41,Cao
Anh,UK,thể thao,asics kayano 29,1000,0.51,0.19,Cao
Anh,UK,thể thao,clifton 9,1000,0.86,0.40,Cao
Anh,UK,thể thao,cork yoga mat,1000,1.61,0.36,Cao
Anh,UK,thời trang,adidas sambas,165000,0.45,0.25,Cao
Anh,UK,thời trang,new balance 530,135000,0.60,0.25,Cao
Anh,UK,thời trang,new balance trainers,135000,0.57,0.20,Cao
Anh,UK,thời trang,adidas trainers,110000,0.60,0.26,Cao
Anh,UK,thời trang,adidas campus,110000,0.52,0.30,Cao
Anh,UK,thời trang,nike shoes,90500,0.38,0.13,Cao
Anh,UK,thời trang,backpack,74000,1.08,0.27,Cao
Anh,UK,thời trang,nike air force 1,74000,0.55,0.27,Cao
Anh,UK,thời trang,adidas gazelle,74000,0.50,0.27,Cao
Anh,UK,thời trang,air force 1,60500,0.55,0.27,Cao
Anh,UK,thời trang,adidas shoes,60500,0.55,0.26,Cao
Anh,UK,thời trang,skechers shoes,60500,0.72,0.14,Cao
Anh,UK,thời trang,barefoot shoes,60500,1.60,0.58,Cao
Anh,UK,thời trang,yeezys,49500,0.54,0.14,Cao
Anh,UK,thời trang,new balance 327,40500,0.62,0.23,Cao
Anh,UK,thời trang,nike dunks,40500,0.45,0.22,Cao
Anh,UK,thời trang,on shoes,40500,1.66,0.27,Cao
Anh,UK,thời trang,adidas superstar,40500,0.46,0.28,Cao
Anh,UK,thời trang,on trainers,40500,1.87,0.30,Cao
Anh,UK,thời trang,new balance 2002r,33100,0.54,0.23,Cao
Anh,UK,thời trang,rucksack,33100,1.10,0.25,Cao
Anh,UK,thời trang,nike backpack,33100,0.34,0.10,Cao
Anh,UK,thời trang,boys school shoes,33100,0.88,0.29,Cao
Anh,UK,thời trang,adidas gazelle womens,33100,0.47,0.24,Cao
Anh,UK,thời trang,sneakers,27100,1.23,0.27,Cao
Anh,UK,thời trang,new balance 550,27100,0.57,0.19,Cao
Anh,UK,thời trang,new balance 574,27100,0.64,0.21,Cao
Anh,UK,thời trang,north face backpack,27100,0.40,0.05,Cao
Anh,UK,thời trang,nike metcon,27100,0.53,0.17,Cao
Anh,UK,thời trang,shoe stores near me,22200,1.13,0.25,Trung bình
Anh,UK,thời trang,air jordans,22200,0.41,0.14,Cao
Anh,UK,thời trang,converse high tops,18100,0.75,0.23,Cao
Anh,UK,thời trang,basketball shoes,18100,0.77,0.16,Cao
Anh,UK,thời trang,travel backpack,18100,1.08,0.27,Cao
Anh,UK,thời trang,reebok classic,18100,0.70,0.28,Cao
Anh,UK,thời trang,weekender bag,18100,0.77,0.21,Cao
Anh,UK,thời trang,shoes for women,18100,0.80,0.27,Cao
Anh,UK,thời trang,kids backpacks,18100,1.06,0.24,Cao
Anh,UK,thời trang,dior b22,18100,1.53,0.30,Cao
Anh,UK,thời trang,kids backpack,18100,1.06,0.24,Cao
Anh,UK,thời trang,backpack for women,18100,0.79,0.19,Cao
Anh,UK,thời trang,nike jordan,14800,0.38,0.15,Cao
Anh,UK,thời trang,puma shoes,14800,0.71,0.26,Cao
Anh,UK,thời trang,hiking shoes,14800,1.18,0.37,Cao
Anh,UK,thời trang,nike air max 1,14800,0.68,0.21,Cao
Anh,UK,thời trang,air max 1,14800,1.06,0.20,Cao
Anh,UK,thời trang,golden goose shoes,14800,0.58,0.11,Cao
Anh,UK,thời trang,steve madden trainers,14800,0.52,0.18,Cao
Anh,UK,thời trang,gym shoes,14800,0.98,0.27,Cao
Anh,UK,thời trang,nike air force 1 black,14800,0.71,0.27,Cao
Anh,UK,thời trang,jansport backpack,12100,0.63,0.12,Cao
Anh,UK,thời trang,nike blazers,12100,0.85,0.27,Cao
Anh,UK,thời trang,nike air jordan,12100,0.38,0.15,Cao
Anh,UK,thời trang,black air force 1,12100,0.70,0.27,Cao
Anh,UK,thời trang,vapormax,12100,0.75,0.27,Cao
Anh,UK,thời trang,leather backpack,12100,0.96,0.25,Cao
Anh,UK,thời trang,off white shoes,12100,0.52,0.19,Cao
Anh,UK,thời trang,jordan shoes,12100,0.28,0.12,Cao
Anh,UK,thời trang,waterproof backpack,12100,1.17,0.26,Cao
Anh,UK,thời trang,baby shoes,12100,1.32,0.21,Cao
Anh,UK,thời trang,nike shoes for men,12100,0.35,0.12,Cao
Anh,UK,thời trang,rains backpack,12100,1.26,0.11,Cao
Anh,UK,thời trang,skechers slip ons,9900,0.68,0.15,Cao
Anh,UK,thời trang,laptop backpack,9900,1.41,0.29,Cao
Anh,UK,thời trang,nike air max plus,9900,0.73,0.27,Cao
Anh,UK,thời trang,waterproof shoes,9900,1.14,0.34,Cao
Anh,UK,thời trang,white shoes,9900,1.04,0.27,Cao
Anh,UK,thời trang,patagonia backpack,9900,0.69,0.12,Cao
Anh,UK,thời trang,reebok club c 85,8100,0.81,0.38,Cao
Anh,UK,thời trang,air force 1 white,8100,0.64,0.27,Cao
Anh,UK,thời trang,toddler shoes,8100,1.34,0.27,Cao
Anh,UK,thời trang,yeezy foam runner,8100,0.61,0.19,Cao
Anh,UK,thời trang,adidas stan smith,8100,0.56,0.28,Cao
Anh,UK,thời trang,white converse,8100,0.66,0.25,Cao
Anh,UK,thời trang,adidas backpack,8100,0.56,0.19,Cao
Anh,UK,thời trang,lululemon backpack,8100,1.04,0.24,Cao
Anh,UK,thời trang,toddler backpack,8100,1.13,0.21,Cao
Anh,UK,thời trang,adidas samba og,8100,0.59,0.28,Cao
Anh,UK,thời trang,platform converse,6600,0.58,0.23,Cao
Anh,UK,thời trang,slip on shoes,6600,1.11,0.33,Cao
Anh,UK,thời trang,reebok shoes,6600,0.82,0.24,Cao
Anh,UK,thời trang,reebok club c,6600,0.83,0.36,Cao
Anh,UK,thời trang,alexander mcqueen shoes,6600,0.70,0.26,Cao
Anh,UK,thời trang,plantar fasciitis shoes,6600,1.10,0.28,Cao
Anh,UK,thời trang,adidas yeezy,6600,0.43,0.09,Cao
Anh,UK,thời trang,reebok nano,6600,1.05,0.33,Cao
Anh,UK,thời trang,laptop backpack for women,6600,1.07,0.24,Cao
Anh,UK,thời trang,golden goose sneakers,5400,0.68,0.15,Cao
Anh,UK,thời trang,air jordan 1,5400,0.37,0.17,Cao
Anh,UK,thời trang,nike air force 1 07,5400,0.67,0.27,Cao
Anh,UK,thời trang,snkrs,5400,1.11,0.28,Cao
Anh,UK,thời trang,converse chuck taylor,5400,0.58,0.24,Cao
Anh,UK,thời trang,best travel backpack,5400,1.30,0.42,Cao
Anh,UK,thời trang,yeezy shoes,5400,0.50,0.13,Cao
Anh,UK,thời trang,adidas ultraboost,5400,0.55,0.26,Cao
Anh,UK,thời trang,under armour shoes,5400,0.60,0.14,Cao
Anh,UK,thời trang,nike air force one,5400,0.65,0.27,Cao
Anh,UK,thời trang,new balance womens shoes,5400,0.53,0.20,Cao
Anh,UK,thời trang,under armour backpack,5400,0.65,0.15,Cao
Anh,UK,thời trang,coach backpack,5400,0.72,0.27,Cao
Anh,UK,thời trang,orthopedic shoes for women,5400,0.89,0.25,Cao
Anh,UK,thời trang,boys shoes,5400,1.01,0.27,Cao
Anh,UK,thời trang,mens casual shoes,5400,0.95,0.29,Cao
Anh,UK,thời trang,travel backpack for women,5400,0.91,0.21,Cao
Anh,UK,thời trang,adidas nmd,4400,0.73,0.22,Cao
Anh,UK,thời trang,tumi backpack,4400,1.52,0.24,Cao
Anh,UK,thời trang,nursing shoes,4400,0.99,0.24,Cao
Anh,UK,thời trang,nike air force 1 07 lv8,4400,0.69,0.29,Cao
Anh,UK,thời trang,fila shoes,4400,0.45,0.19,Cao
Anh,UK,thời trang,fjallraven kanken,4400,0.53,0.26,Cao
Anh,UK,thời trang,nike womens shoes,4400,0.35,0.13,Cao
Anh,UK,thời trang,mini backpack,4400,0.96,0.23,Cao
Anh,UK,thời trang,white sneakers,3600,1.19,0.27,Cao
Anh,UK,thời trang,new balance sneakers,3600,0.53,0.20,Cao
Anh,UK,thời trang,nike sneakers,3600,0.43,0.12,Cao
Anh,UK,thời trang,nike air force 1 women,3600,0.54,0.26,Cao
Anh,UK,thời trang,sneakers for women,3600,0.76,0.27,Cao
Anh,UK,thời trang,mens sneakers,3600,1.20,0.27,Cao
Anh,UK,thời trang,best walking shoes for women,2900,1.12,0.37,Cao
Anh,UK,thời trang,adidas sneakers,2900,0.54,0.25,Cao
Anh,UK,thời trang,backpacks for school,2900,0.74,0.21,Cao
Anh,UK,thời trang,nike air jordan 1,2400,0.43,0.19,Cao
Anh,UK,thời trang,new balance 237,2400,0.62,0.19,Cao
Anh,UK,thời trang,vejas,2400,0.80,0.26,Cao
Anh,UK,thời trang,nike blazer mid 77,1900,0.58,0.27,Cao
Anh,UK,thời trang,puma sneakers,1900,0.67,0.23,Cao
Anh,UK,thời trang,steel toe shoes,1900,1.18,0.28,Cao
Anh,UK,thời trang,non slip shoes,1900,0.93,0.21,Cao
Anh,UK,thời trang,alexander mcqueen sneakers,1900,0.95,0.30,Cao
Anh,UK,thời trang,nike dunk high,1900,0.65,0.25,Cao
Anh,UK,thời trang,nike metcon 8,1900,0.57,0.19,Cao
Anh,UK,thời trang,steve madden sneakers,1900,0.50,0.16,Cao
Anh,UK,thời trang,best shoes for standing all day,1900,1.10,0.41,Cao
Anh,UK,thời trang,off white sneakers,1900,0.64,0.18,Cao
Anh,UK,thời trang,white platform converse,1900,0.67,0.30,Cao
Anh,UK,thời trang,black high top converse,1900,0.78,0.32,Cao
Anh,UK,thời trang,nike blazer low,1900,0.76,0.27,Cao
Anh,UK,thời trang,white sneakers women,1600,0.96,0.27,Cao
Anh,UK,thời trang,prada sneakers,1600,1.10,0.26,Cao
Anh,UK,thời trang,dunks low,1600,0.56,0.25,Cao
Anh,UK,thời trang,most comfortable shoes,1600,1.31,0.51,Cao
Anh,UK,thời trang,adidas nmd r1,1300,0.73,0.17,Cao
Anh,UK,thời trang,platform sneakers,1300,1.20,0.29,Cao
Anh,UK,thời trang,lamelo ball shoes,1300,0.63,0.18,Cao
Anh,UK,thời trang,nike air vapormax plus,1300,1.07,0.27,Cao
Anh,UK,thời trang,lanvin sneakers,1000,1.56,0.30,Cao
Anh,UK,thời trang,veja sneakers women,1000,0.57,0.16,Cao
Anh,UK,thời trang,balenciaga sneakers,1000,0.95,0.23,Cao
Anh,UK,thời trang,best shoes for nurses,1000,1.13,0.42,Cao
Anh,UK,thời trang,air force 1 07,1000,0.62,0.27,Cao
Anh,UK,thời trang,new balance 5740,1000,0.86,0.35,Cao
Anh,UK,điện tử,smart watch,60500,1.34,0.23,Cao
Anh,UK,điện tử,samsung watches,49500,0.94,0.20,Cao
Anh,UK,điện tử,earbuds,40500,2.66,0.39,Cao
Anh,UK,điện tử,smart watch ladies,27100,1.34,0.22,Cao
Anh,UK,điện tử,samsung earbuds,22200,1.00,0.23,Cao
Anh,UK,điện tử,samsung smart watch,22200,0.94,0.19,Cao
Anh,UK,điện tử,smart watches for men,22200,1.39,0.26,Cao
Anh,UK,điện tử,earpods,18100,1.40,0.22,Cao
Anh,UK,điện tử,bose ear buds,18100,0.92,0.28,Cao
Anh,UK,điện tử,wireless earbuds,14800,2.16,0.28,Cao
Anh,UK,điện tử,noise cancelling earbuds,14800,2.41,0.70,Cao
Anh,UK,điện tử,smartwatch,12100,1.35,0.25,Cao
Anh,UK,điện tử,kids smart watch,12100,0.76,0.20,Cao
Anh,UK,điện tử,beats earbuds,12100,0.59,0.16,Cao
Anh,UK,điện tử,sony earbuds,12100,0.76,0.19,Cao
Anh,UK,điện tử,best earbuds,9900,1.70,0.41,Cao
Anh,UK,điện tử,jbl earbuds,9900,1.26,0.28,Cao
Anh,UK,điện tử,jlab earbuds,9900,1.12,0.25,Cao
Anh,UK,điện tử,radley smart watch,9900,0.48,0.12,Cao
Anh,UK,điện tử,best wireless earbuds,8100,1.77,0.34,Cao
Anh,UK,điện tử,bose quietcomfort earbuds,8100,1.05,0.32,Cao
Anh,UK,điện tử,garmin smartwatch,8100,0.66,0.16,Cao
Anh,UK,điện tử,apple earbuds,8100,0.82,0.15,Cao
Anh,UK,điện tử,wireless earphones,8100,2.20,0.23,Cao
Anh,UK,điện tử,huawei smart watch,8100,0.69,0.18,Cao
Anh,UK,điện tử,bluetooth earbuds,6600,1.73,0.26,Cao
Anh,UK,điện tử,beats fit pro,6600,0.79,0.17,Cao
Anh,UK,điện tử,best noise cancelling earbuds,6600,2.29,0.48,Cao
Anh,UK,điện tử,soundcore earbuds,6600,0.90,0.25,Cao
Anh,UK,điện tử,best headphones for running,6600,1.15,0.32,Cao
Anh,UK,điện tử,smart watch for kids,5400,0.68,0.17,Cao
Anh,UK,điện tử,apple smart watch,5400,0.93,0.19,Cao
Anh,UK,điện tử,sleep earbuds,5400,2.22,0.45,Cao
Anh,UK,điện tử,air buds,5400,2.66,0.26,Cao
Anh,UK,điện tử,raycon earbuds,4400,0.59,0.32,Cao
Anh,UK,điện tử,best smartwatch,4400,1.39,0.35,Cao
Anh,UK,điện tử,samsung airpods,4400,0.98,0.19,Cao
Anh,UK,điện tử,bluetooth earphones,4400,1.95,0.23,Cao
Anh,UK,điện tử,fitness watches for women,4400,1.39,0.28,Cao
Anh,UK,điện tử,jlab go air pop,4400,0.90,0.21,Cao
Anh,UK,điện tử,garmin smart watch,4400,0.55,0.17,Cao
Anh,UK,điện tử,beats studio buds,3600,0.77,0.15,Cao
Anh,UK,điện tử,skullcandy earbuds,3600,0.48,0.13,Cao
Anh,UK,điện tử,best airpods,3600,1.02,0.25,Cao
Anh,UK,điện tử,best earbuds for running,3600,1.34,0.34,Cao
Anh,UK,điện tử,samsung fitness watch,3600,0.92,0.19,Cao
Anh,UK,điện tử,sony earphones,3600,0.58,0.18,Cao
Anh,UK,điện tử,samsung smartwatch,2900,1.00,0.22,Cao
Anh,UK,điện tử,powerbeats pro,2900,0.84,0.17,Cao
Anh,UK,điện tử,android smartwatch,2900,1.26,0.18,Cao
Anh,UK,điện tử,sony linkbuds s,2900,0.68,0.21,Cao
Anh,UK,điện tử,best smartwatch for android,2900,1.35,0.34,Cao
Anh,UK,điện tử,jabra earbuds,2900,1.00,0.16,Cao
Anh,UK,điện tử,bose earphones,2900,0.93,0.27,Cao
Anh,UK,điện tử,fitness watches for men,2900,1.93,0.39,Cao
Anh,UK,điện tử,sony linkbuds,2900,0.68,0.21,Cao
Anh,UK,điện tử,marshall earbuds,2900,0.82,0.23,Cao
Anh,UK,điện tử,galaxy earbuds,2400,1.01,0.24,Cao
Anh,UK,điện tử,google earbuds,2400,0.89,0.21,Cao
Anh,UK,điện tử,best earphones,2400,1.93,0.43,Cao
Anh,UK,điện tử,michael kors smartwatch,1900,0.97,0.25,Cao
Anh,UK,điện tử,google smartwatch,1900,1.34,0.18,Cao
Anh,UK,điện tử,xiaomi smartwatch,1900,0.28,0.09,Cao
Anh,UK,điện tử,fitbit smartwatch,1900,0.54,0.16,Cao
Anh,UK,điện tử,tag heuer smartwatch,1900,1.30,0.26,Cao
Anh,UK,điện tử,samsung galaxy earbuds,1900,1.04,0.27,Cao
Anh,UK,điện tử,g shock smart watch,1900,0.54,0.09,Cao
Anh,UK,điện tử,kids gps watch,1900,1.17,0.22,Cao
Anh,UK,điện tử,best smart watches,1900,1.48,0.38,Cao
Anh,UK,điện tử,beats airpods,1900,0.38,0.22,Cao
Anh,UK,điện tử,tws earbuds,1900,2.66,0.29,Cao
Anh,UK,điện tử,samsung watches for women,1900,1.00,0.21,Cao
Anh,UK,điện tử,sennheiser earbuds,1900,0.83,0.18,Cao
Anh,UK,điện tử,powerbeats,1900,0.91,0.17,Cao
Anh,UK,điện tử,smart watch women,1600,1.34,0.21,Cao
Anh,UK,điện tử,best bluetooth earbuds,1600,1.54,0.35,Cao
Anh,UK,điện tử,jbl airpods,1600,0.92,0.22,Cao
Anh,UK,điện tử,tag connected,1600,1.90,0.47,Cao
Anh,UK,điện tử,gaming earbuds,1600,1.35,0.20,Cao
Anh,UK,điện tử,beats powerbeats pro,1600,0.97,0.19,Cao
Anh,UK,điện tử,android watch,1300,1.21,0.18,Cao
Anh,UK,điện tử,kids watch phone,1300,1.06,0.18,Cao
Anh,UK,điện tử,jabra elite,1300,0.94,0.19,Cao
Anh,UK,điện tử,waterproof earbuds,1300,0.88,0.18,Cao
Anh,UK,điện tử,samsung galaxy smartwatch,1300,1.01,0.22,Cao
Anh,UK,điện tử,google smart watch,1300,1.34,0.19,Cao
Anh,UK,điện tử,beats wireless earbuds,1300,0.53,0.21,Cao
Anh,UK,điện tử,fit watch,1300,1.57,0.19,Cao
Anh,UK,điện tử,beats buds,1300,0.66,0.16,Cao
Anh,UK,điện tử,tozo earbuds,1300,0.94,0.14,Cao
Anh,UK,điện tử,sony wireless earbuds,1300,0.79,0.19,Cao
Anh,UK,điện tử,google pixel smartwatch,1300,1.34,0.20,Cao
Anh,UK,điện tử,google pixel earbuds,1300,0.88,0.19,Cao
Anh,UK,điện tử,smart watch for boys,1300,1.20,0.18,Cao
Anh,UK,điện tử,fossil smartwatch,1000,1.26,0.17,Cao
Anh,UK,điện tử,bose sport earbuds,1000,0.89,0.25,Cao
Anh,UK,điện tử,bose quietcomfort earbuds 2,1000,0.98,0.33,Cao
Anh,UK,điện tử,sony wf c500,1000,0.51,0.15,Cao
Anh,UK,điện tử,samsung wireless earbuds,1000,0.97,0.23,Cao
Anh,UK,điện tử,jbl wireless earbuds,1000,1.00,0.22,Cao
Anh,UK,điện tử,oppo watch,1000,0.78,0.13,Cao
Anh,UK,điện tử,smartwatches,1000,1.42,0.35,Cao
Anh,UK,điện tử,bose airpods,1000,0.84,0.22,Cao
Anh,UK,điện tử,bose qc earbuds 2,1000,0.98,0.33,Cao
Anh,UK,điện tử,samsung watches for men,1000,1.01,0.25,Cao
Anh,UK,điện tử,waterproof smart watch,1000,1.23,0.21,Cao
Hoa Kỳ,US,gia dụng,air fryer,550000,0.80,0.22,Cao
Hoa Kỳ,US,gia dụng,ninja air fryer,301000,0.77,0.19,Cao
Hoa Kỳ,US,gia dụng,robot vacuum,135000,2.48,0.82,Cao
Hoa Kỳ,US,gia dụng,roomba,135000,3.39,0.63,Cao
Hoa Kỳ,US,gia dụng,robot vacuum cleaner,135000,2.48,0.82,Cao
Hoa Kỳ,US,gia dụng,automatic vacuum cleaner,135000,2.48,0.82,Cao
Hoa Kỳ,US,gia dụng,airfryer,74000,0.99,0.19,Cao
Hoa Kỳ,US,gia dụng,best air fryer,74000,0.97,0.37,Cao
Hoa Kỳ,US,gia dụng,gourmia air fryer,74000,0.35,0.11,Cao
Hoa Kỳ,US,gia dụng,best robot vacuum,60500,3.03,0.85,Cao
Hoa Kỳ,US,gia dụng,best robot vacuum cleaner,60500,3.03,0.85,Cao
Hoa Kỳ,US,gia dụng,best automatic vacuum,60500,3.03,0.85,Cao
Hoa Kỳ,US,gia dụng,ninja foodi,49500,0.74,0.18,Cao
Hoa Kỳ,US,gia dụng,robot vacuum and mop,49500,2.77,0.94,Cao
Hoa Kỳ,US,gia dụng,cosori air fryer,49500,1.61,0.52,Cao
Hoa Kỳ,US,gia dụng,roomba vacuum,40500,2.17,0.52,Cao
Hoa Kỳ,US,gia dụng,ninja grill,40500,0.77,0.15,Cao
Hoa Kỳ,US,gia dụng,shark robot vacuum,33100,1.97,0.54,Cao
Hoa Kỳ,US,gia dụng,powerxl air fryer,33100,0.51,0.12,Cao
Hoa Kỳ,US,gia dụng,fryer,33100,1.82,0.20,Cao
Hoa Kỳ,US,gia dụng,non toxic air fryer,33100,2.74,0.29,Cao
Hoa Kỳ,US,gia dụng,ninja foodi air fryer,27100,0.59,0.18,Cao
Hoa Kỳ,US,gia dụng,cuisinart air fryer,27100,0.61,0.14,Cao
Hoa Kỳ,US,gia dụng,best robot vacuum and mop,27100,3.67,0.98,Cao
Hoa Kỳ,US,gia dụng,emeril lagasse air fryer,22200,0.70,0.23,Cao
Hoa Kỳ,US,gia dụng,chefman air fryer,22200,0.60,0.16,Cao
Hoa Kỳ,US,gia dụng,roborock vacuum,22200,2.52,0.93,Cao
Hoa Kỳ,US,gia dụng,best robot vacuum for pet hair,18100,3.65,0.99,Cao
Hoa Kỳ,US,gia dụng,instant pot air fryer,18100,0.57,0.19,Cao
Hoa Kỳ,US,gia dụng,stainless steel air fryer,18100,1.98,0.21,Cao
Hoa Kỳ,US,gia dụng,dreame vacuum,18100,4.25,1.00,Cao
Hoa Kỳ,US,gia dụng,air fryer ninja,14800,0.70,0.18,Cao
Hoa Kỳ,US,gia dụng,breville air fryer,14800,0.88,0.11,Cao
Hoa Kỳ,US,gia dụng,instant vortex plus air fryer,14800,0.58,0.19,Cao
Hoa Kỳ,US,gia dụng,ninja foodi grill,12100,0.51,0.12,Cao
Hoa Kỳ,US,gia dụng,small air fryer,12100,0.58,0.17,Cao
Hoa Kỳ,US,gia dụng,vacuum mop,12100,1.06,0.53,Cao
Hoa Kỳ,US,gia dụng,ninja pressure cooker,12100,0.62,0.17,Cao
Hoa Kỳ,US,gia dụng,nuwave air fryer,12100,1.00,0.36,Cao
Hoa Kỳ,US,gia dụng,eufy robot vacuum,12100,2.00,0.48,Cao
Hoa Kỳ,US,gia dụng,ecovac,12100,2.91,0.76,Cao
Hoa Kỳ,US,gia dụng,robot mop,9900,1.75,0.79,Cao
Hoa Kỳ,US,gia dụng,large air fryer,9900,0.68,0.25,Cao
Hoa Kỳ,US,gia dụng,roomba vacuum and mop,9900,2.19,0.72,Cao
Hoa Kỳ,US,gia dụng,dyson robot vacuum,9900,2.49,0.46,Cao
Hoa Kỳ,US,gia dụng,cheap air fryer,9900,0.77,0.13,Cao
Hoa Kỳ,US,gia dụng,self emptying robot vacuum,9900,2.85,0.95,Cao
Hoa Kỳ,US,gia dụng,ninja indoor grill,9900,0.59,0.12,Cao
Hoa Kỳ,US,gia dụng,electric turkey fryer,9900,0.45,0.15,Cao
Hoa Kỳ,US,gia dụng,air fryers on sale,8100,0.82,0.20,Cao
Hoa Kỳ,US,gia dụng,instant vortex air fryer,8100,0.54,0.18,Cao
Hoa Kỳ,US,gia dụng,eufy vacuum,8100,1.40,0.17,Cao
Hoa Kỳ,US,gia dụng,sur la table air fryer,8100,0.47,0.05,Cao
Hoa Kỳ,US,gia dụng,mini air fryer,8100,0.42,0.13,Cao
Hoa Kỳ,US,gia dụng,narwal vacuum,8100,2.92,0.80,Cao
Hoa Kỳ,US,gia dụng,ninja dual air fryer,6600,0.66,0.21,Cao
Hoa Kỳ,US,gia dụng,ninja air fryer max xl,6600,0.74,0.23,Cao
Hoa Kỳ,US,gia dụng,irobot vacuum,6600,2.33,0.54,Cao
Hoa Kỳ,US,gia dụng,power xl,6600,0.56,0.13,Cao
Hoa Kỳ,US,gia dụng,roomba j7+,5400,1.67,0.41,Cao
Hoa Kỳ,US,gia dụng,eufy robovac,5400,2.21,0.52,Cao
Hoa Kỳ,US,gia dụng,kalorik air fryer,5400,0.46,0.11,Cao
Hoa Kỳ,US,gia dụng,best airfryer,5400,1.29,0.39,Cao
Hoa Kỳ,US,gia dụng,aiper pool vacuum,5400,3.90,0.87,Cao
Hoa Kỳ,US,gia dụng,ninja cooker,5400,0.61,0.16,Cao
Hoa Kỳ,US,gia dụng,shark robot vacuum and mop,5400,2.08,0.62,Cao
Hoa Kỳ,US,gia dụng,instant pot duo crisp,5400,0.77,0.21,Cao
Hoa Kỳ,US,gia dụng,robot floor cleaner,5400,2.47,0.85,Cao
Hoa Kỳ,US,gia dụng,dash air fryer,5400,0.46,0.13,Cao
Hoa Kỳ,US,gia dụng,ninja speedi,4400,0.44,0.13,Cao
Hoa Kỳ,US,gia dụng,robovac,4400,2.08,0.68,Cao
Hoa Kỳ,US,gia dụng,roomba mop,4400,1.32,0.59,Cao
Hoa Kỳ,US,gia dụng,ninja multi cooker,4400,0.66,0.14,Cao
Hoa Kỳ,US,gia dụng,robot roomba,4400,1.69,0.42,Cao
Hoa Kỳ,US,gia dụng,instant air fryer,4400,0.57,0.17,Cao
Hoa Kỳ,US,gia dụng,irobot roomba i3,4400,0.87,0.20,Cao
Hoa Kỳ,US,gia dụng,amazon air fryer,4400,0.57,0.15,Cao
Hoa Kỳ,US,gia dụng,robot vacuum for pet hair,4400,2.77,0.85,Cao
Hoa Kỳ,US,gia dụng,robot cleaner,4400,2.43,0.80,Cao
Hoa Kỳ,US,gia dụng,french door air fryer,4400,0.88,0.28,Cao
Hoa Kỳ,US,gia dụng,emeril lagasse air fryer 360,4400,0.77,0.21,Cao
Hoa Kỳ,US,gia dụng,automatic vacuum,4400,2.29,0.77,Cao
Hoa Kỳ,US,gia dụng,instant vortex plus,4400,0.72,0.19,Cao
Hoa Kỳ,US,gia dụng,dual air fryer,3600,0.81,0.27,Cao
Hoa Kỳ,US,gia dụng,deebot,3600,2.04,0.55,Cao
Hoa Kỳ,US,gia dụng,double air fryer,3600,0.72,0.24,Cao
Hoa Kỳ,US,gia dụng,irobot roomba j7+,3600,1.95,0.48,Cao
Hoa Kỳ,US,gia dụng,best robot mop,3600,2.86,0.86,Cao
Hoa Kỳ,US,gia dụng,commercial air fryer,3600,3.08,0.32,Cao
Hoa Kỳ,US,gia dụng,ninja double air fryer,3600,0.65,0.19,Cao
Hoa Kỳ,US,gia dụng,airfryer ninja,3600,0.71,0.16,Cao
Hoa Kỳ,US,gia dụng,ninja grill air fryer,3600,0.62,0.19,Cao
Hoa Kỳ,US,gia dụng,ninja foodi xl,3600,0.90,0.25,Cao
Hoa Kỳ,US,gia dụng,dual basket air fryer,3600,0.87,0.30,Cao
Hoa Kỳ,US,gia dụng,air fryer price,3600,0.52,0.11,Cao
Hoa Kỳ,US,gia dụng,roomba i7,2900,1.01,0.24,Cao
Hoa Kỳ,US,gia dụng,ecovacs deebot,2900,2.05,0.67,Cao
Hoa Kỳ,US,gia dụng,best roomba for pet hair,2900,3.26,0.89,Cao
Hoa Kỳ,US,gia dụng,roomba i3,2900,0.80,0.20,Cao
Hoa Kỳ,US,gia dụng,best roomba,2900,2.95,0.78,Cao
Hoa Kỳ,US,gia dụng,air fryer black friday deals,2900,0.70,0.20,Trung bình
Hoa Kỳ,US,gia dụng,white air fryer,2900,1.40,0.21,Cao
Hoa Kỳ,US,gia dụng,ninja xl air fryer,2900,0.67,0.21,Cao
Hoa Kỳ,US,gia dụng,roborock q5,2900,2.11,0.93,Cao
Hoa Kỳ,US,gia dụng,best small air fryer,2900,0.88,0.42,Cao
Hoa Kỳ,US,gia dụng,best rated air fryer,2900,1.16,0.40,Cao
Hoa Kỳ,US,gia dụng,air fryer amazon,2900,0.50,0.15,Cao
Hoa Kỳ,US,gia dụng,breville air fryer pro,2900,1.09,0.24,Cao
Hoa Kỳ,US,gia dụng,crux air fryer,2900,0.51,0.15,Cao
Hoa Kỳ,US,gia dụng,roomba s9+,2400,1.68,0.42,Cao
Hoa Kỳ,US,gia dụng,roomba j7,2400,1.02,0.28,Cao
Hoa Kỳ,US,gia dụng,narwal robot,2400,3.42,0.64,Cao
Hoa Kỳ,US,gia dụng,roomba sale,2400,2.62,0.65,Trung bình
Hoa Kỳ,US,gia dụng,roomba 694,1900,1.01,0.25,Cao
Hoa Kỳ,US,gia dụng,top rated air fryer,1900,1.14,0.41,Cao
Hoa Kỳ,US,gia dụng,air fryer deals,1900,0.94,0.20,Cao
Hoa Kỳ,US,gia dụng,best roomba vacuum,1900,3.08,0.84,Cao
Hoa Kỳ,US,gia dụng,samsung robot vacuum,1900,2.11,0.52,Cao
Hoa Kỳ,US,gia dụng,irobot vacuum and mop,1900,2.16,0.62,Cao
Hoa Kỳ,US,gia dụng,vacuum mop robot,1900,2.52,0.90,Cao
Hoa Kỳ,US,gia dụng,vortex air fryer,1600,0.54,0.21,Cao
Hoa Kỳ,US,gia dụng,robot vacuum black friday,1600,0.00,0.00,Thấp
Hoa Kỳ,US,gia dụng,deebot vacuum,1600,1.62,0.40,Cao
Hoa Kỳ,US,gia dụng,ninja air fryer dual,1300,0.76,0.23,Cao
Hoa Kỳ,US,gia dụng,irobot roomba s9+,1300,1.91,0.40,Cao
Hoa Kỳ,US,gia dụng,roomba s9,1300,1.17,0.30,Cao
Hoa Kỳ,US,gia dụng,ninja dual,1300,0.86,0.25,Cao
Hoa Kỳ,US,gia dụng,best ninja air fryer,1300,0.69,0.28,Cao
Hoa Kỳ,US,gia dụng,roomba irobot,1300,2.99,0.48,Cao
Hoa Kỳ,US,gia dụng,vacuum and mop in one,1300,1.06,0.51,Cao
Hoa Kỳ,US,gia dụng,roomba e5,1000,0.80,0.20,Cao
Hoa Kỳ,US,gia dụng,rumba sweeper,1000,2.15,0.69,Cao
Hoa Kỳ,US,gia dụng,roomba i5,1000,0.85,0.27,Cao
Hoa Kỳ,US,gia dụng,power xl vortex air fryer,1000,0.43,0.13,Cao
Hoa Kỳ,US,gia dụng,ninja max air fryer,1000,0.54,0.14,Cao
Hoa Kỳ,US,làm đẹp,dyson hair dryer,201000,2.25,0.52,Cao
Hoa Kỳ,US,làm đẹp,moisturizer for dry skin,201000,3.27,0.52,Trung bình
Hoa Kỳ,US,làm đẹp,dyson supersonic hair dryer,165000,2.00,0.44,Cao
Hoa Kỳ,US,làm đẹp,cerave moisturizing cream,165000,1.75,0.20,Cao
Hoa Kỳ,US,làm đẹp,eye cream for dark circles,135000,2.44,0.30,Trung bình
Hoa Kỳ,US,làm đẹp,shark hair dryer,90500,2.21,0.49,Cao
Hoa Kỳ,US,làm đẹp,eltamd sunscreen,90500,3.22,0.50,Cao
Hoa Kỳ,US,làm đẹp,korean skincare,90500,2.59,0.53,Cao
Hoa Kỳ,US,làm đẹp,shark blow dryer,90500,2.21,0.49,Cao
Hoa Kỳ,US,làm đẹp,korean skin care,90500,2.59,0.53,Cao
Hoa Kỳ,US,làm đẹp,hair dryer,74000,2.29,0.36,Cao
Hoa Kỳ,US,làm đẹp,niacinamide serum,74000,2.50,0.51,Cao
Hoa Kỳ,US,làm đẹp,moisturizer,74000,3.91,0.60,Cao
Hoa Kỳ,US,làm đẹp,dove body wash,74000,1.33,0.17,Cao
Hoa Kỳ,US,làm đẹp,blow dryer,74000,2.15,0.44,Cao
Hoa Kỳ,US,làm đẹp,la roche posay cleanser,74000,0.72,0.19,Cao
Hoa Kỳ,US,làm đẹp,la roche posay moisturizer,74000,0.94,0.20,Cao
Hoa Kỳ,US,làm đẹp,bubble skincare,74000,0.70,0.06,Cao
Hoa Kỳ,US,làm đẹp,wrinkle cream,74000,3.04,1.10,Thấp
Hoa Kỳ,US,làm đẹp,cetaphil gentle skin cleanser,60500,1.81,0.24,Cao
Hoa Kỳ,US,làm đẹp,cerave foaming facial cleanser,60500,2.06,0.27,Cao
Hoa Kỳ,US,làm đẹp,retinol cream,40500,2.51,0.51,Cao
Hoa Kỳ,US,làm đẹp,salicylic acid cleanser,40500,2.87,0.31,Cao
Hoa Kỳ,US,làm đẹp,cerave hydrating cleanser,40500,2.11,0.31,Cao
Hoa Kỳ,US,làm đẹp,hair diffuser,40500,0.84,0.17,Cao
Hoa Kỳ,US,làm đẹp,best face moisturizer,33100,1.83,0.20,Cao
Hoa Kỳ,US,làm đẹp,sunscreen for face,33100,3.37,0.35,Cao
Hoa Kỳ,US,làm đẹp,face moisturizer,33100,3.29,0.31,Cao
Hoa Kỳ,US,làm đẹp,blow dryer brush,33100,1.50,0.28,Cao
Hoa Kỳ,US,làm đẹp,cerave moisturizer,33100,1.68,0.19,Cao
Hoa Kỳ,US,làm đẹp,face cleanser,33100,4.87,0.52,Cao
Hoa Kỳ,US,làm đẹp,rhode skincare,33100,0.55,0.15,Cao
Hoa Kỳ,US,làm đẹp,diffuser hair dryer,33100,0.97,0.17,Cao
Hoa Kỳ,US,làm đẹp,the ordinary skincare,27100,0.69,0.09,Cao
Hoa Kỳ,US,làm đẹp,cerave cleanser,27100,1.80,0.27,Cao
Hoa Kỳ,US,làm đẹp,dyson blow dryer,27100,2.00,0.47,Cao
Hoa Kỳ,US,làm đẹp,best hair dryer,27100,2.36,0.51,Cao
Hoa Kỳ,US,làm đẹp,cetaphil moisturizing cream,27100,2.00,0.23,Cao
Hoa Kỳ,US,làm đẹp,timeless vitamin c,27100,1.94,0.61,Cao
Hoa Kỳ,US,làm đẹp,body lotion,27100,2.78,0.45,Cao
Hoa Kỳ,US,làm đẹp,aveeno eczema therapy,27100,2.00,0.20,Cao
Hoa Kỳ,US,làm đẹp,eye cream for bags,27100,2.50,0.31,Cao
Hoa Kỳ,US,làm đẹp,dyson supersonic,22200,2.00,0.52,Cao
Hoa Kỳ,US,làm đẹp,best eye cream,22200,3.30,0.19,Cao
Hoa Kỳ,US,làm đẹp,paula's choice bha,22200,1.03,0.36,Cao
Hoa Kỳ,US,làm đẹp,dyson hair,22200,2.00,0.42,Cao
Hoa Kỳ,US,làm đẹp,dyson hairdryer,22200,2.00,0.52,Cao
Hoa Kỳ,US,làm đẹp,isdin sunscreen,22200,2.03,0.35,Cao
Hoa Kỳ,US,làm đẹp,olay regenerist,22200,0.87,0.16,Cao
Hoa Kỳ,US,làm đẹp,nivea creme,22200,0.74,0.16,Cao
Hoa Kỳ,US,làm đẹp,best facial cleanser,22200,2.50,0.18,Cao
Hoa Kỳ,US,làm đẹp,moisturizer with spf,22200,2.38,0.22,Cao
Hoa Kỳ,US,làm đẹp,best body wash for men,22200,3.50,0.19,Cao
Hoa Kỳ,US,làm đẹp,l ange hair dryer,22200,1.49,0.60,Cao
Hoa Kỳ,US,làm đẹp,best moisturizer for dry skin,18100,3.05,0.27,Cao
Hoa Kỳ,US,làm đẹp,stretch mark cream,18100,2.50,0.28,Cao
Hoa Kỳ,US,làm đẹp,hair dryer brush,18100,1.51,0.29,Cao
Hoa Kỳ,US,làm đẹp,best lip balm,18100,1.00,0.13,Cao
Hoa Kỳ,US,làm đẹp,moisturizer for oily skin,18100,1.50,0.18,Cao
Hoa Kỳ,US,làm đẹp,cleanser,18100,4.87,0.90,Cao
Hoa Kỳ,US,làm đẹp,tatcha moisturizer,18100,1.48,0.32,Cao
Hoa Kỳ,US,làm đẹp,revlon blow dryer brush,18100,0.60,0.20,Cao
Hoa Kỳ,US,làm đẹp,skincare gift set,18100,4.95,0.60,Cao
Hoa Kỳ,US,làm đẹp,the ordinary glycolic acid 7 toning solution,18100,0.74,0.31,Thấp
Hoa Kỳ,US,làm đẹp,byoma skincare,18100,0.73,0.18,Cao
Hoa Kỳ,US,làm đẹp,tula skincare,14800,4.39,0.57,Cao
Hoa Kỳ,US,làm đẹp,best eye cream for dark circles,14800,2.60,0.28,Cao
Hoa Kỳ,US,làm đẹp,revlon hair dryer brush,14800,0.84,0.18,Cao
Hoa Kỳ,US,làm đẹp,best vitamin c serum for face,14800,2.85,0.30,Cao
Hoa Kỳ,US,làm đẹp,cetaphil moisturizer,14800,2.00,0.32,Cao
Hoa Kỳ,US,làm đẹp,t3 hair dryer,14800,1.23,0.41,Cao
Hoa Kỳ,US,làm đẹp,laifen hair dryer,14800,1.61,0.70,Cao
Hoa Kỳ,US,làm đẹp,best moisturizer,14800,2.64,0.21,Cao
Hoa Kỳ,US,làm đẹp,revair hair dryer,14800,0.74,0.07,Cao
Hoa Kỳ,US,làm đẹp,oil cleanser,14800,2.67,0.21,Cao
Hoa Kỳ,US,làm đẹp,korean skin care products,14800,2.63,0.40,Cao
Hoa Kỳ,US,làm đẹp,zo skin care,14800,4.45,0.96,Cao
Hoa Kỳ,US,làm đẹp,cerave moisturizing lotion,14800,1.89,0.19,Cao
Hoa Kỳ,US,làm đẹp,eye cream for wrinkles,14800,3.37,0.32,Cao
Hoa Kỳ,US,làm đẹp,oil free moisturizer,14800,1.83,0.23,Cao
Hoa Kỳ,US,làm đẹp,nivea cream,14800,1.03,0.15,Cao
Hoa Kỳ,US,làm đẹp,foot cream,14800,1.44,0.20,Cao
Hoa Kỳ,US,làm đẹp,musely spot cream,12100,2.38,0.89,Cao
Hoa Kỳ,US,làm đẹp,cetaphil cleanser,12100,2.22,0.33,Cao
Hoa Kỳ,US,làm đẹp,best under eye cream,12100,2.76,0.24,Cao
Hoa Kỳ,US,làm đẹp,retinol eye cream,12100,2.63,0.24,Cao
Hoa Kỳ,US,làm đẹp,clinique moisturizer,12100,0.79,0.29,Cao
Hoa Kỳ,US,làm đẹp,neck cream,12100,3.19,0.31,Cao
Hoa Kỳ,US,làm đẹp,tinted lip balm,12100,3.01,0.55,Cao
Hoa Kỳ,US,làm đẹp,best face moisturizer for dry skin,12100,1.77,0.19,Cao
Hoa Kỳ,US,làm đẹp,shark hair,12100,2.26,0.45,Cao
Hoa Kỳ,US,làm đẹp,bubble moisturizer,12100,0.77,0.16,Cao
Hoa Kỳ,US,làm đẹp,cetaphil moisturizing lotion,12100,2.32,0.21,Cao
Hoa Kỳ,US,làm đẹp,revlon hair dryer,12100,2.37,0.18,Cao
Hoa Kỳ,US,làm đẹp,best eye cream for wrinkles,9900,3.32,0.24,Cao
Hoa Kỳ,US,làm đẹp,strivectin neck cream,9900,2.69,0.41,Cao
Hoa Kỳ,US,làm đẹp,olay retinol 24,9900,0.76,0.09,Cao
Hoa Kỳ,US,làm đẹp,shiseido eye cream,9900,3.36,0.42,Cao
Hoa Kỳ,US,làm đẹp,under eye cream,9900,2.99,0.35,Cao
Hoa Kỳ,US,làm đẹp,clinique dramatically different moisturizing lotion,9900,1.03,0.33,Cao
Hoa Kỳ,US,làm đẹp,cetaphil lotion,9900,2.08,0.24,Cao
Hoa Kỳ,US,làm đẹp,cerave foaming cleanser,9900,2.33,0.30,Cao
Hoa Kỳ,US,làm đẹp,babyliss hair dryer,9900,1.01,0.33,Cao
Hoa Kỳ,US,làm đẹp,tatcha skin care,9900,2.42,0.35,Cao
Hoa Kỳ,US,làm đẹp,blowout brush,9900,1.26,0.23,Cao
Hoa Kỳ,US,làm đẹp,shark hair styler,8100,2.50,0.49,Cao
Hoa Kỳ,US,làm đẹp,best wrinkle cream,8100,2.63,0.43,Cao
Hoa Kỳ,US,làm đẹp,best blow dryer,8100,2.35,0.50,Cao
Hoa Kỳ,US,làm đẹp,murad skin care,8100,3.91,0.55,Cao
Hoa Kỳ,US,làm đẹp,kiehl's eye cream,8100,1.58,0.32,Cao
Hoa Kỳ,US,làm đẹp,best under eye cream for dark circles,8100,2.35,0.28,Cao
Hoa Kỳ,US,làm đẹp,anti wrinkle cream,8100,2.93,0.97,Cao
Hoa Kỳ,US,làm đẹp,the ordinary squalane cleanser,8100,0.69,0.24,Trung bình
Hoa Kỳ,US,làm đẹp,elemis skincare,6600,3.21,0.41,Cao
Hoa Kỳ,US,làm đẹp,peter thomas roth eye cream,6600,1.15,0.27,Cao
Hoa Kỳ,US,làm đẹp,best neck cream,6600,2.80,0.26,Cao
Hoa Kỳ,US,làm đẹp,skin care for men,6600,4.03,1.08,Cao
Hoa Kỳ,US,làm đẹp,best moisturizer for oily skin,6600,1.33,0.19,Cao
Hoa Kỳ,US,làm đẹp,the ordinary serum,6600,0.58,0.16,Cao
Hoa Kỳ,US,làm đẹp,best anti wrinkle cream,6600,3.04,0.34,Cao
Hoa Kỳ,US,làm đẹp,best face wash for men,6600,2.22,0.18,Cao
Hoa Kỳ,US,làm đẹp,particle face cream,6600,2.50,0.41,Cao
Hoa Kỳ,US,làm đẹp,olay moisturizer,6600,1.04,0.16,Cao
Hoa Kỳ,US,làm đẹp,drunk elephant skincare,6600,3.55,0.40,Cao
Hoa Kỳ,US,làm đẹp,estee lauder eye cream,5400,1.38,0.37,Cao
Hoa Kỳ,US,làm đẹp,best stretch mark cream,5400,2.60,0.30,Cao
Hoa Kỳ,US,làm đẹp,origins skin care,5400,3.86,0.44,Cao
Hoa Kỳ,US,làm đẹp,drunk elephant moisturizer,5400,1.29,0.35,Cao
Hoa Kỳ,US,làm đẹp,best eye cream for puffiness,5400,2.35,0.27,Cao
Hoa Kỳ,US,làm đẹp,fresh soy face cleanser,5400,3.26,0.39,Cao
Hoa Kỳ,US,làm đẹp,skinceuticals vitamin c serum,5400,4.78,1.39,Cao
Hoa Kỳ,US,làm đẹp,travel hair dryer,5400,1.15,0.30,Cao
Hoa Kỳ,US,làm đẹp,bio ionic hair dryer,5400,2.32,0.53,Cao
Hoa Kỳ,US,làm đẹp,versed skincare,4400,0.54,0.17,Cao
Hoa Kỳ,US,làm đẹp,la mer moisturizing cream,4400,2.50,0.32,Cao
Hoa Kỳ,US,làm đẹp,lancome eye cream,4400,1.46,0.33,Cao
Hoa Kỳ,US,làm đẹp,clinique eye cream,4400,1.04,0.33,Cao
Hoa Kỳ,US,làm đẹp,eye serum,4400,4.07,0.36,Cao
Hoa Kỳ,US,làm đẹp,best niacinamide serum,4400,2.42,0.32,Cao
Hoa Kỳ,US,làm đẹp,dermalogica products,4400,2.30,0.40,Cao
Hoa Kỳ,US,làm đẹp,best dark spot remover,4400,3.33,0.46,Cao
Hoa Kỳ,US,làm đẹp,dyson hair dryer sale,3600,2.60,0.77,Cao
Hoa Kỳ,US,làm đẹp,no 7 skincare,3600,2.50,0.60,Cao
Hoa Kỳ,US,làm đẹp,dyson dryer,3600,2.05,0.56,Cao
Hoa Kỳ,US,làm đẹp,clinique for men,3600,1.24,0.33,Cao
Hoa Kỳ,US,làm đẹp,la mer eye cream,3600,2.90,0.37,Cao
Hoa Kỳ,US,làm đẹp,elta md skincare,3600,2.87,0.45,Cao
Hoa Kỳ,US,làm đẹp,face cream for women,3600,4.17,1.00,Cao
Hoa Kỳ,US,làm đẹp,oil of olay regenerist,3600,0.99,0.15,Cao
Hoa Kỳ,US,làm đẹp,revlon one step volumizer plus,3600,0.91,0.19,Cao
Hoa Kỳ,US,làm đẹp,avene skincare,2900,2.02,0.40,Cao
Hoa Kỳ,US,làm đẹp,strivectin eye cream,2900,1.84,0.29,Cao
Hoa Kỳ,US,làm đẹp,skinceuticals eye cream,2900,4.78,1.34,Cao
Hoa Kỳ,US,làm đẹp,no 7 serum,2900,2.30,0.56,Cao
Hoa Kỳ,US,làm đẹp,dyson hair products,2900,2.00,0.38,Cao
Hoa Kỳ,US,làm đẹp,mens skincare set,2900,4.85,0.73,Cao
Hoa Kỳ,US,làm đẹp,epionce skin care,2400,3.73,0.34,Cao
Hoa Kỳ,US,làm đẹp,musely the spot cream,2400,2.23,0.96,Cao
Hoa Kỳ,US,làm đẹp,la mer moisturizer,2400,2.38,0.32,Cao
Hoa Kỳ,US,làm đẹp,babor skincare,2400,4.10,0.62,Cao
Hoa Kỳ,US,làm đẹp,dyson hair dryer black friday,1900,2.85,1.11,Trung bình
Hoa Kỳ,US,làm đẹp,advanced night repair,1900,1.29,0.29,Cao
Hoa Kỳ,US,làm đẹp,bondi boost blowout brush,1900,0.73,0.27,Cao
Hoa Kỳ,US,làm đẹp,proactiv face wash,1900,2.76,0.33,Cao
Hoa Kỳ,US,làm đẹp,image skincare vital c,1900,4.53,0.76,Cao
Hoa Kỳ,US,làm đẹp,clarins double serum eye,1600,1.58,0.36,Cao
Hoa Kỳ,US,làm đẹp,dyson hair dryer airwrap,1300,2.00,0.42,Cao
Hoa Kỳ,US,làm đẹp,yonka skin care,1300,4.34,0.41,Cao
Hoa Kỳ,US,làm đẹp,zuvi halo hair dryer,1000,2.06,0.50,Cao
Hoa Kỳ,US,mẹ và bé,nuna stroller,135000,0.55,0.03,Cao
Hoa Kỳ,US,mẹ và bé,nuna pram,135000,0.55,0.03,Cao
Hoa Kỳ,US,mẹ và bé,doona stroller,110000,0.57,0.11,Cao
Hoa Kỳ,US,mẹ và bé,doona car seat and stroller,110000,0.57,0.11,Cao
Hoa Kỳ,US,mẹ và bé,doona pram,110000,0.57,0.11,Cao
Hoa Kỳ,US,mẹ và bé,owlet sock,90500,0.44,0.14,Cao
Hoa Kỳ,US,mẹ và bé,strollers,90500,1.31,0.19,Cao
Hoa Kỳ,US,mẹ và bé,baby stroller,74000,1.06,0.19,Cao
Hoa Kỳ,US,mẹ và bé,infant stroller,74000,1.06,0.19,Cao
Hoa Kỳ,US,mẹ và bé,newborn stroller,74000,1.06,0.19,Cao
Hoa Kỳ,US,mẹ và bé,baby monitor,60500,1.19,0.20,Cao
Hoa Kỳ,US,mẹ và bé,double stroller,60500,1.26,0.19,Cao
Hoa Kỳ,US,mẹ và bé,uppababy vista,40500,0.94,0.20,Cao
Hoa Kỳ,US,mẹ và bé,car seat stroller,40500,1.05,0.20,Cao
Hoa Kỳ,US,mẹ và bé,nuna travel stroller,40500,1.10,0.19,Cao
Hoa Kỳ,US,mẹ và bé,car seat and stroller,40500,1.05,0.20,Cao
Hoa Kỳ,US,mẹ và bé,nanit baby monitor,33100,0.53,0.21,Cao
Hoa Kỳ,US,mẹ và bé,uppababy stroller,33100,0.88,0.20,Cao
Hoa Kỳ,US,mẹ và bé,lightweight stroller,33100,0.90,0.22,Cao
Hoa Kỳ,US,mẹ và bé,travel stroller,27100,0.94,0.22,Cao
Hoa Kỳ,US,mẹ và bé,cybex stroller,27100,1.07,0.16,Cao
Hoa Kỳ,US,mẹ và bé,owlet dream sock,27100,0.44,0.14,Cao
Hoa Kỳ,US,mẹ và bé,travel pram,27100,0.94,0.22,Cao
Hoa Kỳ,US,mẹ và bé,infant car seat and stroller,27100,0.94,0.20,Cao
Hoa Kỳ,US,mẹ và bé,travel pushchair,27100,0.94,0.22,Cao
Hoa Kỳ,US,mẹ và bé,bugaboo butterfly,22200,1.12,0.18,Cao
Hoa Kỳ,US,mẹ và bé,doona car seat stroller,22200,0.81,0.13,Cao
Hoa Kỳ,US,mẹ và bé,vtech baby monitor,22200,0.45,0.10,Cao
Hoa Kỳ,US,mẹ và bé,bob stroller,22200,0.98,0.20,Cao
Hoa Kỳ,US,mẹ và bé,jogging stroller,22200,0.63,0.22,Cao
Hoa Kỳ,US,mẹ và bé,uppababy vista stroller,22200,0.80,0.19,Cao
Hoa Kỳ,US,mẹ và bé,best baby monitor,18100,1.76,0.32,Cao
Hoa Kỳ,US,mẹ và bé,yoyo stroller,18100,1.28,0.22,Cao
Hoa Kỳ,US,mẹ và bé,uppababy cruz,18100,0.86,0.20,Cao
Hoa Kỳ,US,mẹ và bé,silver cross stroller,18100,0.74,0.05,Cao
Hoa Kỳ,US,mẹ và bé,bugaboo stroller,18100,0.56,0.11,Cao
Hoa Kỳ,US,mẹ và bé,uppababy car seat,18100,1.06,0.26,Cao
Hoa Kỳ,US,mẹ và bé,toddler stroller,18100,0.56,0.18,Cao
Hoa Kỳ,US,mẹ và bé,evenflo stroller,18100,0.53,0.14,Cao
Hoa Kỳ,US,mẹ và bé,nuna stroller and car seat,18100,0.76,0.03,Cao
Hoa Kỳ,US,mẹ và bé,zoe double stroller,18100,0.53,0.06,Cao
Hoa Kỳ,US,mẹ và bé,babyzen yoyo stroller,18100,1.28,0.22,Cao
Hoa Kỳ,US,mẹ và bé,lightweight double stroller,18100,1.09,0.22,Cao
Hoa Kỳ,US,mẹ và bé,uppababy vista v2,14800,0.90,0.22,Cao
Hoa Kỳ,US,mẹ và bé,nuna trvl,14800,1.29,0.22,Cao
Hoa Kỳ,US,mẹ và bé,graco double stroller,14800,0.46,0.13,Cao
Hoa Kỳ,US,mẹ và bé,best stroller,14800,1.13,0.19,Cao
Hoa Kỳ,US,mẹ và bé,bassinet stroller,14800,0.94,0.20,Cao
Hoa Kỳ,US,mẹ và bé,nuna double stroller,14800,1.03,0.04,Cao
Hoa Kỳ,US,mẹ và bé,nuna mixx bassinet,14800,1.00,0.06,Cao
Hoa Kỳ,US,mẹ và bé,evenflo car seat and stroller,14800,0.53,0.16,Cao
Hoa Kỳ,US,mẹ và bé,baby monitor camera,12100,1.31,0.22,Cao
Hoa Kỳ,US,mẹ và bé,best travel stroller,12100,0.93,0.31,Cao
Hoa Kỳ,US,mẹ và bé,compact stroller,12100,0.75,0.22,Cao
Hoa Kỳ,US,mẹ và bé,chicco stroller,12100,0.53,0.18,Cao
Hoa Kỳ,US,mẹ và bé,uppababy minu,12100,1.08,0.25,Cao
Hoa Kỳ,US,mẹ và bé,bob double stroller,12100,1.08,0.32,Cao
Hoa Kỳ,US,mẹ và bé,chicco bravo stroller,12100,0.34,0.16,Cao
Hoa Kỳ,US,mẹ và bé,uppababy bassinet,12100,0.86,0.22,Cao
Hoa Kỳ,US,mẹ và bé,compact travel stroller,12100,1.10,0.30,Cao
Hoa Kỳ,US,mẹ và bé,maxi cosi stroller,9900,0.51,0.12,Cao
Hoa Kỳ,US,mẹ và bé,gb pockit stroller,9900,0.62,0.19,Cao
Hoa Kỳ,US,mẹ và bé,uppababy vista v2 stroller,9900,0.93,0.27,Trung bình
Hoa Kỳ,US,mẹ và bé,twin stroller,9900,1.18,0.20,Cao
Hoa Kỳ,US,mẹ và bé,uppababy bassinet stand,9900,0.88,0.23,Cao
Hoa Kỳ,US,mẹ và bé,double jogging stroller,9900,0.98,0.28,Cao
Hoa Kỳ,US,mẹ và bé,solly wrap,9900,1.84,0.27,Cao
Hoa Kỳ,US,mẹ và bé,mompush stroller,9900,1.08,0.20,Cao
Hoa Kỳ,US,mẹ và bé,baby camera,8100,1.56,0.20,Cao
Hoa Kỳ,US,mẹ và bé,vista stroller,8100,0.69,0.17,Cao
Hoa Kỳ,US,mẹ và bé,nuna mixx,8100,0.93,0.10,Cao
Hoa Kỳ,US,mẹ và bé,evenflo pivot,8100,0.52,0.14,Cao
Hoa Kỳ,US,mẹ và bé,bugaboo butterfly stroller,8100,0.90,0.14,Cao
Hoa Kỳ,US,mẹ và bé,uppababy mesa car seat,8100,1.12,0.25,Cao
Hoa Kỳ,US,mẹ và bé,running stroller,8100,0.62,0.22,Cao
Hoa Kỳ,US,mẹ và bé,uppababy g luxe,8100,0.59,0.18,Cao
Hoa Kỳ,US,mẹ và bé,sit and stand stroller,8100,0.57,0.19,Cao
Hoa Kỳ,US,mẹ và bé,zoe twin stroller,8100,0.64,0.06,Cao
Hoa Kỳ,US,mẹ và bé,best double stroller,6600,1.69,0.12,Cao
Hoa Kỳ,US,mẹ và bé,eufy baby monitor,6600,0.84,0.30,Cao
Hoa Kỳ,US,mẹ và bé,cybex gazelle s stroller,6600,1.42,0.31,Cao
Hoa Kỳ,US,mẹ và bé,uppababy double stroller,6600,0.90,0.24,Cao
Hoa Kỳ,US,mẹ và bé,graco stroller and car seat,6600,0.48,0.18,Cao
Hoa Kỳ,US,mẹ và bé,mockingbird single to double stroller,6600,2.20,0.21,Cao
Hoa Kỳ,US,mẹ và bé,infant optics dxr 8 pro,6600,1.75,0.27,Cao
Hoa Kỳ,US,mẹ và bé,uppababy cruz v2,5400,1.15,0.26,Cao
Hoa Kỳ,US,mẹ và bé,uppababy mesa,5400,1.11,0.28,Cao
Hoa Kỳ,US,mẹ và bé,uppababy rumble seat,5400,0.97,0.33,Cao
Hoa Kỳ,US,mẹ và bé,city select double stroller,5400,0.43,0.15,Cao
Hoa Kỳ,US,mẹ và bé,best jogging stroller,5400,0.70,0.26,Cao
Hoa Kỳ,US,mẹ và bé,double umbrella stroller,5400,0.52,0.18,Cao
Hoa Kỳ,US,mẹ và bé,britax stroller,5400,0.55,0.19,Cao
Hoa Kỳ,US,mẹ và bé,car seat and stroller in one,5400,0.90,0.20,Cao
Hoa Kỳ,US,mẹ và bé,city mini double stroller,5400,0.62,0.18,Cao
Hoa Kỳ,US,mẹ và bé,car seat stroller in one,5400,0.90,0.20,Cao
Hoa Kỳ,US,mẹ và bé,single to double stroller,5400,1.30,0.33,Cao
Hoa Kỳ,US,mẹ và bé,nanit monitor,5400,0.70,0.22,Cao
Hoa Kỳ,US,mẹ và bé,babyzen yoyo,4400,1.25,0.29,Cao
Hoa Kỳ,US,mẹ và bé,vava baby monitor,4400,1.87,0.22,Cao
Hoa Kỳ,US,mẹ và bé,nanit pro,4400,1.40,0.23,Cao
Hoa Kỳ,US,mẹ và bé,stokke stroller,4400,1.24,0.24,Cao
Hoa Kỳ,US,mẹ và bé,double stroller with car seat,4400,0.82,0.20,Cao
Hoa Kỳ,US,mẹ và bé,evenflo pivot xplore,4400,0.62,0.22,Cao
Hoa Kỳ,US,mẹ và bé,nanit camera,4400,0.91,0.22,Cao
Hoa Kỳ,US,mẹ và bé,chicco double stroller,4400,0.41,0.16,Cao
Hoa Kỳ,US,mẹ và bé,cheap stroller,4400,0.85,0.13,Cao
Hoa Kỳ,US,mẹ và bé,foldable stroller,4400,1.01,0.21,Cao
Hoa Kỳ,US,mẹ và bé,evenflo double stroller,4400,0.53,0.14,Cao
Hoa Kỳ,US,mẹ và bé,peg perego stroller,4400,0.67,0.15,Cao
Hoa Kỳ,US,mẹ và bé,bob double jogging stroller,4400,1.13,0.39,Cao
Hoa Kỳ,US,mẹ và bé,baby pram,3600,1.37,0.20,Cao
Hoa Kỳ,US,mẹ và bé,uppababy minu v2,3600,1.32,0.37,Cao
Hoa Kỳ,US,mẹ và bé,nuna triv stroller,3600,0.97,0.12,Cao
Hoa Kỳ,US,mẹ và bé,best wagon stroller,3600,3.93,0.31,Cao
Hoa Kỳ,US,mẹ và bé,babysense monitor,3600,4.73,1.13,Cao
Hoa Kỳ,US,mẹ và bé,best stroller wagon,3600,3.93,0.31,Cao
Hoa Kỳ,US,mẹ và bé,owlet smart sock 2,3600,0.36,0.11,Cao
Hoa Kỳ,US,mẹ và bé,joolz stroller,3600,0.80,0.19,Cao
Hoa Kỳ,US,mẹ và bé,babyzen yoyo2,2900,1.22,0.31,Cao
Hoa Kỳ,US,mẹ và bé,silver cross pram,2900,1.03,0.09,Cao
Hoa Kỳ,US,mẹ và bé,nanit floor stand,2900,1.00,0.45,Cao
Hoa Kỳ,US,mẹ và bé,veer stroller,2900,1.28,0.10,Cao
Hoa Kỳ,US,mẹ và bé,evenflo wagon,2900,0.64,0.25,Cao
Hoa Kỳ,US,mẹ và bé,owlet monitor,2900,0.63,0.11,Cao
Hoa Kỳ,US,mẹ và bé,city mini stroller,2900,0.48,0.18,Cao
Hoa Kỳ,US,mẹ và bé,joovy walker,2900,0.47,0.16,Cao
Hoa Kỳ,US,mẹ và bé,owlet smart sock,2400,0.47,0.12,Cao
Hoa Kỳ,US,mẹ và bé,cybex gazelle s,2400,1.87,0.38,Cao
Hoa Kỳ,US,mẹ và bé,nuna demi grow,2400,0.80,0.04,Cao
Hoa Kỳ,US,mẹ và bé,baby jogger city tour 2,2400,0.80,0.22,Cao
Hoa Kỳ,US,mẹ và bé,mima stroller,2400,1.27,0.08,Cao
Hoa Kỳ,US,mẹ và bé,baby jogger city turn,2400,1.48,0.36,Cao
Hoa Kỳ,US,mẹ và bé,uppababy ridge,2400,1.10,0.30,Cao
Hoa Kỳ,US,mẹ và bé,colugo stroller,2400,2.12,0.27,Cao
Hoa Kỳ,US,mẹ và bé,owlet dream duo,2400,0.58,0.15,Cao
Hoa Kỳ,US,mẹ và bé,infant optics dxr 8,2400,0.97,0.22,Cao
Hoa Kỳ,US,mẹ và bé,city mini gt,2400,0.42,0.17,Cao
Hoa Kỳ,US,mẹ và bé,compact double stroller,2400,0.72,0.20,Cao
Hoa Kỳ,US,mẹ và bé,bugaboo stardust,1900,0.99,0.20,Cao
Hoa Kỳ,US,mẹ và bé,bugaboo cameleon,1900,0.65,0.10,Cao
Hoa Kỳ,US,mẹ và bé,stokke xplory,1900,1.80,0.44,Cao
Hoa Kỳ,US,mẹ và bé,cybex libelle stroller,1900,1.06,0.32,Cao
Hoa Kỳ,US,mẹ và bé,best umbrella stroller,1900,0.59,0.31,Cao
Hoa Kỳ,US,mẹ và bé,babyzen yoyo2 stroller,1900,1.16,0.28,Cao
Hoa Kỳ,US,mẹ và bé,uppababy cozy ganoosh,1900,0.91,0.30,Cao
Hoa Kỳ,US,mẹ và bé,uppababy vista rumble seat,1900,1.04,0.34,Cao
Hoa Kỳ,US,mẹ và bé,colugo compact stroller,1900,2.06,0.33,Cao
Hoa Kỳ,US,mẹ và bé,bumbleride indie,1900,1.01,0.13,Cao
Hoa Kỳ,US,mẹ và bé,nanit sleep sack,1900,0.72,0.35,Cao
Hoa Kỳ,US,mẹ và bé,owlet cam 2,1900,0.46,0.12,Cao
Hoa Kỳ,US,mẹ và bé,owlet cam,1900,0.43,0.08,Cao
Hoa Kỳ,US,mẹ và bé,nuna demi grow stroller,1600,0.69,0.06,Cao
Hoa Kỳ,US,mẹ và bé,uppababy vista 2,1600,1.00,0.22,Cao
Hoa Kỳ,US,mẹ và bé,ergobaby metro,1600,1.81,0.40,Cao
Hoa Kỳ,US,mẹ và bé,best lightweight stroller,1600,0.95,0.31,Cao
Hoa Kỳ,US,mẹ và bé,snuza hero,1600,0.83,0.13,Cao
Hoa Kỳ,US,mẹ và bé,nanit stand,1600,1.15,0.44,Cao
Hoa Kỳ,US,mẹ và bé,nanit pro camera,1600,1.00,0.22,Cao
Hoa Kỳ,US,mẹ và bé,pushchair,1300,1.51,0.21,Trung bình
Hoa Kỳ,US,mẹ và bé,wonderfold wagon w2,1300,0.55,0.17,Cao
Hoa Kỳ,US,mẹ và bé,mima xari stroller,1300,1.47,0.07,Cao
Hoa Kỳ,US,mẹ và bé,uppababy vista double,1300,1.20,0.22,Cao
Hoa Kỳ,US,mẹ và bé,bugaboo car seat,1300,0.83,0.10,Cao
Hoa Kỳ,US,mẹ và bé,bugaboo donkey duo,1000,0.86,0.10,Cao
Hoa Kỳ,US,mẹ và bé,cybex mios,1000,1.80,0.42,Cao
Hoa Kỳ,US,mẹ và bé,bugaboo cameleon 3,1000,0.68,0.10,Cao
Hoa Kỳ,US,mẹ và bé,owlet smart sock 3,1000,0.39,0.10,Cao
Hoa Kỳ,US,mẹ và bé,vista v2,1000,1.37,0.32,Cao
Hoa Kỳ,US,mẹ và bé,fendi stroller,1000,1.93,0.10,Cao
Hoa Kỳ,US,mẹ và bé,best compact stroller,1000,0.89,0.30,Cao
Hoa Kỳ,US,mẹ và bé,footmuff,1000,1.68,0.24,Cao
Hoa Kỳ,US,mẹ và bé,cuboai,1000,1.90,0.22,Cao
Hoa Kỳ,US,mẹ và bé,minu v2,1000,1.30,0.40,Cao
Hoa Kỳ,US,nhà cửa,espresso machine,368000,1.44,0.37,Cao
Hoa Kỳ,US,nhà cửa,nespresso machine,246000,2.16,0.32,Cao
Hoa Kỳ,US,nhà cửa,keurig coffee maker,246000,1.59,0.35,Cao
Hoa Kỳ,US,nhà cửa,breville espresso machine,246000,0.84,0.08,Cao
Hoa Kỳ,US,nhà cửa,ergonomic office chair,201000,4.04,0.53,Cao
Hoa Kỳ,US,nhà cửa,coffee makers,201000,1.24,0.22,Cao
Hoa Kỳ,US,nhà cửa,breville barista express espresso machine,110000,1.28,0.33,Trung bình
Hoa Kỳ,US,nhà cửa,coffee machine,90500,1.73,0.25,Cao
Hoa Kỳ,US,nhà cửa,desk chair,90500,3.69,0.38,Cao
Hoa Kỳ,US,nhà cửa,nespresso vertuo,90500,1.68,0.35,Cao
Hoa Kỳ,US,nhà cửa,coffee grinder,90500,0.68,0.26,Cao
Hoa Kỳ,US,nhà cửa,herman miller chair,90500,2.69,0.39,Cao
Hoa Kỳ,US,nhà cửa,delonghi espresso machine,90500,0.87,0.21,Cao
Hoa Kỳ,US,nhà cửa,drip coffee maker,90500,0.75,0.29,Cao
Hoa Kỳ,US,nhà cửa,herman miller aeron,74000,2.75,0.75,Cao
Hoa Kỳ,US,nhà cửa,ergonomic chair,74000,4.49,0.69,Cao
Hoa Kỳ,US,nhà cửa,cuisinart coffee maker,74000,0.74,0.17,Cao
Hoa Kỳ,US,nhà cửa,breville barista express,74000,0.91,0.13,Cao
Hoa Kỳ,US,nhà cửa,coffee pots,74000,0.59,0.18,Cao
Hoa Kỳ,US,nhà cửa,percolator,60500,0.48,0.18,Cao
Hoa Kỳ,US,nhà cửa,aeron chair,49500,4.43,0.64,Cao
Hoa Kỳ,US,nhà cửa,cold brew coffee maker,49500,0.76,0.27,Cao
Hoa Kỳ,US,nhà cửa,pour over coffee maker,49500,0.78,0.24,Cao
Hoa Kỳ,US,nhà cửa,espresso machine for home,49500,1.60,0.31,Cao
Hoa Kỳ,US,nhà cửa,best coffee maker,40500,0.63,0.30,Cao
Hoa Kỳ,US,nhà cửa,bunn coffee maker,40500,1.79,0.10,Cao
Hoa Kỳ,US,nhà cửa,herman miller office chairs,40500,2.77,0.49,Cao
Hoa Kỳ,US,nhà cửa,single serve coffee maker,40500,0.74,0.22,Cao
Hoa Kỳ,US,nhà cửa,nespresso vertuo machine,40500,2.34,0.40,Cao
Hoa Kỳ,US,nhà cửa,computer chair,33100,3.11,0.38,Cao
Hoa Kỳ,US,nhà cửa,best espresso machine,33100,1.65,0.45,Cao
Hoa Kỳ,US,nhà cửa,herman miller embody,33100,4.00,0.92,Cao
Hoa Kỳ,US,nhà cửa,breville coffee machine,33100,0.86,0.08,Cao
Hoa Kỳ,US,nhà cửa,office chairs near me,33100,3.57,0.66,Cao
Hoa Kỳ,US,nhà cửa,steelcase leap v2,33100,3.80,0.83,Cao
Hoa Kỳ,US,nhà cửa,best home espresso machine,33100,1.70,0.42,Cao
Hoa Kỳ,US,nhà cửa,espresso grinder,33100,0.89,0.29,Cao
Hoa Kỳ,US,nhà cửa,herman miller aeron chair,27100,4.39,0.67,Cao
Hoa Kỳ,US,nhà cửa,nespresso original machine,27100,1.92,0.38,Cao
Hoa Kỳ,US,nhà cửa,delonghi coffee machine,22200,1.00,0.22,Cao
Hoa Kỳ,US,nhà cửa,steelcase chairs,22200,4.35,0.42,Cao
Hoa Kỳ,US,nhà cửa,keurig coffee machine,22200,4.09,0.51,Cao
Hoa Kỳ,US,nhà cửa,smeg coffee maker,22200,0.67,0.14,Cao
Hoa Kỳ,US,nhà cửa,staples office chairs,22200,1.80,0.31,Cao
Hoa Kỳ,US,nhà cửa,jura coffee maker,22200,0.72,0.18,Cao
Hoa Kỳ,US,nhà cửa,k cup coffee maker,22200,0.85,0.24,Cao
Hoa Kỳ,US,nhà cửa,automatic espresso machine,22200,1.47,0.47,Cao
Hoa Kỳ,US,nhà cửa,nespresso coffee machine,18100,2.49,0.39,Cao
Hoa Kỳ,US,nhà cửa,nespresso vertuo next,18100,1.19,0.21,Cao
Hoa Kỳ,US,nhà cửa,keurig pods,18100,2.43,0.72,Cao
Hoa Kỳ,US,nhà cửa,keurig coffee pods,18100,2.86,0.85,Cao
Hoa Kỳ,US,nhà cửa,delonghi magnifica evo,18100,1.01,0.32,Cao
Hoa Kỳ,US,nhà cửa,gaggia classic pro,18100,0.80,0.23,Cao
Hoa Kỳ,US,nhà cửa,best drip coffee maker,18100,0.75,0.30,Cao
Hoa Kỳ,US,nhà cửa,lazy boy office chairs,18100,1.49,0.37,Cao
Hoa Kỳ,US,nhà cửa,steelcase gesture,14800,4.93,0.83,Cao
Hoa Kỳ,US,nhà cửa,breville barista pro,14800,0.94,0.09,Cao
Hoa Kỳ,US,nhà cửa,breville barista touch,14800,1.12,0.25,Cao
Hoa Kỳ,US,nhà cửa,kneeling chair,14800,1.75,0.29,Cao
Hoa Kỳ,US,nhà cửa,iced coffee maker,14800,0.57,0.18,Cao
Hoa Kỳ,US,nhà cửa,nespresso essenza mini,14800,1.84,0.36,Cao
Hoa Kỳ,US,nhà cửa,coffee maker with grinder,14800,0.62,0.27,Cao
Hoa Kỳ,US,nhà cửa,coffee machine with grinder,14800,0.83,0.28,Cao
Hoa Kỳ,US,nhà cửa,comfortable office chair,14800,3.53,0.43,Cao
Hoa Kỳ,US,nhà cửa,hamilton beach coffee maker,14800,0.65,0.19,Cao
Hoa Kỳ,US,nhà cửa,breville coffee maker,14800,0.78,0.09,Cao
Hoa Kỳ,US,nhà cửa,keurig k duo,14800,0.97,0.27,Cao
Hoa Kỳ,US,nhà cửa,best ergonomic office chair,12100,4.48,0.60,Cao
Hoa Kỳ,US,nhà cửa,philips coffee machine,12100,2.94,0.34,Cao
Hoa Kỳ,US,nhà cửa,keurig machine,12100,2.24,0.34,Cao
Hoa Kỳ,US,nhà cửa,steelcase leap,12100,4.99,0.89,Cao
Hoa Kỳ,US,nhà cửa,cappuccino machine,12100,0.90,0.28,Cao
Hoa Kỳ,US,nhà cửa,ikea office chair,12100,0.87,0.05,Cao
Hoa Kỳ,US,nhà cửa,keurig mini,12100,0.66,0.22,Cao
Hoa Kỳ,US,nhà cửa,bodum french press,12100,0.45,0.10,Cao
Hoa Kỳ,US,nhà cửa,jura espresso machine,12100,0.98,0.20,Cao
Hoa Kỳ,US,nhà cửa,la marzocco linea mini,12100,2.20,0.11,Cao
Hoa Kỳ,US,nhà cửa,smeg espresso machine,12100,0.77,0.17,Cao
Hoa Kỳ,US,nhà cửa,single cup coffee maker,12100,0.68,0.22,Cao
Hoa Kỳ,US,nhà cửa,delonghi magnifica,9900,0.83,0.25,Cao
Hoa Kỳ,US,nhà cửa,best nespresso machine,9900,2.61,0.39,Cao
Hoa Kỳ,US,nhà cửa,best coffee machine,9900,1.65,0.33,Cao
Hoa Kỳ,US,nhà cửa,steelcase amia,9900,3.75,0.57,Cao
Hoa Kỳ,US,nhà cửa,philips espresso machine,9900,2.10,0.34,Cao
Hoa Kỳ,US,nhà cửa,vertuo pods,9900,3.33,0.25,Cao
Hoa Kỳ,US,nhà cửa,rancilio silvia,9900,1.32,0.30,Cao
Hoa Kỳ,US,nhà cửa,breville barista touch espresso machine,9900,1.67,0.36,Trung bình
Hoa Kỳ,US,nhà cửa,nespresso coffee maker,9900,1.78,0.38,Cao
Hoa Kỳ,US,nhà cửa,lelit bianca,9900,1.88,0.78,Cao
Hoa Kỳ,US,nhà cửa,espresso machine with grinder,9900,1.03,0.43,Cao
Hoa Kỳ,US,nhà cửa,keurig duo,9900,0.99,0.31,Cao
Hoa Kỳ,US,nhà cửa,gaggia classic,9900,0.65,0.17,Cao
Hoa Kỳ,US,nhà cửa,espresso coffee machine,9900,1.68,0.44,Cao
Hoa Kỳ,US,nhà cửa,oxo coffee maker,9900,1.01,0.30,Cao
Hoa Kỳ,US,nhà cửa,leather office chair,8100,4.24,0.67,Cao
Hoa Kỳ,US,nhà cửa,home office chair,8100,4.33,0.60,Cao
Hoa Kỳ,US,nhà cửa,miele coffee maker,8100,2.83,0.45,Cao
Hoa Kỳ,US,nhà cửa,best desk chair,8100,4.83,0.71,Cao
Hoa Kỳ,US,nhà cửa,automatic coffee machine,8100,2.12,0.49,Cao
Hoa Kỳ,US,nhà cửa,best office chair for long hours,8100,3.76,0.49,Cao
Hoa Kỳ,US,nhà cửa,breville espresso,8100,0.87,0.08,Cao
Hoa Kỳ,US,nhà cửa,cheap office chairs,8100,2.48,0.27,Cao
Hoa Kỳ,US,nhà cửa,serta office chair,8100,1.42,0.26,Cao
Hoa Kỳ,US,nhà cửa,nespresso machine sale,8100,2.83,0.35,Cao
Hoa Kỳ,US,nhà cửa,herman miller embody chair,8100,4.46,1.01,Cao
Hoa Kỳ,US,nhà cửa,best single serve coffee maker,8100,0.72,0.28,Cao
Hoa Kỳ,US,nhà cửa,best office chair for back pain,6600,2.71,0.38,Cao
Hoa Kỳ,US,nhà cửa,smeg coffee machine,6600,0.72,0.17,Cao
Hoa Kỳ,US,nhà cửa,drafting chair,6600,4.95,0.52,Cao
Hoa Kỳ,US,nhà cửa,most comfortable office chair,6600,3.60,0.48,Cao
Hoa Kỳ,US,nhà cửa,best home office chair,6600,4.60,0.57,Cao
Hoa Kỳ,US,nhà cửa,best keurig coffee maker,6600,1.10,0.42,Cao
Hoa Kỳ,US,nhà cửa,miele coffee machine,6600,2.77,0.46,Cao
Hoa Kỳ,US,nhà cửa,latte machine,6600,1.19,0.27,Cao
Hoa Kỳ,US,nhà cửa,braun coffee maker,6600,0.68,0.24,Cao
Hoa Kỳ,US,nhà cửa,bonavita coffee maker,6600,2.69,0.33,Cao
Hoa Kỳ,US,nhà cửa,keurig duo coffee maker,6600,0.90,0.25,Cao
Hoa Kỳ,US,nhà cửa,breville dual boiler,6600,1.35,0.20,Cao
Hoa Kỳ,US,nhà cửa,delonghi dinamica plus,5400,1.41,0.46,Cao
Hoa Kỳ,US,nhà cửa,white office chair,5400,3.39,0.40,Cao
Hoa Kỳ,US,nhà cửa,rocket appartamento,5400,1.76,0.40,Cao
Hoa Kỳ,US,nhà cửa,nespresso pixie,5400,1.57,0.37,Cao
Hoa Kỳ,US,nhà cửa,lavazza coffee machine,5400,1.16,0.25,Cao
Hoa Kỳ,US,nhà cửa,best automatic espresso machine,5400,1.68,0.56,Cao
Hoa Kỳ,US,nhà cửa,embody chair,5400,4.27,1.22,Cao
Hoa Kỳ,US,nhà cửa,pink office chair,5400,1.46,0.26,Cao
Hoa Kỳ,US,nhà cửa,kids desk and chair set,5400,1.35,0.29,Cao
Hoa Kỳ,US,nhà cửa,keurig iced coffee maker,5400,0.76,0.24,Cao
Hoa Kỳ,US,nhà cửa,bean to cup coffee machine,4400,1.67,0.29,Cao
Hoa Kỳ,US,nhà cửa,delonghi dedica,4400,0.77,0.23,Cao
Hoa Kỳ,US,nhà cửa,breville oracle touch,4400,1.28,0.19,Cao
Hoa Kỳ,US,nhà cửa,coffee pod machine,4400,2.70,0.31,Cao
Hoa Kỳ,US,nhà cửa,white desk chair,4400,2.06,0.36,Cao
Hoa Kỳ,US,nhà cửa,vertuo next,4400,1.93,0.33,Cao
Hoa Kỳ,US,nhà cửa,nespresso delonghi,4400,0.68,0.22,Cao
Hoa Kỳ,US,nhà cửa,vertuo,4400,1.91,0.37,Cao
Hoa Kỳ,US,nhà cửa,delonghi la specialista,4400,0.83,0.24,Cao
Hoa Kỳ,US,nhà cửa,nespresso citiz,3600,1.71,0.42,Cao
Hoa Kỳ,US,nhà cửa,humanscale chair,3600,4.57,0.31,Cao
Hoa Kỳ,US,nhà cửa,office chairs on sale,3600,4.77,0.46,Cao
Hoa Kỳ,US,nhà cửa,herman miller mirra 2,3600,3.00,0.71,Cao
Hoa Kỳ,US,nhà cửa,delonghi espresso,3600,0.87,0.30,Cao
Hoa Kỳ,US,nhà cửa,leather desk chair,3600,3.88,0.72,Cao
Hoa Kỳ,US,nhà cửa,lelit bianca v3,3600,2.53,1.02,Cao
Hoa Kỳ,US,nhà cửa,nespresso creatista plus,3600,2.60,0.49,Cao
Hoa Kỳ,US,nhà cửa,brown leather office chair,3600,4.40,0.69,Cao
Hoa Kỳ,US,nhà cửa,herman miller sayl chair,3600,3.79,0.75,Cao
Hoa Kỳ,US,nhà cửa,breville oracle,3600,1.12,0.08,Cao
Hoa Kỳ,US,nhà cửa,keurig k cafe,3600,1.72,0.31,Cao
Hoa Kỳ,US,nhà cửa,nespresso lattissima,2900,1.67,0.38,Cao
Hoa Kỳ,US,nhà cửa,best ergonomic chair,2900,4.65,0.77,Cao
Hoa Kỳ,US,nhà cửa,nespresso compatible pods,2900,2.89,0.26,Cao
Hoa Kỳ,US,nhà cửa,barista machine,2900,4.00,0.23,Cao
Hoa Kỳ,US,nhà cửa,nespresso black friday,2400,0.00,0.00,Trung bình
Hoa Kỳ,US,nhà cửa,jura ena 4,2400,1.38,0.32,Cao
Hoa Kỳ,US,nhà cửa,essenza mini,2400,2.28,0.36,Cao
Hoa Kỳ,US,nhà cửa,nespresso lattissima one,2400,1.42,0.34,Cao
Hoa Kỳ,US,nhà cửa,saeco espresso machine,2400,2.23,0.36,Cao
Hoa Kỳ,US,nhà cửa,best computer chair,2400,4.15,0.71,Cao
Hoa Kỳ,US,nhà cửa,office chairs for heavy people,1900,4.59,0.53,Cao
Hoa Kỳ,US,nhà cửa,illy coffee machine,1900,1.25,0.81,Cao
Hoa Kỳ,US,nhà cửa,nespresso creatista pro,1600,3.89,0.57,Cao
Hoa Kỳ,US,nhà cửa,hag capisco chair,1600,5.00,0.69,Cao
Hoa Kỳ,US,nhà cửa,coffee machine with milk frother,1000,1.59,0.35,Cao
Hoa Kỳ,US,thú cưng,purina pro plan,135000,4.70,0.82,Cao
Hoa Kỳ,US,thú cưng,purina pro plan dog food,135000,4.34,0.63,Trung bình
Hoa Kỳ,US,thú cưng,dog treats,90500,3.90,1.01,Cao
Hoa Kỳ,US,thú cưng,chewy dog food,60500,4.42,0.27,Cao
Hoa Kỳ,US,thú cưng,purina dog food,60500,3.74,0.57,Cao
Hoa Kỳ,US,thú cưng,fromm dog food,49500,3.96,0.28,Cao
Hoa Kỳ,US,thú cưng,purina one dog food,49500,4.23,0.52,Cao
Hoa Kỳ,US,thú cưng,open farm dog food,49500,4.21,0.43,Cao
Hoa Kỳ,US,thú cưng,diamond naturals dog food,40500,2.54,0.38,Cao
Hoa Kỳ,US,thú cưng,taste of the wild dog food,40500,3.00,0.32,Cao
Hoa Kỳ,US,thú cưng,purina pro plan cat food,40500,3.47,0.58,Cao
Hoa Kỳ,US,thú cưng,purina pro plan puppy,33100,4.36,0.74,Cao
Hoa Kỳ,US,thú cưng,science diet dog food,33100,4.19,1.13,Cao
Hoa Kỳ,US,thú cưng,orijen dog food,33100,3.96,0.51,Cao
Hoa Kỳ,US,thú cưng,hills dog food,33100,4.77,1.75,Cao
Hoa Kỳ,US,thú cưng,pedigree dog food,27100,4.28,0.73,Cao
Hoa Kỳ,US,thú cưng,victor dog food,27100,1.96,0.37,Cao
Hoa Kỳ,US,thú cưng,nutrisource dog food,27100,3.48,0.48,Cao
Hoa Kỳ,US,thú cưng,best dog food brands,22200,4.88,1.23,Cao
Hoa Kỳ,US,thú cưng,homemade dog food,22200,4.93,0.12,Cao
Hoa Kỳ,US,thú cưng,acana dog food,22200,3.96,0.59,Cao
Hoa Kỳ,US,thú cưng,iams dog food,22200,2.75,0.67,Cao
Hoa Kỳ,US,thú cưng,dog bowls,22200,1.53,0.32,Cao
Hoa Kỳ,US,thú cưng,hill science dog food,22200,4.62,1.30,Cao
Hoa Kỳ,US,thú cưng,calming treats for dogs,22200,1.65,0.43,Cao
Hoa Kỳ,US,thú cưng,jinx dog food,22200,2.72,0.35,Cao
Hoa Kỳ,US,thú cưng,rachael ray dog food,18100,4.51,0.32,Cao
Hoa Kỳ,US,thú cưng,royal canin puppy food,18100,4.30,1.17,Cao
Hoa Kỳ,US,thú cưng,nutro dog food,14800,2.75,0.54,Cao
Hoa Kỳ,US,thú cưng,pro plan dog food,14800,3.71,0.70,Cao
Hoa Kỳ,US,thú cưng,natural balance dog food,14800,4.66,0.83,Cao
Hoa Kỳ,US,thú cưng,beneful dog food,14800,4.02,0.46,Cao
Hoa Kỳ,US,thú cưng,merrick dog food,14800,2.99,0.69,Cao
Hoa Kỳ,US,thú cưng,diamond puppy food,14800,1.76,0.39,Cao
Hoa Kỳ,US,thú cưng,automatic dog feeder,14800,0.94,0.28,Cao
Hoa Kỳ,US,thú cưng,nutrish dog food,14800,4.40,0.45,Cao
Hoa Kỳ,US,thú cưng,pet camera,12100,2.45,0.48,Cao
Hoa Kỳ,US,thú cưng,honest kitchen dog food,12100,4.50,0.66,Cao
Hoa Kỳ,US,thú cưng,gentle giants dog food,12100,2.78,0.54,Cao
Hoa Kỳ,US,thú cưng,zignature dog food,12100,3.35,0.46,Cao
Hoa Kỳ,US,thú cưng,natural dog treats,12100,3.97,1.35,Cao
Hoa Kỳ,US,thú cưng,eukanuba dog food,9900,2.99,0.50,Cao
Hoa Kỳ,US,thú cưng,instinct dog food,9900,4.87,1.39,Cao
Hoa Kỳ,US,thú cưng,farmina dog food,9900,3.77,0.55,Cao
Hoa Kỳ,US,thú cưng,healthy dog treats,9900,3.48,0.77,Cao
Hoa Kỳ,US,thú cưng,bully max dog food,9900,2.07,0.82,Cao
Hoa Kỳ,US,thú cưng,blue diamond dog food,9900,3.51,0.50,Cao
Hoa Kỳ,US,thú cưng,simply nourish dog food,9900,3.97,0.85,Cao
Hoa Kỳ,US,thú cưng,dog camera,8100,2.63,0.48,Cao
Hoa Kỳ,US,thú cưng,bil jac dog food,8100,2.68,0.51,Cao
Hoa Kỳ,US,thú cưng,authority dog food,8100,4.00,0.73,Cao
Hoa Kỳ,US,thú cưng,elevated dog bowls,8100,1.14,0.37,Cao
Hoa Kỳ,US,thú cưng,diamond naturals,8100,1.88,0.33,Cao
Hoa Kỳ,US,thú cưng,canidae dog food,6600,3.17,0.73,Cao
Hoa Kỳ,US,thú cưng,science diet sensitive stomach,6600,3.56,1.17,Cao
Hoa Kỳ,US,thú cưng,purina pro plan sensitive stomach,6600,4.44,0.72,Cao
Hoa Kỳ,US,thú cưng,rachael ray nutrish dog food,5400,2.91,0.36,Cao
Hoa Kỳ,US,thú cưng,science diet puppy food,5400,3.64,1.12,Cao
Hoa Kỳ,US,thú cưng,diamond naturals puppy food,5400,2.04,0.44,Cao
Hoa Kỳ,US,thú cưng,wellness core dog food,5400,3.22,0.51,Cao
Hoa Kỳ,US,thú cưng,iams puppy food,5400,2.74,0.57,Cao
Hoa Kỳ,US,thú cưng,raised dog bowls,5400,1.10,0.37,Cao
Hoa Kỳ,US,thú cưng,green lipped mussel for dogs,4400,4.56,1.27,Cao
Hoa Kỳ,US,thú cưng,solid gold dog food,3600,2.34,0.71,Cao
Hoa Kỳ,US,thú cưng,orijen puppy food,2900,3.85,0.55,Cao
Hoa Kỳ,US,thú cưng,natures menu dog food,2400,4.40,1.17,Cao
Hoa Kỳ,US,thú cưng,taste of the wild puppy,1900,1.89,0.36,Cao
Hoa Kỳ,US,thú cưng,american journey dog food,1900,4.45,0.84,Cao
Hoa Kỳ,US,thú cưng,hill's science diet sensitive stomach,1900,3.95,1.16,Cao
Hoa Kỳ,US,thú cưng,royal canin golden retriever,1600,4.90,1.58,Cao
Hoa Kỳ,US,thú cưng,halo dog food,1000,4.71,0.54,Cao
Hoa Kỳ,US,thể thao,hoka shoes,673000,1.52,0.33,Cao
Hoa Kỳ,US,thể thao,on cloud shoes,673000,4.36,0.43,Cao
Hoa Kỳ,US,thể thao,running shoes,301000,2.14,0.42,Cao
Hoa Kỳ,US,thể thao,brooks shoes,301000,0.73,0.10,Cao
Hoa Kỳ,US,thể thao,asics gel 1130,301000,0.95,0.15,Cao
Hoa Kỳ,US,thể thao,on running shoes,201000,2.52,0.41,Cao
Hoa Kỳ,US,thể thao,trail running shoes,201000,1.81,0.27,Cao
Hoa Kỳ,US,thể thao,brooks running shoes,165000,0.84,0.13,Cao
Hoa Kỳ,US,thể thao,nike running shoes,165000,1.75,0.51,Cao
Hoa Kỳ,US,thể thao,asics gel kayano 14,135000,0.77,0.10,Cao
Hoa Kỳ,US,thể thao,yoga mat,110000,2.45,0.36,Cao
Hoa Kỳ,US,thể thao,altra shoes,110000,1.56,0.25,Cao
Hoa Kỳ,US,thể thao,women's sneakers,110000,1.64,0.26,Cao
Hoa Kỳ,US,thể thao,saucony shoes,110000,2.55,0.38,Cao
Hoa Kỳ,US,thể thao,hoka clifton 9,90500,1.25,0.39,Cao
Hoa Kỳ,US,thể thao,nike pegasus,90500,1.30,0.33,Cao
Hoa Kỳ,US,thể thao,asics gel kayano,90500,0.83,0.25,Cao
Hoa Kỳ,US,thể thao,brooks glycerin,90500,1.10,0.43,Cao
Hoa Kỳ,US,thể thao,new balance 1080,90500,1.09,0.30,Cao
Hoa Kỳ,US,thể thao,hoka sneakers,74000,1.32,0.34,Cao
Hoa Kỳ,US,thể thao,hoka bondi,74000,1.31,0.40,Cao
Hoa Kỳ,US,thể thao,hoka shoes women,74000,0.89,0.27,Cao
Hoa Kỳ,US,thể thao,men's sneakers,74000,2.21,0.35,Cao
Hoa Kỳ,US,thể thao,new balance running shoes,74000,1.09,0.29,Cao
Hoa Kỳ,US,thể thao,on cloud womens,74000,2.11,0.37,Cao
Hoa Kỳ,US,thể thao,hoka sneakers for women,74000,0.89,0.27,Cao
Hoa Kỳ,US,thể thao,hoka bondi 8,60500,0.99,0.33,Cao
Hoa Kỳ,US,thể thao,nike vapormax,60500,1.39,0.41,Cao
Hoa Kỳ,US,thể thao,asics running shoes,60500,0.75,0.18,Cao
Hoa Kỳ,US,thể thao,best running shoes,60500,2.18,0.22,Cao
Hoa Kỳ,US,thể thao,asics gel nimbus,60500,0.81,0.27,Cao
Hoa Kỳ,US,thể thao,adidas running shoes,60500,0.59,0.42,Cao
Hoa Kỳ,US,thể thao,men's on cloud shoes,60500,1.78,0.39,Cao
Hoa Kỳ,US,thể thao,on clouds women,60500,1.41,0.31,Cao
Hoa Kỳ,US,thể thao,hoka running shoes,49500,1.39,0.38,Cao
Hoa Kỳ,US,thể thao,on cloud womens shoes,49500,2.05,0.34,Cao
Hoa Kỳ,US,thể thao,on cloud sneakers,49500,2.16,0.42,Cao
Hoa Kỳ,US,thể thao,best running shoes for men,49500,1.96,0.21,Cao
Hoa Kỳ,US,thể thao,hoka clifton,49500,1.23,0.43,Cao
Hoa Kỳ,US,thể thao,altra running shoes,49500,1.54,0.25,Cao
Hoa Kỳ,US,thể thao,brooks sneakers,49500,1.19,0.41,Cao
Hoa Kỳ,US,thể thao,brooks adrenaline gts,49500,1.15,0.44,Cao
Hoa Kỳ,US,thể thao,adidas ultra boost,40500,0.67,0.29,Cao
Hoa Kỳ,US,thể thao,best running shoes for women,40500,1.82,0.27,Cao
Hoa Kỳ,US,thể thao,oc shoes,40500,1.42,0.28,Cao
Hoa Kỳ,US,thể thao,brooks adrenaline,40500,1.15,0.45,Cao
Hoa Kỳ,US,thể thao,mens running shoes,40500,2.14,0.38,Cao
Hoa Kỳ,US,thể thao,running shoes for women,40500,1.90,0.40,Cao
Hoa Kỳ,US,thể thao,new balance 530 womens,40500,0.97,0.34,Cao
Hoa Kỳ,US,thể thao,brooks running shoes women,40500,1.15,0.44,Cao
Hoa Kỳ,US,thể thao,cross training shoes,40500,2.79,0.42,Cao
Hoa Kỳ,US,thể thao,saucony running shoes,33100,3.02,0.37,Cao
Hoa Kỳ,US,thể thao,on sneakers,33100,2.78,0.45,Cao
Hoa Kỳ,US,thể thao,asics sneakers,33100,0.72,0.18,Cao
Hoa Kỳ,US,thể thao,on cloudmonster,33100,1.30,0.39,Cao
Hoa Kỳ,US,thể thao,manduka yoga mat,33100,2.07,0.38,Cao
Hoa Kỳ,US,thể thao,womens white sneakers,33100,1.50,0.34,Cao
Hoa Kỳ,US,thể thao,saucony sneakers,33100,2.46,0.38,Cao
Hoa Kỳ,US,thể thao,asics novablast,33100,0.76,0.19,Cao
Hoa Kỳ,US,thể thao,ultraboost,27100,1.04,0.31,Cao
Hoa Kỳ,US,thể thao,nike vaporfly,27100,1.61,0.39,Cao
Hoa Kỳ,US,thể thao,on cloud running shoes,27100,2.12,0.42,Cao
Hoa Kỳ,US,thể thao,asics kayano,27100,0.75,0.30,Cao
Hoa Kỳ,US,thể thao,lululemon yoga mat,27100,2.58,0.60,Cao
Hoa Kỳ,US,thể thao,new balance 880,27100,1.12,0.31,Cao
Hoa Kỳ,US,thể thao,altra lone peak,22200,1.72,0.35,Cao
Hoa Kỳ,US,thể thao,brooks shoes women,22200,1.10,0.35,Cao
Hoa Kỳ,US,thể thao,cloudmonster,22200,1.25,0.36,Cao
Hoa Kỳ,US,thể thao,hoka arahi,22200,1.13,0.38,Cao
Hoa Kỳ,US,thể thao,black sneakers women,22200,1.60,0.34,Cao
Hoa Kỳ,US,thể thao,hoka shoes men,22200,1.10,0.30,Cao
Hoa Kỳ,US,thể thao,on cloud 5,18100,1.45,0.31,Cao
Hoa Kỳ,US,thể thao,asics gt 2000,18100,0.90,0.28,Cao
Hoa Kỳ,US,thể thao,nike air zoom,18100,1.25,0.31,Cao
Hoa Kỳ,US,thể thao,nike running,18100,2.14,0.51,Cao
Hoa Kỳ,US,thể thao,hoka sale,18100,1.28,0.30,Cao
Hoa Kỳ,US,thể thao,hoka speedgoat,18100,1.21,0.40,Cao
Hoa Kỳ,US,thể thao,white hokas,14800,0.82,0.35,Cao
Hoa Kỳ,US,thể thao,best yoga mat,12100,2.16,0.40,Cao
Hoa Kỳ,US,thể thao,cloudnova,12100,1.22,0.34,Cao
Hoa Kỳ,US,thể thao,sports shoes,12100,2.28,0.41,Cao
Hoa Kỳ,US,thể thao,on clouds shoes,12100,1.49,0.30,Cao
Hoa Kỳ,US,thể thao,alo yoga mat,12100,1.57,0.22,Cao
Hoa Kỳ,US,thể thao,brooks cascadia,12100,1.15,0.45,Cao
Hoa Kỳ,US,thể thao,hoka bondi 8 womens,9900,0.92,0.31,Cao
Hoa Kỳ,US,thể thao,best trail running shoes,9900,1.81,0.19,Cao
Hoa Kỳ,US,thể thao,vaporfly,9900,1.25,0.28,Cao
Hoa Kỳ,US,thể thao,nike trail running shoes,9900,1.74,0.42,Cao
Hoa Kỳ,US,thể thao,waterproof running shoes,9900,1.97,0.35,Cao
Hoa Kỳ,US,thể thao,nike reacts,9900,1.25,0.32,Cao
Hoa Kỳ,US,thể thao,saucony endorphin speed,8100,3.78,0.52,Cao
Hoa Kỳ,US,thể thao,adidas ultra boost women,8100,0.90,0.33,Cao
Hoa Kỳ,US,thể thao,salomon speedcross 6,8100,0.79,0.27,Cao
Hoa Kỳ,US,thể thao,nike air vapormax,8100,1.37,0.38,Cao
Hoa Kỳ,US,thể thao,hoka kawana,8100,0.78,0.31,Cao
Hoa Kỳ,US,thể thao,nike air zoom pegasus,8100,1.29,0.35,Cao
Hoa Kỳ,US,thể thao,slip on sneakers for women,8100,2.45,0.39,Cao
Hoa Kỳ,US,thể thao,altra escalante,8100,1.77,0.38,Cao
Hoa Kỳ,US,thể thao,best workout shoes,8100,2.83,0.46,Cao
Hoa Kỳ,US,thể thao,mizuno wave rider,8100,0.88,0.17,Cao
Hoa Kỳ,US,thể thao,oc sneakers,8100,1.58,0.28,Cao
Hoa Kỳ,US,thể thao,skechers slip on sneakers,8100,1.58,0.33,Cao
Hoa Kỳ,US,thể thao,hoka clifton 8,6600,1.12,0.32,Cao
Hoa Kỳ,US,thể thao,brooks adrenaline gts 22,6600,1.00,0.27,Cao
Hoa Kỳ,US,thể thao,salomon speedcross,6600,0.72,0.22,Cao
Hoa Kỳ,US,thể thao,nike pegasus trail,6600,1.65,0.35,Cao
Hoa Kỳ,US,thể thao,clifton 9,6600,1.10,0.37,Cao
Hoa Kỳ,US,thể thao,on sneakers women,6600,1.99,0.34,Cao
Hoa Kỳ,US,thể thao,hoka bondi 7,5400,1.55,0.41,Cao
Hoa Kỳ,US,thể thao,brooks glycerin 20,5400,1.00,0.28,Cao
Hoa Kỳ,US,thể thao,hoka speedgoat 5,5400,1.39,0.35,Cao
Hoa Kỳ,US,thể thao,hoka mach 5,5400,1.06,0.32,Cao
Hoa Kỳ,US,thể thao,asics gel nimbus 25,5400,0.75,0.25,Cao
Hoa Kỳ,US,thể thao,on cloudnova,5400,1.29,0.39,Cao
Hoa Kỳ,US,thể thao,saucony tempus,5400,2.13,0.50,Cao
Hoa Kỳ,US,thể thao,asics gt 1000,5400,0.81,0.26,Cao
Hoa Kỳ,US,thể thao,bondi 8,5400,0.92,0.29,Cao
Hoa Kỳ,US,thể thao,nike pegasus 39,4400,1.22,0.33,Cao
Hoa Kỳ,US,thể thao,nike invincible run 3,4400,1.23,0.35,Cao
Hoa Kỳ,US,thể thao,on cloud x,4400,1.17,0.35,Cao
Hoa Kỳ,US,thể thao,cloudmonster shoes,4400,1.10,0.30,Cao
Hoa Kỳ,US,thể thao,adidas ultra boost mens,4400,1.15,0.34,Cao
Hoa Kỳ,US,thể thao,cork yoga mat,4400,3.22,0.79,Cao
Hoa Kỳ,US,thể thao,nike revolution,4400,0.99,0.32,Cao
Hoa Kỳ,US,thể thao,nike trail,3600,1.87,0.41,Cao
Hoa Kỳ,US,thể thao,adidas swift run,3600,0.96,0.27,Cao
Hoa Kỳ,US,thể thao,hoka mafate speed 4,3600,1.75,0.51,Cao
Hoa Kỳ,US,thể thao,hoka arahi 6,2900,1.01,0.27,Cao
Hoa Kỳ,US,thể thao,saucony endorphin speed 3,2900,2.01,0.35,Cao
Hoa Kỳ,US,thể thao,nike air zoom pegasus 39,2900,1.24,0.29,Cao
Hoa Kỳ,US,thể thao,nike downshifter 12,2900,0.84,0.26,Cao
Hoa Kỳ,US,thể thao,on cloud 5 waterproof,2900,1.50,0.36,Cao
Hoa Kỳ,US,thể thao,hoka rincon 3,2400,1.04,0.29,Cao
Hoa Kỳ,US,thể thao,nike pegasus trail 4,2400,1.26,0.28,Cao
Hoa Kỳ,US,thể thao,hoka mach 4,2400,1.22,0.33,Cao
Hoa Kỳ,US,thể thao,on running sale,2400,2.76,0.44,Cao
Hoa Kỳ,US,thể thao,cloud shoes for women,2400,1.51,0.32,Cao
Hoa Kỳ,US,thể thao,karhu sneakers,2400,1.48,0.28,Cao
Hoa Kỳ,US,thể thao,asics novablast 3,1900,0.75,0.28,Cao
Hoa Kỳ,US,thể thao,nike revolution 6,1900,0.91,0.27,Cao
Hoa Kỳ,US,thể thao,brooks hyperion tempo,1900,1.03,0.36,Cao
Hoa Kỳ,US,thể thao,altra olympus 5,1900,1.27,0.29,Cao
Hoa Kỳ,US,thể thao,nike pegasus trail 4 gore tex,1900,1.28,0.35,Cao
Hoa Kỳ,US,thể thao,asics gel kayano 29,1600,0.78,0.28,Cao
Hoa Kỳ,US,thể thao,pegasus 39,1600,1.04,0.23,Cao
Hoa Kỳ,US,thể thao,asics kayano 29,1600,0.78,0.28,Cao
Hoa Kỳ,US,thể thao,hoka bondi 7 women's,1600,1.29,0.34,Cao
Hoa Kỳ,US,thể thao,nike pegasus 38,1600,1.30,0.29,Cao
Hoa Kỳ,US,thể thao,hoka gaviota 4,1600,0.91,0.26,Cao
Hoa Kỳ,US,thể thao,new balance 1080 v12,1600,1.74,0.26,Cao
Hoa Kỳ,US,thể thao,mens trainers,1300,2.49,0.37,Cao
Hoa Kỳ,US,thể thao,saucony triumph 20,1300,1.94,0.41,Cao
Hoa Kỳ,US,thể thao,mens nike trainers,1300,1.06,0.31,Cao
Hoa Kỳ,US,thể thao,hoka carbon x 3,1300,1.69,0.55,Cao
Hoa Kỳ,US,thể thao,gel nimbus 25,1300,0.75,0.25,Cao
Hoa Kỳ,US,thể thao,cloudnova shoes,1300,1.27,0.30,Cao
Hoa Kỳ,US,thể thao,cloud 5 waterproof,1300,1.45,0.35,Cao
Hoa Kỳ,US,thể thao,speedgoat 5,1300,1.06,0.32,Cao
Hoa Kỳ,US,thể thao,womens trainers,1000,2.54,0.39,Cao
Hoa Kỳ,US,thể thao,hoka clifton 8 womens,1000,0.81,0.27,Cao
Hoa Kỳ,US,thể thao,ultraboost 22,1000,0.98,0.30,Cao
Hoa Kỳ,US,thể thao,altra lone peak 6,1000,1.48,0.31,Cao
Hoa Kỳ,US,thể thao,nike react infinity run flyknit 3,1000,1.22,0.35,Cao
Hoa Kỳ,US,thể thao,salomon speedcross 5,1000,0.70,0.21,Cao
Hoa Kỳ,US,thể thao,nike air zoom pegasus 38,1000,0.96,0.32,Cao
Hoa Kỳ,US,thể thao,asics trainers,1000,0.75,0.30,Cao
Hoa Kỳ,US,thể thao,nike revolution 5,1000,0.94,0.27,Cao
Hoa Kỳ,US,thời trang,shoe stores near me,823000,1.53,0.22,Cao
Hoa Kỳ,US,thời trang,nike shoes,673000,1.59,0.47,Cao
Hoa Kỳ,US,thời trang,adidas sambas,673000,0.73,0.25,Cao
Hoa Kỳ,US,thời trang,sprayground backpack,673000,0.59,0.11,Cao
Hoa Kỳ,US,thời trang,backpack,450000,1.55,0.19,Cao
Hoa Kỳ,US,thời trang,new balance 530,368000,0.89,0.31,Cao
Hoa Kỳ,US,thời trang,basketball shoes,368000,0.76,0.18,Cao
Hoa Kỳ,US,thời trang,yeezys,368000,1.02,0.23,Cao
Hoa Kỳ,US,thời trang,sneakers,301000,2.90,0.35,Cao
Hoa Kỳ,US,thời trang,air force 1,246000,1.11,0.31,Cao
Hoa Kỳ,US,thời trang,adidas shoes,246000,1.13,0.29,Cao
Hoa Kỳ,US,thời trang,north face backpack,246000,0.67,0.01,Cao
Hoa Kỳ,US,thời trang,jansport backpack,246000,1.94,0.26,Cao
Hoa Kỳ,US,thời trang,golden goose shoes,246000,0.62,0.09,Cao
Hoa Kỳ,US,thời trang,nike dunks,201000,0.88,0.27,Cao
Hoa Kỳ,US,thời trang,new balance 574,201000,0.74,0.25,Cao
Hoa Kỳ,US,thời trang,air jordans,201000,0.95,0.20,Cao
Hoa Kỳ,US,thời trang,adidas campus,201000,0.41,0.25,Cao
Hoa Kỳ,US,thời trang,nike air force 1,165000,1.25,0.35,Cao
Hoa Kỳ,US,thời trang,new balance 550,165000,0.77,0.22,Cao
Hoa Kỳ,US,thời trang,barefoot shoes,165000,2.44,0.59,Cao
Hoa Kỳ,US,thời trang,lululemon backpack,165000,2.05,0.42,Cao
Hoa Kỳ,US,thời trang,adidas gazelle,135000,0.47,0.31,Cao
Hoa Kỳ,US,thời trang,skechers slip ins,135000,3.78,0.37,Cao
Hoa Kỳ,US,thời trang,puma shoes,135000,0.72,0.20,Cao
Hoa Kỳ,US,thời trang,new balance sneakers,135000,0.78,0.05,Cao
Hoa Kỳ,US,thời trang,jordan shoes,135000,0.84,0.19,Cao
Hoa Kỳ,US,thời trang,new balance 327,110000,0.85,0.32,Cao
Hoa Kỳ,US,thời trang,new balance 2002r,110000,0.89,0.28,Cao
Hoa Kỳ,US,thời trang,nike metcon,110000,1.45,0.36,Cao
Hoa Kỳ,US,thời trang,hiking shoes,110000,2.04,0.48,Cao
Hoa Kỳ,US,thời trang,nike backpack,110000,0.80,0.18,Cao
Hoa Kỳ,US,thời trang,skechers slip ons,90500,2.09,0.37,Cao
Hoa Kỳ,US,thời trang,nobull shoes,90500,2.49,0.48,Cao
Hoa Kỳ,US,thời trang,non slip shoes,90500,1.90,0.36,Cao
Hoa Kỳ,US,thời trang,adidas samba og,90500,1.00,0.36,Cao
Hoa Kỳ,US,thời trang,golden goose sneakers,74000,0.78,0.14,Cao
Hoa Kỳ,US,thời trang,adidas superstar,74000,0.57,0.28,Cao
Hoa Kỳ,US,thời trang,nike blazers,74000,1.36,0.39,Cao
Hoa Kỳ,US,thời trang,travel backpack,74000,1.39,0.28,Cao
Hoa Kỳ,US,thời trang,toddler shoes,74000,1.66,0.28,Cao
Hoa Kỳ,US,thời trang,vapormax,74000,1.27,0.32,Cao
Hoa Kỳ,US,thời trang,nike sneakers,74000,1.60,0.49,Cao
Hoa Kỳ,US,thời trang,yeezy shoes,74000,0.66,0.13,Cao
Hoa Kỳ,US,thời trang,reebok shoes,74000,1.50,0.29,Cao
Hoa Kỳ,US,thời trang,kids backpacks,74000,1.49,0.25,Cao
Hoa Kỳ,US,thời trang,nike shoes for men,74000,0.95,0.25,Cao
Hoa Kỳ,US,thời trang,lamelo ball shoes,74000,0.68,0.18,Cao
Hoa Kỳ,US,thời trang,coach backpack,74000,0.56,0.08,Cao
Hoa Kỳ,US,thời trang,nike womens shoes,74000,1.14,0.36,Cao
Hoa Kỳ,US,thời trang,kids backpack,74000,1.49,0.25,Cao
Hoa Kỳ,US,thời trang,mens sneakers,74000,2.21,0.35,Cao
Hoa Kỳ,US,thời trang,nike jordan,60500,1.08,0.26,Cao
Hoa Kỳ,US,thời trang,white sneakers,60500,1.90,0.37,Cao
Hoa Kỳ,US,thời trang,steel toe shoes,60500,3.47,0.61,Cao
Hoa Kỳ,US,thời trang,off white shoes,60500,0.44,0.04,Cao
Hoa Kỳ,US,thời trang,white shoes,60500,1.64,0.28,Cao
Hoa Kỳ,US,thời trang,new balance womens shoes,60500,1.37,0.27,Cao
Hoa Kỳ,US,thời trang,converse high tops,49500,0.76,0.10,Cao
Hoa Kỳ,US,thời trang,air jordan 1,49500,1.07,0.32,Cao
Hoa Kỳ,US,thời trang,best walking shoes for women,49500,1.52,0.24,Cao
Hoa Kỳ,US,thời trang,snkrs,49500,1.82,0.20,Cao
Hoa Kỳ,US,thời trang,black air force 1,49500,1.22,0.36,Cao
Hoa Kỳ,US,thời trang,yeezy foam runner,49500,0.97,0.25,Cao
Hoa Kỳ,US,thời trang,tumi backpack,49500,0.95,0.14,Cao
Hoa Kỳ,US,thời trang,shoes for women,49500,1.57,0.23,Cao
Hoa Kỳ,US,thời trang,alexander mcqueen shoes,49500,0.96,0.20,Cao
Hoa Kỳ,US,thời trang,plantar fasciitis shoes,49500,2.60,0.51,Cao
Hoa Kỳ,US,thời trang,under armour shoes,49500,0.97,0.41,Cao
Hoa Kỳ,US,thời trang,dior b22,49500,1.48,0.23,Cao
Hoa Kỳ,US,thời trang,patagonia backpack,49500,0.61,0.17,Cao
Hoa Kỳ,US,thời trang,nike air force 1 07,40500,1.87,0.49,Trung bình
Hoa Kỳ,US,thời trang,nike air jordan,40500,1.17,0.30,Cao
Hoa Kỳ,US,thời trang,rucksack,40500,1.32,0.29,Cao
Hoa Kỳ,US,thời trang,adidas sneakers,40500,0.68,0.29,Cao
Hoa Kỳ,US,thời trang,waterproof shoes,40500,2.72,0.52,Cao
Hoa Kỳ,US,thời trang,nursing shoes,40500,1.85,0.44,Cao
Hoa Kỳ,US,thời trang,baby shoes,40500,1.12,0.20,Cao
Hoa Kỳ,US,thời trang,sneakers for women,40500,2.25,0.33,Cao
Hoa Kỳ,US,thời trang,nike air max 1,40500,1.23,0.34,Cao
Hoa Kỳ,US,thời trang,backpacks for school,40500,1.42,0.20,Cao
Hoa Kỳ,US,thời trang,adidas gazelle womens,40500,0.60,0.29,Cao
Hoa Kỳ,US,thời trang,reebok club c 85,33100,1.45,0.47,Cao
Hoa Kỳ,US,thời trang,weekender bag,33100,2.32,0.40,Cao
Hoa Kỳ,US,thời trang,nike air max plus,33100,1.56,0.40,Cao
Hoa Kỳ,US,thời trang,puma sneakers,33100,0.75,0.23,Cao
Hoa Kỳ,US,thời trang,adidas stan smith,33100,1.04,0.31,Cao
Hoa Kỳ,US,thời trang,slip on shoes,33100,3.65,0.52,Cao
Hoa Kỳ,US,thời trang,best travel backpack,33100,1.08,0.34,Cao
Hoa Kỳ,US,thời trang,prada sneakers,33100,1.51,0.25,Cao
Hoa Kỳ,US,thời trang,platform sneakers,33100,1.28,0.27,Cao
Hoa Kỳ,US,thời trang,best shoes for standing all day,33100,1.96,0.33,Cao
Hoa Kỳ,US,thời trang,balenciaga sneakers,33100,0.92,0.18,Cao
Hoa Kỳ,US,thời trang,adidas backpack,33100,0.73,0.18,Cao
Hoa Kỳ,US,thời trang,fila shoes,33100,1.01,0.21,Cao
Hoa Kỳ,US,thời trang,gym shoes,33100,2.84,0.57,Cao
Hoa Kỳ,US,thời trang,non slip work shoes,33100,1.99,0.37,Cao
Hoa Kỳ,US,thời trang,slip resistant shoes,33100,2.00,0.36,Cao
Hoa Kỳ,US,thời trang,boys shoes,33100,1.51,0.30,Cao
Hoa Kỳ,US,thời trang,mens casual shoes,33100,1.99,0.42,Cao
Hoa Kỳ,US,thời trang,reebok classic,27100,1.07,0.30,Cao
Hoa Kỳ,US,thời trang,adidas nmd,27100,0.88,0.28,Cao
Hoa Kỳ,US,thời trang,laptop backpack,27100,1.26,0.31,Cao
Hoa Kỳ,US,thời trang,white sneakers women,27100,1.61,0.35,Cao
Hoa Kỳ,US,thời trang,converse chuck taylor,27100,0.85,0.26,Cao
Hoa Kỳ,US,thời trang,leather backpack,27100,1.86,0.48,Cao
Hoa Kỳ,US,thời trang,white converse,27100,0.82,0.28,Cao
Hoa Kỳ,US,thời trang,waterproof backpack,27100,0.92,0.28,Cao
Hoa Kỳ,US,thời trang,adidas ultraboost,27100,1.14,0.32,Cao
Hoa Kỳ,US,thời trang,air max 1,27100,1.00,0.26,Cao
Hoa Kỳ,US,thời trang,nike air force one,27100,1.37,0.39,Cao
Hoa Kỳ,US,thời trang,under armour backpack,27100,0.79,0.28,Cao
Hoa Kỳ,US,thời trang,toddler backpack,27100,1.09,0.25,Cao
Hoa Kỳ,US,thời trang,best shoes for nurses,27100,1.89,0.21,Cao
Hoa Kỳ,US,thời trang,mini backpack,27100,1.45,0.23,Cao
Hoa Kỳ,US,thời trang,platform converse,22200,0.71,0.23,Cao
Hoa Kỳ,US,thời trang,slip on sneakers,22200,3.96,0.53,Cao
Hoa Kỳ,US,thời trang,alexander mcqueen sneakers,22200,1.14,0.27,Cao
Hoa Kỳ,US,thời trang,off white sneakers,22200,0.57,0.04,Cao
Hoa Kỳ,US,thời trang,reebok nano,22200,3.03,0.48,Cao
Hoa Kỳ,US,thời trang,travel backpack for women,22200,1.30,0.33,Cao
Hoa Kỳ,US,thời trang,nike blazer mid 77,18100,1.52,0.43,Cao
Hoa Kỳ,US,thời trang,reebok club c,18100,1.53,0.47,Cao
Hoa Kỳ,US,thời trang,adidas yeezy,18100,1.12,0.25,Cao
Hoa Kỳ,US,thời trang,orthopedic shoes for women,18100,3.24,0.46,Cao
Hoa Kỳ,US,thời trang,waterproof sneakers,18100,3.08,0.53,Cao
Hoa Kỳ,US,thời trang,backpack for women,18100,1.36,0.26,Cao
Hoa Kỳ,US,thời trang,nike air force 1 black,18100,1.38,0.44,Cao
Hoa Kỳ,US,thời trang,lanvin sneakers,14800,1.26,0.29,Cao
Hoa Kỳ,US,thời trang,steve madden sneakers,14800,0.55,0.15,Cao
Hoa Kỳ,US,thời trang,veja sneakers women,14800,0.72,0.20,Cao
Hoa Kỳ,US,thời trang,new balance 237,14800,0.71,0.26,Cao
Hoa Kỳ,US,thời trang,loewe sneakers,14800,1.63,0.31,Cao
Hoa Kỳ,US,thời trang,air force 1 white,12100,1.28,0.38,Cao
Hoa Kỳ,US,thời trang,nike air force 1 women,12100,1.17,0.34,Cao
Hoa Kỳ,US,thời trang,nike air jordan 1,12100,1.23,0.34,Cao
Hoa Kỳ,US,thời trang,vintage havana sneakers,12100,0.57,0.12,Cao
Hoa Kỳ,US,thời trang,white leather sneakers,12100,2.02,0.40,Cao
Hoa Kỳ,US,thời trang,nike air vapormax plus,12100,1.72,0.50,Cao
Hoa Kỳ,US,thời trang,nike blazers women,9900,1.02,0.32,Cao
Hoa Kỳ,US,thời trang,nike dunk high,9900,1.01,0.33,Cao
Hoa Kỳ,US,thời trang,adidas nmd r1,9900,0.86,0.29,Cao
Hoa Kỳ,US,thời trang,fjallraven kanken,9900,0.46,0.08,Cao
Hoa Kỳ,US,thời trang,laptop backpack for women,9900,1.37,0.31,Cao
Hoa Kỳ,US,thời trang,nike court legacy lift,8100,0.97,0.38,Cao
Hoa Kỳ,US,thời trang,nike air force 1 07 lv8,8100,1.69,0.51,Cao
Hoa Kỳ,US,thời trang,rains backpack,8100,0.67,0.08,Cao
Hoa Kỳ,US,thời trang,dunks low,8100,0.84,0.25,Cao
Hoa Kỳ,US,thời trang,nike blazer low,8100,1.53,0.39,Cao
Hoa Kỳ,US,thời trang,white platform converse,6600,0.82,0.33,Cao
Hoa Kỳ,US,thời trang,black high top converse,6600,1.14,0.24,Cao
Hoa Kỳ,US,thời trang,nike metcon 8,5400,1.39,0.34,Cao
Hoa Kỳ,US,thời trang,air force 1 07,4400,1.38,0.41,Cao
Hoa Kỳ,US,thời trang,chloe sneakers,4400,1.90,0.46,Cao
Hoa Kỳ,US,thời trang,new balance trainers,2900,2.71,0.31,Cao
Hoa Kỳ,US,thời trang,boys school shoes,2900,1.42,0.30,Cao
Hoa Kỳ,US,thời trang,adidas trainers,2400,1.02,0.34,Cao
Hoa Kỳ,US,thời trang,adidas ultraboost 22,2400,0.97,0.28,Cao
Hoa Kỳ,US,thời trang,nike air force 1 shadow,1900,1.55,0.43,Cao
Hoa Kỳ,US,thời trang,new balance 5740,1900,1.01,0.20,Cao
Hoa Kỳ,US,thời trang,adidas astir,1600,0.96,0.23,Cao
Hoa Kỳ,US,điện tử,wireless earbuds,165000,3.21,0.32,Cao
Hoa Kỳ,US,điện tử,earbuds,165000,3.50,0.34,Cao
Hoa Kỳ,US,điện tử,samsung watches,110000,2.30,0.36,Cao
Hoa Kỳ,US,điện tử,smart watch,90500,3.21,0.44,Cao
Hoa Kỳ,US,điện tử,beats earbuds,90500,0.94,0.18,Cao
Hoa Kỳ,US,điện tử,bose ear buds,90500,1.08,0.31,Cao
Hoa Kỳ,US,điện tử,air buds,74000,3.50,0.38,Thấp
Hoa Kỳ,US,điện tử,true wireless earbuds,74000,2.57,0.19,Thấp
Hoa Kỳ,US,điện tử,raycon earbuds,60500,0.82,0.25,Cao
Hoa Kỳ,US,điện tử,apple earbuds,60500,1.28,0.35,Cao
Hoa Kỳ,US,điện tử,jbl earbuds,60500,0.58,0.15,Cao
Hoa Kỳ,US,điện tử,noise cancelling earbuds,49500,2.97,0.47,Cao
Hoa Kỳ,US,điện tử,jlab earbuds,49500,0.62,0.27,Cao
Hoa Kỳ,US,điện tử,rugged smartwatch,49500,2.79,0.65,Thấp
Hoa Kỳ,US,điện tử,beats fit pro,40500,0.87,0.22,Cao
Hoa Kỳ,US,điện tử,best earbuds,40500,2.75,0.29,Cao
Hoa Kỳ,US,điện tử,beats studio buds,40500,0.58,0.18,Cao
Hoa Kỳ,US,điện tử,earpods,40500,2.75,0.34,Cao
Hoa Kỳ,US,điện tử,skullcandy earbuds,40500,0.34,0.10,Cao
Hoa Kỳ,US,điện tử,best wireless earbuds,33100,1.61,0.31,Cao
Hoa Kỳ,US,điện tử,bose quietcomfort earbuds,33100,1.02,0.33,Cao
Hoa Kỳ,US,điện tử,sony earbuds,33100,0.93,0.30,Cao
Hoa Kỳ,US,điện tử,smartwatch,27100,3.18,0.41,Cao
Hoa Kỳ,US,điện tử,bluetooth earbuds,27100,2.95,0.33,Cao
Hoa Kỳ,US,điện tử,best noise cancelling earbuds,27100,2.07,0.30,Cao
Hoa Kỳ,US,điện tử,powerbeats pro,27100,0.76,0.22,Cao
Hoa Kỳ,US,điện tử,soundcore earbuds,27100,0.84,0.28,Cao
Hoa Kỳ,US,điện tử,samsung smart watch,22200,2.15,0.39,Cao
Hoa Kỳ,US,điện tử,android smartwatch,22200,1.68,0.33,Cao
Hoa Kỳ,US,điện tử,garmin smartwatch,18100,0.85,0.26,Cao
Hoa Kỳ,US,điện tử,smart watches for android,18100,2.04,0.33,Cao
Hoa Kỳ,US,điện tử,smart watches for men,14800,2.96,0.44,Cao
Hoa Kỳ,US,điện tử,best airpods,14800,1.23,0.36,Cao
Hoa Kỳ,US,điện tử,sleep earbuds,14800,2.75,0.99,Cao
Hoa Kỳ,US,điện tử,best headphones for running,14800,2.15,0.34,Cao
Hoa Kỳ,US,điện tử,powerbeats,14800,0.77,0.25,Cao
Hoa Kỳ,US,điện tử,samsung smartwatch,12100,2.31,0.36,Cao
Hoa Kỳ,US,điện tử,best headphones for working out,12100,2.94,0.33,Cao
Hoa Kỳ,US,điện tử,jabra earbuds,12100,1.10,0.24,Cao
Hoa Kỳ,US,điện tử,smart watch ladies,12100,3.22,0.42,Cao
Hoa Kỳ,US,điện tử,gaming earbuds,12100,0.62,0.20,Cao
Hoa Kỳ,US,điện tử,raycon everyday earbuds,12100,0.75,0.26,Cao
Hoa Kỳ,US,điện tử,tozo earbuds,12100,0.72,0.16,Cao
Hoa Kỳ,US,điện tử,best smartwatch,9900,3.18,0.32,Cao
Hoa Kỳ,US,điện tử,best bluetooth earbuds,9900,2.20,0.31,Cao
Hoa Kỳ,US,điện tử,sony linkbuds s,9900,1.20,0.33,Cao
Hoa Kỳ,US,điện tử,jlab go air pop,9900,0.58,0.21,Cao
Hoa Kỳ,US,điện tử,beats airpods,9900,1.17,0.16,Cao
Hoa Kỳ,US,điện tử,sony linkbuds,9900,1.20,0.33,Cao
Hoa Kỳ,US,điện tử,garmin smart watch,9900,0.85,0.26,Cao
Hoa Kỳ,US,điện tử,android watch,8100,1.76,0.30,Cao
Hoa Kỳ,US,điện tử,apple smart watch,8100,1.13,0.34,Cao
Hoa Kỳ,US,điện tử,best earbuds for working out,8100,2.54,0.34,Cao
Hoa Kỳ,US,điện tử,jbl wireless earbuds,8100,0.54,0.12,Cao
Hoa Kỳ,US,điện tử,waterproof earbuds,8100,0.63,0.18,Cao
Hoa Kỳ,US,điện tử,beats buds,8100,0.69,0.18,Cao
Hoa Kỳ,US,điện tử,beats powerbeats pro,8100,1.28,0.29,Cao
Hoa Kỳ,US,điện tử,earbuds for iphone,6600,1.05,0.28,Cao
Hoa Kỳ,US,điện tử,best smartwatch for android,6600,2.48,0.37,Cao
Hoa Kỳ,US,điện tử,best earbuds for android,6600,2.07,0.30,Cao
Hoa Kỳ,US,điện tử,jbl tune flex,6600,0.53,0.13,Cao
Hoa Kỳ,US,điện tử,best earbuds for running,6600,1.39,0.35,Cao
Hoa Kỳ,US,điện tử,beats wireless earbuds,6600,0.73,0.18,Cao
Hoa Kỳ,US,điện tử,google earbuds,6600,1.07,0.34,Cao
Hoa Kỳ,US,điện tử,tws earbuds,6600,1.56,0.15,Cao
Hoa Kỳ,US,điện tử,fossil smartwatch,5400,0.77,0.19,Cao
Hoa Kỳ,US,điện tử,smart watch women,5400,3.07,0.45,Cao
Hoa Kỳ,US,điện tử,wireless earphones,5400,3.09,0.31,Cao
Hoa Kỳ,US,điện tử,g shock smart watch,5400,0.75,0.10,Cao
Hoa Kỳ,US,điện tử,best smart watches,5400,3.08,0.28,Cao
Hoa Kỳ,US,điện tử,fitness watches for women,5400,3.07,0.42,Cao
Hoa Kỳ,US,điện tử,smartwatches,5400,3.33,0.44,Cao
Hoa Kỳ,US,điện tử,nice watches,5400,2.59,0.82,Cao
Hoa Kỳ,US,điện tử,sennheiser earbuds,5400,0.84,0.22,Cao
Hoa Kỳ,US,điện tử,bose sport earbuds,4400,1.03,0.29,Cao
Hoa Kỳ,US,điện tử,bose wireless earbuds,4400,1.15,0.26,Cao
Hoa Kỳ,US,điện tử,fitbit smartwatch,4400,1.27,0.33,Cao
Hoa Kỳ,US,điện tử,jbl airpods,4400,0.57,0.13,Cao
Hoa Kỳ,US,điện tử,bose earphones,4400,1.19,0.28,Cao
Hoa Kỳ,US,điện tử,ear buds on sale,4400,2.92,0.30,Cao
Hoa Kỳ,US,điện tử,skullcandy wireless earbuds,4400,0.45,0.10,Cao
Hoa Kỳ,US,điện tử,best earbuds for small ears,4400,1.07,0.29,Cao
Hoa Kỳ,US,điện tử,fitness watches for men,4400,3.08,0.52,Cao
Hoa Kỳ,US,điện tử,smart watches for iphone,4400,1.60,0.28,Cao
Hoa Kỳ,US,điện tử,best earbuds for iphone,4400,1.41,0.32,Cao
Hoa Kỳ,US,điện tử,samsung watches for women,4400,2.93,0.40,Cao
Hoa Kỳ,US,điện tử,axil earbuds,4400,1.20,0.51,Cao
Hoa Kỳ,US,điện tử,google pixel earbuds,4400,0.97,0.34,Cao
Hoa Kỳ,US,điện tử,michael kors smartwatch,3600,1.34,0.25,Cao
Hoa Kỳ,US,điện tử,jbl live pro 2,3600,0.62,0.15,Cao
Hoa Kỳ,US,điện tử,bose soundsport,3600,0.90,0.25,Cao
Hoa Kỳ,US,điện tử,earbuds for small ears,3600,1.50,0.28,Cao
Hoa Kỳ,US,điện tử,hybrid smartwatch,3600,2.34,0.24,Cao
Hoa Kỳ,US,điện tử,bose airpods,3600,1.13,0.34,Cao
Hoa Kỳ,US,điện tử,best smart watch for android,3600,2.87,0.41,Cao
Hoa Kỳ,US,điện tử,samsung watches for men,3600,3.08,0.43,Cao
Hoa Kỳ,US,điện tử,sony wireless earbuds,3600,1.14,0.35,Cao
Hoa Kỳ,US,điện tử,bose quietcomfort earbuds 2,2900,1.07,0.33,Cao
Hoa Kỳ,US,điện tử,bluetooth earphones,2900,3.12,0.28,Cao
Hoa Kỳ,US,điện tử,jabra elite,2900,1.34,0.33,Cao
Hoa Kỳ,US,điện tử,wireless earbuds for android,2900,2.38,0.30,Cao
Hoa Kỳ,US,điện tử,google smart watch,2900,1.88,0.31,Cao
Hoa Kỳ,US,điện tử,wireless earbuds for iphone,2900,1.25,0.28,Cao
Hoa Kỳ,US,điện tử,jlab go air,2900,0.69,0.22,Cao
Hoa Kỳ,US,điện tử,true wireless,2900,2.40,0.81,Trung bình
Hoa Kỳ,US,điện tử,bose qc earbuds 2,2900,1.07,0.33,Cao
Hoa Kỳ,US,điện tử,samsung fitness watch,2900,1.94,0.34,Cao
Hoa Kỳ,US,điện tử,waterproof earbuds for swimming,2900,0.82,0.26,Cao
Hoa Kỳ,US,điện tử,most comfortable earbuds,2900,2.34,0.28,Cao
Hoa Kỳ,US,điện tử,marshall earbuds,2900,1.13,0.33,Cao
Hoa Kỳ,US,điện tử,google smartwatch,2400,1.01,0.27,Cao
Hoa Kỳ,US,điện tử,earbuds for android,2400,2.09,0.28,Cao
Hoa Kỳ,US,điện tử,fit watch,2400,3.37,0.51,Cao
Hoa Kỳ,US,điện tử,best earphones,2400,2.77,0.34,Cao
Hoa Kỳ,US,điện tử,best wireless earbuds for android,2400,1.96,0.32,Cao
Hoa Kỳ,US,điện tử,sony earphones,2400,1.02,0.32,Cao
Hoa Kỳ,US,điện tử,android watch for women,2400,1.49,0.35,Cao
Hoa Kỳ,US,điện tử,samsung smart watches for men,2400,3.08,0.40,Cao
Hoa Kỳ,US,điện tử,tag heuer smartwatch,1900,0.70,0.10,Cao
Hoa Kỳ,US,điện tử,samsung galaxy smartwatch,1900,2.46,0.42,Cao
Hoa Kỳ,US,điện tử,phone watch,1900,3.33,0.94,Cao
Hoa Kỳ,US,điện tử,ticwatch,1900,2.14,0.06,Cao
Hoa Kỳ,US,điện tử,apple earbuds wireless,1900,1.42,0.35,Cao
Hoa Kỳ,US,điện tử,samsung smart watches for women,1900,2.84,0.39,Cao
Hoa Kỳ,US,điện tử,jabra elite 7 pro,1600,1.62,0.29,Cao
Hoa Kỳ,US,điện tử,jabra elite 75t,1600,1.06,0.23,Cao
Hoa Kỳ,US,điện tử,sony wf c500,1600,0.74,0.19,Cao
Hoa Kỳ,US,điện tử,tag connected,1600,2.85,0.64,Cao
Hoa Kỳ,US,điện tử,bose earbuds noise cancelling,1600,1.36,0.41,Cao
Hoa Kỳ,US,điện tử,lenovo earbuds,1600,0.84,0.15,Cao
Hoa Kỳ,US,điện tử,wear os watches,1600,1.30,0.26,Cao
Hoa Kỳ,US,điện tử,michael kors smartwatch women,1600,1.83,0.26,Cao
Hoa Kỳ,US,điện tử,smart band,1600,3.48,1.00,Cao
Hoa Kỳ,US,điện tử,galaxy smartwatch,1300,2.30,0.37,Cao
Hoa Kỳ,US,điện tử,jabra elite active 75t,1300,1.76,0.38,Cao
Hoa Kỳ,US,điện tử,fossil hybrid smartwatch,1300,0.78,0.23,Cao
Hoa Kỳ,US,điện tử,google pixel smartwatch,1300,0.97,0.29,Cao
Hoa Kỳ,US,điện tử,waterproof smart watch,1300,2.01,0.31,Cao
Hoa Kỳ,US,điện tử,jabra elite 3,1000,0.79,0.19,Cao
Hoa Kỳ,US,điện tử,smartwatch apple,1000,1.39,0.18,Cao
Hoa Kỳ,US,điện tử,xiaomi smartwatch,1000,0.73,0.16,Cao
Hoa Kỳ,US,điện tử,jabra elite 4,1000,1.20,0.33,Cao
Hoa Kỳ,US,điện tử,casio smartwatch,1000,1.09,0.15,Cao
Việt Nam,VN,gia dụng,ecovac,5400,0.33,0.08,Cao
Việt Nam,VN,gia dụng,air fryer,1900,0.33,0.04,Cao
Việt Nam,VN,làm đẹp,skin care,22200,1.36,0.12,Thấp
Việt Nam,VN,làm đẹp,wrinkle cream,9900,0.00,0.00,Thấp
Việt Nam,VN,làm đẹp,cerave moisturizing cream,4400,0.20,0.05,Cao
Việt Nam,VN,làm đẹp,moisturizer,4400,0.34,0.10,Cao
Việt Nam,VN,làm đẹp,body lotion,3600,0.27,0.10,Cao
Việt Nam,VN,làm đẹp,cetaphil gentle skin cleanser,2900,0.10,0.04,Cao
Việt Nam,VN,làm đẹp,serum niacinamid,2400,0.10,0.01,Cao
Việt Nam,VN,làm đẹp,cerave foaming cleanser,2400,0.21,0.06,Cao
Việt Nam,VN,làm đẹp,cerave hydrating cleanser,1900,0.24,0.07,Cao
Việt Nam,VN,làm đẹp,cerave foaming facial cleanser,1600,0.11,0.07,Cao
Việt Nam,VN,làm đẹp,cerave facial moisturizing lotion,1600,0.26,0.08,Cao
Việt Nam,VN,làm đẹp,paula's choice bha,1300,0.21,0.08,Cao
Việt Nam,VN,làm đẹp,nivea cream,1300,0.09,0.04,Cao
Việt Nam,VN,làm đẹp,hair dryer,1000,0.74,0.07,Cao
Việt Nam,VN,làm đẹp,olay 7in1,1000,0.10,0.04,Cao
Việt Nam,VN,làm đẹp,cetaphil moisturizing cream,1000,0.09,0.03,Cao
Việt Nam,VN,làm đẹp,cerave moisturizing lotion,1000,0.21,0.04,Cao
Việt Nam,VN,mẹ và bé,strollers,1600,1.50,0.75,Trung bình
Việt Nam,VN,nhà cửa,coffee machine,1300,0.37,0.05,Cao
Việt Nam,VN,nhà cửa,gemilai,1300,0.18,0.09,Cao
Việt Nam,VN,nhà cửa,best ergonomic office chair,1000,0.82,0.52,Cao
Việt Nam,VN,thú cưng,best dog food brands,1300,0.00,0.00,Thấp
Việt Nam,VN,thú cưng,good dog food brands,1300,0.00,0.00,Thấp
Việt Nam,VN,thể thao,ultraboost,3600,0.13,0.03,Cao
Việt Nam,VN,thể thao,asics gel kayano 14,2400,0.25,0.06,Cao
Việt Nam,VN,thể thao,adidas ultra boost,1600,0.13,0.03,Cao
Việt Nam,VN,thể thao,nike pegasus,1600,0.13,0.07,Cao
Việt Nam,VN,thể thao,hoka shoes,1300,0.17,0.03,Cao
Việt Nam,VN,thể thao,asics gel 1130,1000,0.21,0.07,Cao
Việt Nam,VN,thể thao,nike air zoom,1000,0.13,0.07,Cao
Việt Nam,VN,thể thao,nike running,1000,0.13,0.02,Cao
Việt Nam,VN,thời trang,sneakers,22200,0.17,0.01,Cao
Việt Nam,VN,thời trang,adidas sambas,18100,0.13,0.03,Cao
Việt Nam,VN,thời trang,newbalance 530,12100,0.13,0.03,Cao
Việt Nam,VN,thời trang,new balance 530,12100,0.13,0.03,Cao
Việt Nam,VN,thời trang,nike air force1,9900,0.11,0.01,Cao
Việt Nam,VN,thời trang,nike air force 1,9900,0.11,0.01,Cao
Việt Nam,VN,thời trang,backpack,8100,0.81,0.12,Cao
Việt Nam,VN,thời trang,air force 1,6600,0.14,0.01,Cao
Việt Nam,VN,thời trang,nike jordan,5400,0.11,0.01,Cao
Việt Nam,VN,thời trang,jordan1,4400,0.25,0.04,Cao
Việt Nam,VN,thời trang,adidas superstar,4400,0.13,0.04,Cao
Việt Nam,VN,thời trang,new balance 574,3600,0.13,0.04,Cao
Việt Nam,VN,thời trang,yeezys,3600,0.35,0.04,Cao
Việt Nam,VN,thời trang,newbalance 550,2900,0.14,0.09,Cao
Việt Nam,VN,thời trang,new balance 550,2900,0.14,0.09,Cao
Việt Nam,VN,thời trang,adidas campus,2400,0.15,0.06,Cao
Việt Nam,VN,thời trang,airjordan,2400,0.13,0.02,Cao
Việt Nam,VN,thời trang,nike blazers,2400,0.13,0.01,Cao
Việt Nam,VN,thời trang,rucksack,2400,0.40,0.15,Thấp
Việt Nam,VN,thời trang,shoe stores near me,2400,2.00,0.16,Trung bình
Việt Nam,VN,thời trang,air jordans,2400,0.13,0.02,Cao
Việt Nam,VN,thời trang,newbalance 2002r,1900,0.15,0.06,Cao
Việt Nam,VN,thời trang,new balance 2002r,1900,0.15,0.06,Cao
Việt Nam,VN,thời trang,adidas gazelle,1900,0.19,0.05,Cao
Việt Nam,VN,thời trang,nike air jordan,1900,0.12,0.01,Cao
Việt Nam,VN,thời trang,adidas stan smith,1900,0.15,0.06,Cao
Việt Nam,VN,thời trang,nike shoes,1600,0.24,0.02,Cao
Việt Nam,VN,thời trang,nike dunks,1600,0.13,0.01,Cao
Việt Nam,VN,thời trang,on shoes,1600,0.34,0.03,Cao
Việt Nam,VN,thời trang,adidas samba og,1300,0.16,0.05,Cao
Việt Nam,VN,thời trang,nb530,1300,0.15,0.03,Cao
Việt Nam,VN,thời trang,adidas shoes,1300,0.21,0.04,Cao
Việt Nam,VN,thời trang,basketball shoes,1000,0.18,0.02,Cao
Việt Nam,VN,thời trang,converse chuck taylor,1000,0.13,0.01,Cao
Việt Nam,VN,thời trang,nike air max 1,1000,0.15,0.05,Cao
Việt Nam,VN,thời trang,back pack,1000,1.19,0.17,Trung bình
Việt Nam,VN,điện tử,đồng hồ thông minh,40500,0.12,0.02,Cao
Việt Nam,VN,điện tử,samsung watches,4400,0.21,0.03,Cao
Việt Nam,VN,điện tử,smart watch,3600,0.13,0.01,Cao
Việt Nam,VN,điện tử,smartwatch,2900,0.14,0.02,Cao
Việt Nam,VN,điện tử,earbuds,2900,0.19,0.02,Cao
Việt Nam,VN,điện tử,earpods,2400,0.15,0.01,Cao
Việt Nam,VN,điện tử,oppo watch,1300,0.19,0.03,Cao
Việt Nam,VN,điện tử,garmin vivoactive 5,1000,0.11,0.03,Cao
Việt Nam,VN,điện tử,beats studio buds,1000,0.19,0.08,Cao
Việt Nam,VN,điện tử,jbl live pro 2,1000,0.10,0.06,Cao
